Date,Classical,Quantum,Quantum_Rebalanced
2023-03-15,0.9961948997130615,1.0008340184640456,1.0060849091789352
2023-03-16,0.9878967658319756,1.0016206226271676,0.9995812473448367
2023-03-17,0.9951548657455095,1.0047086987083793,1.0038058362749285
2023-03-20,0.9876404526407476,1.000795308758239,0.9937601109476181
2023-03-21,0.9969670761541434,1.000539111959781,0.9928565832645089
2023-03-22,1.0041393893189747,1.0028969752447878,0.981568723882881
2023-03-23,1.0046096358398695,1.0004867666237074,0.978927600870256
2023-03-24,0.9955119045275428,0.9942860438756594,0.9667321767995882
2023-03-27,0.983143162829876,0.987280866867276,0.952647312960899
2023-03-28,0.9749671252290901,0.9804686528103794,0.9431223875648164
2023-03-29,0.9940419892411072,1.005231462164147,0.9573479016008477
2023-03-31,1.0040542711833509,1.013456924332295,0.9502529097595673
2023-04-03,1.0078108449581875,1.0138710961980684,0.9386421413926236
2023-04-05,1.0148051300649386,1.0145051464609238,0.9394653120822695
2023-04-06,1.0177056151950516,1.0193754183611943,0.9483998029271153
2023-04-10,1.019443136395378,1.017379208602351,0.9477208959025198
2023-04-11,1.029198143827358,1.0219013512257642,0.9514770747810617
2023-04-12,1.0306085330444226,1.0373619082402672,0.9602427810596338
2023-04-13,1.0339772456244922,1.0404738498794601,0.9608958009261114
2023-04-17,1.0352687146127004,1.0429465230653108,0.9606364000113705
2023-04-18,1.0402206018270788,1.0415931434142063,0.9537905333105685
2023-04-19,1.039806441257259,1.0375636014227716,0.9579383107004015
2023-04-20,1.0354655377628785,1.038205591253748,0.9632205153797245
2023-04-21,1.0355879533168062,1.0430427994484113,0.9764102800108562
2023-04-24,1.0312969803552685,1.0461248354248796,0.9876526030950302
2023-04-25,1.0253382929479875,1.0486155927473566,0.9929534952402392
2023-04-26,1.0226629584502858,1.0479705532363874,1.0036368458046856
2023-04-27,1.0297459088330727,1.0444734656751136,1.01130544204381
2023-04-28,1.042129718445394,1.05259440023713,1.025240054858175
2023-05-02,1.0480747745772905,1.0528531826360252,1.031516525304725
2023-05-03,1.0484795885080258,1.0543325839896749,1.0241792566789063
2023-05-04,1.0522486540634088,1.0619915334080574,1.0209326330375796
2023-05-05,1.049635407094161,1.0581735976879585,1.0216685177137366
2023-05-08,1.0552678560513509,1.0611416707711845,1.0265561844260909
2023-05-09,1.054120567773725,1.0593481388213288,1.0168496195062258
2023-05-10,1.0569210197787673,1.0624661531481256,1.0239217088679864
2023-05-11,1.0649085142712345,1.0685978218306023,1.029805027532324
2023-05-12,1.0688141318198292,1.075768909350988,1.0283362623408168
2023-05-15,1.0657782380965959,1.0808207953014939,1.029927526178179
2023-05-16,1.0736068118315174,1.0800835268340747,1.0318434713465952
2023-05-17,1.0727544336985455,1.0787735417891224,1.0294348232831894
2023-05-18,1.0694516566641779,1.0722144465317778,1.0260137431977165
2023-05-19,1.069138240803152,1.072649386521393,1.027519460246658
2023-05-22,1.0659017504879027,1.0642646008246506,1.038281042740472
2023-05-23,1.0694154056675995,1.0710154074056282,1.0389638570616297
2023-05-24,1.0661276470260614,1.068004783714066,1.03701322999999
2023-05-25,1.0665335455781648,1.06713526856888,1.054118821876469
2023-05-26,1.07061790034531,1.0670688170211176,1.0686879676268217
2023-05-29,1.0753793004389953,1.0734344488506524,1.071006861436248
2023-05-30,1.079725872697222,1.078117015948954,1.0676610694809514
2023-05-31,1.086915924816771,1.0779169033935565,1.0651658281274512
2023-06-01,1.0880642794503572,1.081204813120849,1.061054318587098
2023-06-02,1.0900390493266716,1.0830468594267453,1.0665068278338001
2023-06-05,1.1026238723394213,1.084226986004773,1.0674784420414272
2023-06-06,1.1115544906360233,1.0888486347860304,1.0740012135342234
2023-06-07,1.1267163257317203,1.0947798826482298,1.078714504107994
2023-06-08,1.129782669096014,1.0885882710702623,1.0727378112365493
2023-06-09,1.1216262581770322,1.0792061191154025,1.0784944293326268
2023-06-12,1.1218117953083333,1.08521881955437,1.0798343476463181
2023-06-13,1.1312305214623282,1.095647123158296,1.0909637896469004
2023-06-14,1.1394468426395343,1.0971894989863462,1.0962585417584194
2023-06-15,1.140977968017025,1.0948415897511004,1.093424525273177
2023-06-16,1.1511097578977065,1.0959398304128236,1.097314424292863
2023-06-19,1.1528202965428875,1.0972671480604839,1.1022762698650612
2023-06-20,1.1553174269739834,1.0991174173900975,1.11864098995299
2023-06-21,1.1609504384286187,1.099040925498848,1.1184572892014233
2023-06-22,1.1519616268315058,1.101163808436404,1.1123099912590775
2023-06-23,1.1328163115388876,1.0893611917456256,1.110334883062177
2023-06-26,1.136982615213966,1.0862162090099665,1.1156592054010077
2023-06-27,1.135745753583031,1.086189870429683,1.1179269996572365
2023-06-28,1.1421886695511811,1.0945974348481067,1.130458327439615
2023-06-30,1.1419347260861628,1.095041903008527,1.1373247827527273
2023-07-03,1.1398905419663408,1.095897829548637,1.1395446248467187
2023-07-04,1.1374513387995209,1.093419965945308,1.1364824107929825
2023-07-05,1.1381764252917868,1.091828552290708,1.143228959589123
2023-07-06,1.1363466669088906,1.091884063233277,1.14345304892208
2023-07-07,1.1291481015041493,1.0809212620693829,1.1386467080840577
2023-07-10,1.1158059395072824,1.0743771933666657,1.1325713020334485
2023-07-11,1.1112748750730252,1.0790050318859217,1.1460673627285825
2023-07-12,1.1122739187144692,1.0826246099615011,1.1431053433291898
2023-07-13,1.1125477483713024,1.087139657476476,1.1385617836998398
2023-07-14,1.1178324962803434,1.096993031793984,1.1431788562587075
2023-07-17,1.127933681261183,1.0973064418500305,1.1416230137055257
2023-07-18,1.131293443417749,1.103280261707768,1.139749653252568
2023-07-19,1.1377613572963132,1.1043604610532312,1.1501905073606558
2023-07-20,1.1362736265270963,1.101921823132975,1.1518682435480663
2023-07-21,1.133783017414401,1.0956689142749176,1.1461047029219356
2023-07-24,1.137952059374267,1.1011529801942121,1.1548668650257778
2023-07-25,1.1465972557680137,1.1061405533236883,1.1674488058022734
2023-07-26,1.1467865768537855,1.1082941188627717,1.1759103776336877
2023-07-27,1.1514488780326717,1.1067957244323536,1.1865533417375231
2023-07-28,1.1577677932323025,1.0996470911727856,1.1964771923065813
2023-07-31,1.1671670223939286,1.1126433478081963,1.2095815791825109
2023-08-01,1.175886326545768,1.1232234405916377,1.2035597816490218
2023-08-02,1.1814219107516415,1.1187886936642817,1.1979204669375203
2023-08-03,1.1831381747347678,1.122891517827694,1.1955791903418647
2023-08-04,1.1918576412440383,1.1273912323359891,1.1936484441451887
2023-08-07,1.1990300973420962,1.1352121888739408,1.181988926051712
2023-08-08,1.2044228936350392,1.1390342973526548,1.1782159163898946
2023-08-09,1.2052564044745764,1.138889484132039,1.1846928551427864
2023-08-10,1.2128077109642368,1.1409111080588357,1.179380290239651
2023-08-11,1.2117475115409584,1.1446621093815372,1.172760468629394
2023-08-14,1.2105800503956934,1.1480148871641573,1.163993719190151
2023-08-16,1.2094920556615802,1.1565084073187668,1.1664281940612606
2023-08-17,1.2155280236311883,1.1614482160240436,1.1591472488811752
2023-08-18,1.2135768806580847,1.1571095373614604,1.158474795867517
2023-08-21,1.2205090114173298,1.1595204338752694,1.1638279040803952
2023-08-22,1.2210956611078494,1.162945813746757,1.1673633216368158
2023-08-23,1.22342190930212,1.1617140481102823,1.1652483891389396
2023-08-24,1.2224755737103248,1.167675884227531,1.1603136228324669
2023-08-25,1.2255873993801352,1.1668454455328798,1.1460214371157136
2023-08-28,1.2409375467487438,1.1760797225127597,1.1550096322146168
2023-08-29,1.2544487151364485,1.179292824416051,1.1600144337897111
2023-08-30,1.2596159550251855,1.1819246661338985,1.162778682010248
2023-08-31,1.2583855821574037,1.1730595380363098,1.1612679568369408
2023-09-01,1.2514789825490038,1.1668665244191776,1.1599338257825944
2023-09-04,1.2558332349137635,1.1710187951186704,1.1725238882842115
2023-09-05,1.2613109783585825,1.18249326095807,1.1774725155701542
2023-09-06,1.257973100137687,1.184861930746444,1.1776700341712103
2023-09-07,1.2632779584065679,1.1898591648403718,1.1891529980860382
2023-09-08,1.2684808867397386,1.196963342035125,1.1958794215574116
2023-09-11,1.273951858411597,1.1984955184222288,1.2080054507841311
2023-09-12,1.2391687390847814,1.181953974698112,1.187451642881565
2023-09-13,1.2476557092619815,1.1746660586488877,1.1965721025663925
2023-09-14,1.2556918860830801,1.1722020158772553,1.19959525747578
2023-09-15,1.2423180827092477,1.1709536470573085,1.2034888074277492
2023-09-18,1.2293567576162352,1.1692922497709408,1.2038793324292407
2023-09-20,1.230016933915342,1.166996354295071,1.2086619783464805
2023-09-21,1.2262379648058395,1.1619132326702921,1.1946913770575205
2023-09-22,1.2207068034296094,1.16226224487695,1.1915409349830468
2023-09-25,1.2114597028050447,1.1608566183066247,1.189512200255279
2023-09-26,1.208008443971986,1.1611663454294843,1.178066662663709
2023-09-27,1.2253000641169929,1.1694321449868417,1.2002025954193247
2023-09-28,1.2187840586696064,1.1603725049566633,1.2005883158248878
2023-09-29,1.2205962979414586,1.168410390559024,1.2179087303993004
2023-10-03,1.2299864956758626,1.1670054716487535,1.2130085227760858
2023-10-04,1.2193918603713307,1.1635493882191605,1.1934693648336039
2023-10-05,1.218658623855303,1.1640878683870504,1.189285322094534
2023-10-06,1.2252078309410077,1.1743338242691856,1.196589019144013
2023-10-09,1.2151366474020224,1.1750095116567674,1.1824864395226915
2023-10-10,1.2223628391927361,1.1772662166604662,1.1907239424920015
2023-10-11,1.2246680112781319,1.1885491134575157,1.197334350219002
2023-10-12,1.2351165845498104,1.1890525194534516,1.199893771441196
2023-10-13,1.2344349671682542,1.1907387521549102,1.1999044777051762
2023-10-16,1.2316433901786097,1.1913801487853064,1.2045697159148319
2023-10-17,1.2336182659321187,1.2007786484336547,1.2029292038036448
2023-10-18,1.2390615140318468,1.1981502970643556,1.1957997154336515
2023-10-19,1.235086320925518,1.1958580612899385,1.1934645327978197
2023-10-20,1.2290014531404698,1.1908069502731602,1.1790465559898717
2023-10-23,1.2003902502610924,1.1662236923035196,1.1526792966629558
2023-10-25,1.1891844071365567,1.1656036835240962,1.1404601683860758
2023-10-26,1.1912864523463915,1.1550085199785045,1.138084053727923
2023-10-27,1.2039989647344358,1.16311991353764,1.1502552593128126
2023-10-30,1.20041565727194,1.1742393926971753,1.157293939053205
2023-10-31,1.2063127598826195,1.1710643082337835,1.1594044161207917
2023-11-01,1.2097592847094722,1.172916596866869,1.1599868831195432
2023-11-02,1.203359056962753,1.1729634452344524,1.1712202864648005
2023-11-03,1.2226768371449055,1.1823378139606555,1.1790227931500508
2023-11-06,1.2233316882706229,1.1886188039832617,1.1845294290710318
2023-11-07,1.24069729467952,1.1960303227489448,1.188501699187353
2023-11-08,1.246344477904354,1.2043372704881996,1.1980370210607847
2023-11-09,1.261768172269104,1.199236907703807,1.2050164124511797
2023-11-10,1.259755376171929,1.2010834247297228,1.2252384607554785
2023-11-12,1.2688162723810736,1.2078584040098788,1.2379472105590874
2023-11-13,1.2658828010064826,1.202218615834998,1.237093655211938
2023-11-15,1.285894863945058,1.2131694106756252,1.252642828646745
2023-11-16,1.2936471488598889,1.2187919067316593,1.2613955325815167
2023-11-17,1.3052429648296326,1.2409634040391424,1.2654735263433887
2023-11-20,1.3037317779322417,1.232991734643124,1.2748944847111419
2023-11-21,1.303131526695415,1.231659986844293,1.2735785759487037
2023-11-22,1.291460976333668,1.2237697187989962,1.2980447011158094
2023-11-23,1.305347393732177,1.230163326969275,1.2984648401494816
2023-11-24,1.3041316386250725,1.2311433295335068,1.290955785191576
2023-11-28,1.2930638986600065,1.2300298573632036,1.2825866343738017
2023-11-29,1.2996986014210963,1.2275669209409905,1.2922859332588017
2023-11-30,1.3024852455679548,1.2389760559707055,1.3020955400856458
2023-12-01,1.3063725596452125,1.2410043237340531,1.3241324015454843
2023-12-04,1.3042429827055042,1.2540634689598578,1.3388484543037333
2023-12-05,1.303660581023528,1.2411770289659494,1.3395463062710802
2023-12-06,1.317895804492134,1.2507148605603635,1.3417065650042233
2023-12-07,1.322907237064167,1.2537795679811525,1.343516914587004
2023-12-08,1.3143619194620424,1.2499687732346163,1.333352849141613
2023-12-11,1.317864843117609,1.256574790050093,1.3397734761194635
2023-12-12,1.2997002204361685,1.2459680649601474,1.3356437159252685
2023-12-13,1.2984409186445374,1.2511324275271674,1.3570712045507847
2023-12-14,1.3033189092717372,1.2614829255838844,1.3674504906555114
2023-12-15,1.3129307202197036,1.2670511524132309,1.3653946429700448
2023-12-18,1.3080262308938364,1.2702223667652561,1.3671330036092972
2023-12-19,1.302979700072587,1.266582148186836,1.3645031328401742
2023-12-20,1.2831970765104297,1.2575676195040233,1.3269238639272938
2023-12-21,1.2917013053494768,1.258822046857115,1.3377792837442632
2023-12-22,1.3034353242945953,1.2706618819269189,1.3488800808672856
2023-12-26,1.3209128613237737,1.2817906189091501,1.37056749536948
2023-12-27,1.3250264521387833,1.2900057598918089,1.3757788975659087
2023-12-28,1.3198346342963794,1.288598796938428,1.384064178687951
2023-12-29,1.32826906908237,1.2923570521878813,1.3924999385262866
2024-01-01,1.3414943125797958,1.288602233055515,1.4036519451079206
2024-01-02,1.3396779827471217,1.2842589094227403,1.4072069165133556
2024-01-03,1.3360189404364684,1.2817463398182753,1.4114130232100293
2024-01-04,1.3401649435638292,1.2794971304300937,1.4232530438063213
2024-01-05,1.3454040853409805,1.277745135397902,1.4321832620751838
2024-01-08,1.3307508202295846,1.2798651217193862,1.4484538100493134
2024-01-09,1.3330091608511525,1.2732536053956591,1.4552249222909392
2024-01-10,1.3264254172664347,1.2726631623142899,1.4534866940969897
2024-01-11,1.3499563789060967,1.2832920523376217,1.4627365578894913
2024-01-12,1.3482892253680598,1.2840132946256873,1.4705793181065623
2024-01-15,1.3486049402790568,1.282012671913583,1.4826109747561393
2024-01-16,1.3458930472498192,1.2788562891760629,1.4723808024874314
2024-01-17,1.330295817318717,1.2630901788532654,1.4624732631971065
2024-01-18,1.3191318461567654,1.2606099585557655,1.4658734484213545
2024-01-19,1.323612500604328,1.269331645253439,1.4902882749115927
2024-01-20,1.322328140887063,1.2623906697993519,1.4826198809994118
2024-01-23,1.3002736802672619,1.2533481013401715,1.4336749029614375
2024-01-24,1.3050165785970638,1.2578695800713653,1.4689674358616371
2024-01-25,1.2905621924277295,1.2476990595709283,1.4632374012605052
2024-01-29,1.2888859097450875,1.2593857852511636,1.4966411703714
2024-01-30,1.2804832692881698,1.2491581429088505,1.4988192552231456
2024-01-31,1.312107310688128,1.262390888932345,1.5231587007385416
2024-02-01,1.3019294922066673,1.259707754402235,1.5058548096374555
2024-02-02,1.3014943293706138,1.2603389782347152,1.5248860919960467
2024-02-05,1.289755182022115,1.262319632989953,1.5167813277187647
2024-02-06,1.3134852044478786,1.2678353041566397,1.5539185376984517
2024-02-07,1.3149123665834204,1.2752280770498188,1.5928938640007368
2024-02-08,1.3022944666380154,1.2671867040444336,1.589376531619744
2024-02-09,1.2848284299207706,1.261419867645839,1.5893074491275796
2024-02-12,1.265394172517334,1.2478053940327813,1.5553209144633149
2024-02-13,1.2745091841431595,1.2556549252281637,1.5634576924766128
2024-02-14,1.273011447714109,1.2527912951742086,1.571376442940472
2024-02-15,1.2774644137390312,1.2457329744886712,1.592776659333307
2024-02-16,1.2918560566021133,1.2568714502344591,1.6009233243339622
2024-02-19,1.2856704300248225,1.262994761462602,1.5934823816097163
2024-02-20,1.2806014238313888,1.260998401083677,1.5834356135338186
2024-02-21,1.283848302729216,1.2616298482577164,1.565434243765274
2024-02-22,1.2860864384056905,1.258422849592949,1.5777561939132623
2024-02-23,1.2855515577543175,1.267108113208511,1.5801496459125297
2024-02-26,1.2833266617511376,1.265310361109868,1.5834630850579683
2024-02-27,1.2880968452455985,1.2716830425144554,1.5734137400159072
2024-02-28,1.2720102611190158,1.2563552643660298,1.5512153535789162
2024-02-29,1.2842721757025817,1.2659764915523863,1.5596690790594685
2024-03-01,1.287347959697423,1.2664113639094532,1.5793641184054663
2024-03-02,1.2874757955273453,1.2694795918373651,1.602103748099411
2024-03-04,1.2844052785804503,1.2701494147378003,1.6005285670210874
2024-03-05,1.2976187568524835,1.2708817914362114,1.5901845063589384
2024-03-06,1.2736781279032245,1.250846381793288,1.5800392052106143
2024-03-07,1.2801054980277025,1.2581974633694506,1.5978296662642117
2024-03-11,1.2723794104555992,1.2646058867594763,1.5961413985816473
2024-03-12,1.2575551850562587,1.2562441243501445,1.5730021433306607
2024-03-13,1.2236986985811242,1.2219359846157527,1.5125089864324988
2024-03-14,1.2487928445766476,1.254422407387932,1.5378393305599687
2024-03-15,1.276090367322144,1.261800279790333,1.512728352675624
2024-03-18,1.2767879478669029,1.2524501732592936,1.501355667157083
2024-03-19,1.270352310999143,1.2439221093485227,1.4739956872246875
2024-03-20,1.2684073911271974,1.244236259722837,1.4766093778829412
2024-03-21,1.2901688047077569,1.2693546365950612,1.5152232164714599
2024-03-22,1.304672948504912,1.2784362626958734,1.5354640708403315
2024-03-26,1.2970262115780262,1.2684535153043022,1.5442362424540153
2024-03-27,1.2753170811635097,1.2591700083537942,1.5401324791902768
2024-03-28,1.276939786978384,1.2663385301676588,1.5654146134365787
2024-04-01,1.292430851837139,1.2680187013862476,1.5733086762536386
2024-04-02,1.3051984177818494,1.2726341882537455,1.5817615915230132
2024-04-03,1.326426900613142,1.273565595914708,1.5912979887011498
2024-04-04,1.3303056837699745,1.266936590180162,1.582234072257991
2024-04-05,1.328790109334483,1.272680292519493,1.5843637133032902
2024-04-08,1.3214531832288263,1.2788263127957982,1.573908071989499
2024-04-09,1.3196080341741927,1.279410214717405,1.5577561206966826
2024-04-10,1.3245400628067625,1.286369644226855,1.5648207119279771
2024-04-12,1.3225806887623366,1.2815193217656495,1.5450937971262309
2024-04-15,1.3127760930936052,1.2647631310078815,1.5270477728099203
2024-04-16,1.3059506760354616,1.2668521306364604,1.5303081419639293
2024-04-18,1.3105630752122643,1.2756339346861016,1.533529670741871
2024-04-19,1.3091338083938024,1.2711565448589053,1.5258696116079051
2024-04-22,1.3087898455753155,1.2848181852811842,1.5500047055717927
2024-04-23,1.3258416993862716,1.2969470563142635,1.5618721488813212
2024-04-24,1.3311180468668244,1.3027536586859394,1.5575318362939188
2024-04-25,1.3315929224951475,1.2970105088714745,1.5638659576347564
2024-04-26,1.3399162086039127,1.2999474857887798,1.5838735693187793
2024-04-29,1.3520119816122882,1.3215373359951517,1.5836238510733909
2024-04-30,1.359007811628325,1.324509209481756,1.5912475491474676
2024-05-02,1.3547021523834963,1.3155454780587528,1.6108574637080755
2024-05-03,1.3667277738198407,1.3262246063862437,1.6048430958651043
2024-05-06,1.3648054854153362,1.336991738066326,1.606224470578332
2024-05-07,1.3480943490948916,1.3349091117784875,1.5649363919397674
2024-05-08,1.355764680348213,1.3354053687353264,1.5802447069608119
2024-05-09,1.3434844485435553,1.3279396081329036,1.5636008037868983
2024-05-10,1.3461433377415424,1.3337245868174006,1.580801114373453
2024-05-13,1.3492473650571146,1.3346807207444042,1.572859699993779
2024-05-14,1.356788936469533,1.3346876607000036,1.5752375441266906
2024-05-15,1.3542318827865458,1.3360309049939765,1.5781017610521044
2024-05-16,1.3610105290470442,1.345550975707678,1.5904212950162915
2024-05-17,1.3861059869700576,1.3631818794132367,1.6198148122722607
2024-05-18,1.3952756074621682,1.3680095246216453,1.6429141544744934
2024-05-21,1.401038457009425,1.3754601572850502,1.635853603872334
2024-05-22,1.4231725788313303,1.392740302797908,1.6359296147335673
2024-05-23,1.428880309019471,1.4009807203709292,1.660628470404987
2024-05-24,1.4294079894007048,1.398006622049668,1.6455610495520365
2024-05-27,1.421418956219309,1.394999264545565,1.6321502592724881
2024-05-28,1.4139902595644624,1.4023131421356771,1.6176554393317473
2024-05-29,1.4125703432255894,1.4072839265349504,1.614431474335104
2024-05-30,1.397212548077453,1.3973049440011795,1.5904169192839546
2024-05-31,1.3900946397507095,1.379629675473972,1.5953801822098221
2024-06-03,1.4104628387005165,1.3948889554872153,1.647351469579058
2024-06-04,1.351136856493087,1.367101293226786,1.5553266800835166
2024-06-05,1.3876823680626786,1.4064522103692685,1.62241389258772
2024-06-06,1.4132598350914678,1.426299139393724,1.6434120110068902
2024-06-07,1.4329003916550336,1.4577264648767592,1.6686946566152956
2024-06-10,1.450544316129709,1.4801674147863562,1.6736385373198477
2024-06-11,1.4611216401552682,1.4858192050759569,1.6877196587320824
2024-06-12,1.4661005350583662,1.4923263113612877,1.7019882294005928
2024-06-13,1.4837813438673397,1.493831415614989,1.7178585847648085
2024-06-14,1.4996456188647667,1.4982800328368588,1.7354351249983078
2024-06-18,1.5130781510087958,1.5093176970848101,1.7327915127599465
2024-06-19,1.5024721980755367,1.501731082995542,1.7020409853224534
2024-06-20,1.5196356702438427,1.5010975726335278,1.7054585455864841
2024-06-21,1.537629707687342,1.4938822259543205,1.7105152408739217
2024-06-24,1.5351022795301286,1.4996797353889455,1.7158692817204517
2024-06-25,1.5303884527930551,1.4952257284116544,1.704318819127458
2024-06-26,1.52220190187656,1.4851864238614445,1.692107123885018
2024-06-27,1.5082275233543396,1.4755167906658038,1.6946315118578315
2024-06-28,1.51170263875554,1.4803605768549495,1.6992513189808514
2024-07-01,1.5247744450609146,1.4908251521450286,1.715155208927329
2024-07-02,1.5470481504955484,1.5156502851043319,1.719039125464748
2024-07-03,1.5501385873936888,1.5228806634294643,1.7361794925862528
2024-07-04,1.5695876777225255,1.5383653182406798,1.7572462601904588
2024-07-05,1.5706335983897328,1.5472431491729695,1.7764605672626927
2024-07-08,1.5655226903750314,1.5430164042490873,1.7651382700082263
2024-07-09,1.5568031057866893,1.5476070217704883,1.7780518083904238
2024-07-10,1.5540154018382406,1.5490873871903954,1.7662994756690356
2024-07-11,1.549486328291275,1.5409848352833888,1.7602316320679632
2024-07-12,1.540418347089693,1.5406857752626204,1.7555475554698474
2024-07-15,1.544197713206581,1.5473928219820328,1.764206517843739
2024-07-16,1.5484580538633463,1.5522109504762849,1.7713806375435794
2024-07-18,1.5333881941999925,1.5474239191392023,1.7602638622978144
2024-07-19,1.5045388231621357,1.5286257234455733,1.7264664032634278
2024-07-22,1.5180400508270926,1.5373428702060388,1.7203013895713042
2024-07-23,1.5234622900862023,1.5389688838585283,1.730532023062292
2024-07-24,1.5384039695555192,1.5297512229310704,1.7464333503772094
2024-07-25,1.532402393310242,1.5247600030642658,1.7614206165117225
2024-07-26,1.5654895204090342,1.565193538414159,1.7942748510951854
2024-07-29,1.5735521468220777,1.558484803757933,1.8214127670851212
2024-07-30,1.595535006102984,1.558103100020744,1.845198687509302
2024-07-31,1.6059156983024543,1.5644042985726414,1.8630528131150366
2024-08-01,1.595882214225903,1.552766848929608,1.8812017755111774
2024-08-02,1.586751603637041,1.5445609241240286,1.888920881883279
2024-08-05,1.5536135954300874,1.5075368884808933,1.8539217227219869
2024-08-06,1.5563139229368397,1.5087936536502669,1.8262494278430013
2024-08-07,1.5952573577929297,1.5296997842621816,1.8612376625181852
2024-08-08,1.6054061806324003,1.5284743735390829,1.8682903810440605
2024-08-09,1.6162245999914302,1.535709299025422,1.8966241278260019
2024-08-12,1.6086217069341038,1.5168508221707189,1.894224091495459
2024-08-13,1.585820602644886,1.5055018626310237,1.889208306502326
2024-08-14,1.5758786502670568,1.5109184980752706,1.8822614213347644
2024-08-16,1.5956126108194437,1.531453600501099,1.9072105182518684
2024-08-19,1.5912824453437386,1.5280510820606492,1.9155204700768753
2024-08-20,1.5922822409821757,1.5335175184971976,1.9119629793163657
2024-08-21,1.6043239400034452,1.5422696082720824,1.909264443500868
2024-08-22,1.6150773823203148,1.545608962701468,1.913487083914725
2024-08-23,1.6195726777513797,1.5444551924799526,1.929587144580279
2024-08-26,1.6084808666249653,1.5439374956786742,1.9238612666247492
2024-08-27,1.6170733810132714,1.5486739099162683,1.929801114850523
2024-08-28,1.6179894587357995,1.548613368338157,1.957540561278677
2024-08-29,1.6130480969863696,1.5421839963748867,1.940685900521893
2024-08-30,1.6306121660791422,1.5562450220132242,1.9604747829814901
2024-09-02,1.6331329991871193,1.5514296906719787,1.9430754616085384
2024-09-03,1.633849184808505,1.546092691488487,1.9396948330255948
2024-09-04,1.6413156721309978,1.5425924517689675,1.9391602737880518
2024-09-05,1.653553937610379,1.5386529216616562,1.9263323292001087
2024-09-06,1.6601965349859646,1.5457019766770252,1.9075467346002268
2024-09-09,1.6436106835487716,1.5451761493476561,1.922767337292403
2024-09-10,1.6545630377508826,1.5511426655482867,1.959284782592259
2024-09-11,1.6490763277489557,1.5621346432516041,1.9685585560290944
2024-09-12,1.6514617449543125,1.582890140521338,1.9928211293656937
2024-09-13,1.6471858824614787,1.5751766443603834,1.9965193418853038
2024-09-16,1.6216407779792938,1.5676879347970858,1.9916855158915738
2024-09-17,1.6165155220863014,1.5684324309899704,1.986668230695051
2024-09-18,1.6145934363743573,1.553415028924907,1.9542951831333748
2024-09-19,1.624854413690844,1.5690193021419632,1.9441404769766322
2024-09-20,1.6328263519451405,1.59703517369963,1.9568958211695975
2024-09-23,1.634370803657062,1.5993888405761267,1.9895851826875937
2024-09-24,1.6501510320409658,1.5947205812023273,1.9953483937019352
2024-09-25,1.648522423254466,1.5883141332967503,1.988118919752301
2024-09-26,1.6417333194201702,1.5960252970996531,1.991438698234226
2024-09-27,1.6503142488124811,1.6090620259337398,1.99474739428629
2024-09-30,1.6454381008822139,1.6060218918213363,1.9600747277248058
2024-10-01,1.665129889215347,1.6071318892733517,1.9529118097512588
2024-10-03,1.6498038717256298,1.580780706039337,1.9239909789814955
2024-10-04,1.6257942454110454,1.5629415030418325,1.905504482775937
2024-10-07,1.5891162803336558,1.5459406426966809,1.867349227615767
2024-10-08,1.6192901622006608,1.5630682411140155,1.9101565088159298
2024-10-09,1.6277944656525962,1.570453415227747,1.942086689813375
2024-10-10,1.6341107166552786,1.5648382408573336,1.927225618780188
2024-10-11,1.6310519639184118,1.5687476985488085,1.9456040943133814
2024-10-14,1.6367757627072153,1.5728317509985963,1.9447393132710276
2024-10-15,1.649742126986711,1.581234389197428,1.9476118583959154
2024-10-16,1.65355873887847,1.5845977614128197,1.948976626351635
2024-10-17,1.623497257929772,1.560903282260689,1.8846777539106252
2024-10-18,1.6278721664265496,1.5618125832522307,1.889515453723312
2024-10-21,1.6078500140284895,1.5541539530379602,1.874642669477363
2024-10-22,1.5622748657293342,1.507711383095486,1.834172078510645
2024-10-23,1.567243049689882,1.5050065803849761,1.8393917245431683
2024-10-24,1.5531687299821975,1.4786999618335013,1.8045680559638058
2024-10-25,1.5289140837948663,1.4685324333464194,1.7898131660044618
2024-10-28,1.527108718871896,1.4618734343554667,1.7724701035202115
2024-10-29,1.5292806855424685,1.4621039088188303,1.7568182619150485
2024-10-30,1.5611182837275948,1.4768972607074908,1.7559251487267382
2024-10-31,1.5739978920675393,1.4751513055440206,1.7568045811099322
2024-11-01,1.5911078509671859,1.479350897481282,1.7728324633188042
2024-11-04,1.5586555898001506,1.4583695418683527,1.7419434246586731
2024-11-05,1.5662179792803694,1.4633848223734003,1.7600187723465357
2024-11-06,1.587363134033928,1.4884470855584244,1.7968205043699192
2024-11-07,1.583991579383562,1.4938780128571063,1.764291232558907
2024-11-08,1.5556644004307882,1.493400367461045,1.7423979174802022
2024-11-11,1.5388525909383142,1.4831233840163867,1.7355997382101294
2024-11-12,1.5228632654502938,1.4707329629966313,1.710266704790372
2024-11-13,1.4892617061536018,1.4462541337186727,1.6752126044030817
2024-11-14,1.5048635810995472,1.4572854303668352,1.6868554602553278
2024-11-18,1.4989732189967995,1.4744783213039103,1.697020596636599
2024-11-19,1.5046914458809093,1.4741430602647108,1.7075890397099698
2024-11-21,1.4982177606278733,1.4736936117428319,1.7060220032439768
2024-11-22,1.5009428029891378,1.4972320522824496,1.7204953236944913
2024-11-25,1.5241342604710602,1.518822721069452,1.747679539501601
2024-11-26,1.5272125808030537,1.5132147053088914,1.7445513185607213
2024-11-27,1.533789670072817,1.5120659951721815,1.7502915381803807
2024-11-28,1.5426432872068492,1.5136830609566392,1.7411123069690246
2024-11-29,1.5525558055252744,1.5283618779328814,1.739164109416518
2024-12-02,1.5535186949037434,1.5324820938230246,1.759732933873108
2024-12-03,1.5693176263896162,1.549704811390011,1.766651474498445
2024-12-04,1.576841556229616,1.5449407545040568,1.7637601471672735
2024-12-05,1.5717357082680328,1.549203957567358,1.769138302974246
2024-12-06,1.564195514353261,1.5488096447439088,1.7785476081687888
2024-12-09,1.56589340929378,1.552095611109974,1.780098809636939
2024-12-10,1.5627118217292328,1.554206670066689,1.7762106716105708
2024-12-11,1.5544860970100711,1.5532271807413838,1.7890318261646452
2024-12-12,1.542721249298523,1.5351009644598446,1.7745079920030056
2024-12-13,1.5274170404528613,1.5373512021391034,1.790972217339086
2024-12-16,1.5351406618973815,1.5496665552957247,1.7989169345793297
2024-12-17,1.5145168030684466,1.5478646287200617,1.7720542523375618
2024-12-18,1.5054620346189707,1.5375938178740722,1.7624819935676967
2024-12-19,1.494465270402416,1.531635782329106,1.7660294506245706
2024-12-20,1.4615622050199033,1.492544781988617,1.7218277948724325
2024-12-23,1.4461089248800152,1.4813460235539122,1.7144322667139025
2024-12-24,1.462996319211925,1.4929790278884791,1.7138210044782347
2024-12-26,1.4617438904280085,1.5000544549121646,1.7322691170187006
2024-12-27,1.4818246498056675,1.5112536380959898,1.7492599131977862
2024-12-30,1.4573981572763766,1.4912873753548546,1.7838032025321011
2024-12-31,1.4660617983395154,1.5067238745659721,1.7811309808084776
2025-01-01,1.4808473895694463,1.5078989287385072,1.7901424162878148
2025-01-02,1.4788606282786685,1.5281174347913933,1.8051725577961097
2025-01-03,1.4722890165087765,1.515621332146304,1.8020249023767478
2025-01-06,1.4493861296286852,1.4814051925449416,1.7646067324114676
2025-01-07,1.465836043506141,1.488656381859695,1.7758159995752927
2025-01-08,1.452836574286462,1.4814906169182283,1.7577625573929712
2025-01-09,1.4615350704625019,1.4819317306108806,1.728671865005812
2025-01-10,1.4231006715682482,1.4580800302145853,1.6902013691152937
2025-01-13,1.3741018451668203,1.4149305365077787,1.6315130635421369
2025-01-14,1.3924806505113616,1.42192627809697,1.640684314992374
2025-01-15,1.4034532378173055,1.4348975111245512,1.6256722671059662
2025-01-16,1.4152295070244014,1.440020943021799,1.6199936882363946
2025-01-17,1.4187021073633526,1.4400369309450685,1.6142558665987319
2025-01-20,1.4207497269929688,1.4282823618115703,1.6139663399778044
2025-01-21,1.4088676894994443,1.4170754236686949,1.589231209468536
2025-01-22,1.3905688261206852,1.4138097573289927,1.5774222195261318
2025-01-23,1.4090691887542077,1.4349510794132578,1.5858934090462578
2025-01-24,1.3870614237276242,1.4175254785439557,1.556431923645024
2025-01-27,1.3527912138082046,1.3918245720321782,1.5069901020156569
2025-01-28,1.3238229603371172,1.3874246737734577,1.4944453574306553
2025-01-29,1.360529391395902,1.4226914209262032,1.541762530549464
2025-01-30,1.3848186442539057,1.4296976053233341,1.534278650026567
2025-01-31,1.4102992152667173,1.455005486451964,1.5384323244005211
2025-02-01,1.4230639221647705,1.4531413073034207,1.5492227953571316
2025-02-03,1.4231807943433799,1.4548590584902665,1.5465908595807691
2025-02-04,1.4232858802457697,1.4633634615394768,1.5489363010550357
2025-02-05,1.4373034982353408,1.4577536522014658,1.574663413892403
2025-02-06,1.421407970907934,1.4383867872225253,1.5823121996194842
2025-02-07,1.4075594774939812,1.4402623040856843,1.614188687772214
2025-02-10,1.3865171318408118,1.431968020554832,1.6105516435031435
2025-02-11,1.3412698692354286,1.388818136544633,1.5936232870889504
2025-02-12,1.3292344408298031,1.382151346402851,1.6136502232121874
2025-02-13,1.31333757733106,1.3666431322119785,1.6060187121688856
2025-02-14,1.2917592372927242,1.3505131914233093,1.5997405758020125
2025-02-17,1.2834035323966664,1.3410546626530464,1.5876265510830365
2025-02-18,1.2860857433762998,1.329542433733201,1.5629399550540288
2025-02-19,1.299367606993858,1.3379867593254118,1.5547983939044627
2025-02-20,1.3043624958290214,1.3541025570572014,1.5583330082289548
2025-02-21,1.2974855037655684,1.351685203300455,1.5394621669768749
2025-02-24,1.266459540372392,1.3445692749201126,1.5145209494902312
2025-02-25,1.2628755342059814,1.342281835966474,1.5108614309714157
2025-02-27,1.2525950216195176,1.3341345450192104,1.5150085330087406
2025-02-28,1.2337203862033592,1.3005719284638393,1.4814418169870602
2025-03-03,1.23412931256655,1.323090844537719,1.4872738338746616
2025-03-04,1.2602369758158505,1.3076228017996192,1.4976303463759781
2025-03-05,1.2933639168765727,1.3335914184847288,1.5321165990039636
2025-03-06,1.3134254624040012,1.3470801830642758,1.5346427665393776
2025-03-07,1.316609688228024,1.3492808459837649,1.5325312747766642
2025-03-10,1.3060706684966563,1.3482904134514773,1.5178092590600147
2025-03-11,1.2940953907553296,1.3436954264345482,1.5270184540845904
2025-03-12,1.2938489683766057,1.3419857520539837,1.5200780094815147
2025-03-13,1.2940683566263256,1.3411639890353144,1.508351888185995
2025-03-17,1.2972791756969673,1.3440831242576847,1.5130042980533074
2025-03-18,1.3205717791590934,1.3640154736730012,1.543456339542033
2025-03-19,1.333895909188375,1.3762653077416227,1.5504447888580493
2025-03-20,1.3518542806249048,1.4011673762110475,1.5599145079396444
2025-03-21,1.373428709984927,1.4010533757148798,1.559959574372898
2025-03-24,1.386225384519908,1.4157482617473762,1.5837962791305715
2025-03-25,1.3708576136789865,1.4176030101081847,1.5801042318039262
2025-03-26,1.3614990590636518,1.4109233339977567,1.5651920495532143
2025-03-27,1.360108712269061,1.4385716913259654,1.5817064458786583
2025-03-28,1.3474241463282086,1.4248376383918266,1.593197866862262
2025-04-01,1.3477219673395857,1.4066229748858823,1.5759282062495312
2025-04-02,1.3618773947058809,1.41650350090764,1.5865969748722673
2025-04-03,1.3573061946672091,1.4228863626852348,1.5875903499731734
2025-04-04,1.3089057898084555,1.3908531941037616,1.5599390689267976
2025-04-07,1.2586067654533528,1.3482623761470276,1.5086013622996273
2025-04-08,1.2882012792462767,1.374808614308456,1.5253615312544946
2025-04-09,1.2801871041457231,1.369376719598807,1.5253987253405752
2025-04-11,1.3273843042279292,1.4041670435655245,1.5396533101264092
2025-04-15,1.3627153840219643,1.44776965719738,1.5734574777445551
2025-04-16,1.3775120816336313,1.4585718783255186,1.5726333886728936
2025-04-17,1.391292294786296,1.4678050097584965,1.589272727862479
2025-04-21,1.4001656492354018,1.4860889849150574,1.6149717901268454
2025-04-22,1.41619449879754,1.4941087203086945,1.631510931412233
2025-04-23,1.4169232350027046,1.5036205329621517,1.6509289937772482
2025-04-24,1.4305744738311739,1.4974094701340863,1.6663305120871967
2025-04-25,1.4002093555328212,1.4757783067979104,1.6533625403124919
2025-04-26,1.4002093555328212,1.4757783067979104,1.6493273942943187
2025-04-28,1.413578259092094,1.492504468153216,1.6689780468146258
2025-04-29,1.4146712770443057,1.4887805649020307,1.6687206685880147
2025-04-30,1.402192267597005,1.4824072551927598,1.6659500916022378
2025-05-02,1.3925842576547447,1.4662006982109046,1.6526513987916496
2025-05-05,1.4069033279789953,1.4833631369508333,1.6552349159670152
2025-05-06,1.3932862735368432,1.4783182791072895,1.6569962770619693
2025-05-07,1.4084931553800502,1.4868838109250726,1.654435277812905
2025-05-08,1.4008828093248094,1.4703228957631254,1.630048167201097
2025-05-09,1.4044089733153353,1.470522192001929,1.618995578453142
2025-05-12,1.434073794886439,1.5077800973429183,1.6671033741164087
2025-05-13,1.4477706902683563,1.5099783944661116,1.671408841251013
2025-05-14,1.4541335344283448,1.5166263024446727,1.6964482185194392
2025-05-15,1.4627801291266989,1.525439426384007,1.7270209353381902
2025-05-16,1.4789498596744919,1.5361986123300386,1.738774490087779
2025-05-19,1.483521541098321,1.548362802802554,1.7725281725217243
2025-05-20,1.463261834067134,1.5205877386886977,1.7512643488754787
2025-05-21,1.484382030279258,1.5440703989493143,1.7529936285064802
2025-05-22,1.4984038051560558,1.5557870539506742,1.7628306992883556
2025-05-23,1.5014970548866808,1.5615402677484072,1.7654996514604517
2025-05-26,1.5140803202201853,1.576124283979411,1.7738803183979779
2025-05-27,1.511241773948758,1.5772499513551104,1.7588430065375054
2025-05-28,1.5122601821923078,1.5679370081147477,1.7478526810389692
2025-05-29,1.5209223015492752,1.5767769592043694,1.742064249036795
2025-05-30,1.5078527582365622,1.562015151001391,1.73276246048799
2025-06-02,1.5192639803274073,1.5654228336852924,1.73387957569169
2025-06-03,1.5235541901978211,1.569625145810491,1.7372302869847283
2025-06-04,1.541229768803552,1.5853626391363416,1.7635203948075309
2025-06-05,1.547480306228437,1.5886004807198306,1.7677713136711697
2025-06-06,1.545589753037394,1.589745299638346,1.7747031011849412
2025-06-09,1.5618327495108424,1.6015571455378006,1.7722982687064177
2025-06-10,1.559496624174839,1.6041310798633224,1.7691379488964898
2025-06-11,1.5620500126278403,1.5979588794818382,1.7546108543205357
2025-06-12,1.5621350634876079,1.5902781893378108,1.7435824126223003
2025-06-13,1.5498054684633793,1.5888524436636462,1.7382291278155122
2025-06-16,1.5465976849236565,1.5991739581769178,1.7345868619667655
2025-06-17,1.5445812720543293,1.605739067503973,1.7184549013956991
2025-06-18,1.543318230998059,1.5981362234479066,1.714642178751174
2025-06-19,1.518224013980085,1.5792156203122925,1.6990127217782913
2025-06-20,1.5293626782673697,1.585204205530733,1.716989661833756
2025-06-23,1.539572176611511,1.5878665136140435,1.7236792799152556
2025-06-24,1.5505577483052355,1.6058970315911438,1.7366036244950487
2025-06-25,1.5718459793031185,1.6179942241651566,1.751575587509347
2025-06-26,1.5643883959196494,1.6237583111049676,1.7728354193099027
2025-06-27,1.5696458479113953,1.6358946035673179,1.7909115294977838
2025-06-30,1.5960432175575696,1.6464129574570976,1.8064867537435239
2025-07-01,1.5812508823600895,1.6360424608049262,1.8056882283991849
2025-07-02,1.5831508552748916,1.6215557852770224,1.8298466243307887
2025-07-03,1.5883572689445506,1.6210803130946176,1.8392629495823365
2025-07-04,1.5966165707856868,1.6247416132130832,1.8534114980221112
2025-07-07,1.616907149065889,1.6362884810493614,1.846466923452093
2025-07-08,1.6143503278663056,1.6307657393199761,1.836269850766916
2025-07-09,1.6157334567348134,1.630528024941818,1.8257006389210855
2025-07-10,1.6051977071996326,1.6127303600485237,1.8046541550156447
2025-07-11,1.5864561847521303,1.603515248543547,1.7788950704985618
2025-07-14,1.584020318246211,1.6079688878772047,1.7867272764633544
2025-07-15,1.5986861912800912,1.6233276585688456,1.7964133454491216
2025-07-16,1.600226270941421,1.6173317990123524,1.7834426768904363
2025-07-17,1.613408033783704,1.6257321511892093,1.7792574814378228
2025-07-18,1.5875216877076843,1.6113867128451071,1.7618905851241775
2025-07-21,1.5857881925997623,1.6033106987923817,1.7580561042365128
2025-07-22,1.5814038963102437,1.606185812426547,1.7594675096621792
2025-07-23,1.573044108185936,1.6030488841223673,1.7623730066761074
2025-07-24,1.5748006682279954,1.5987724043888234,1.7560871782850236
2025-07-25,1.54661139513372,1.582824795837303,1.7489332932007027
2025-07-28,1.5335810852514082,1.5772072874263494,1.742476029808296
2025-07-29,1.5436923113884367,1.5868793529190306,1.763531225048932
2025-07-30,1.5553584412798789,1.5939313823068149,1.769401704136158
2025-07-31,1.5342003825730843,1.5935197333536963,1.7646010554897271
2025-08-01,1.5112650474206344,1.5745301897970203,1.7337971428692975
2025-08-04,1.510074820156338,1.5797606800275938,1.7586874542062876
2025-08-05,1.5110116720855677,1.5776500960728597,1.7843334713749301
2025-08-06,1.4873402571271022,1.5669380853269375,1.800526889985703
2025-08-07,1.4838656850720893,1.5651553396547149,1.8169114319262967
2025-08-08,1.4551804994624293,1.5398482079632487,1.8074190957622227
2025-08-11,1.4648165054747708,1.5533662382383984,1.8182162556620984
2025-08-12,1.462600154367906,1.5380786890504814,1.8112053214053137
2025-08-13,1.4630827825130919,1.5427089392655229,1.832107934715089
2025-08-14,1.4646245143711538,1.5440722646283276,1.8253677312868268
2025-08-18,1.490462762023941,1.5824536739771786,1.8629230523147902
2025-08-19,1.4955519049567791,1.5905669807596687,1.8864411356586972
2025-08-20,1.4921691256031777,1.586559648272701,1.9370126349306596
2025-08-21,1.4980446772275966,1.5871550193824189,1.9725685728754498
2025-08-22,1.5010614676151477,1.5867385620593037,1.9807570052259627
2025-08-25,1.4960682958011982,1.5901708922844051,1.976083304322814
2025-08-26,1.4650330327678271,1.5773492710686172,1.926652470235079
2025-08-28,1.4445849963233277,1.558225058698642,1.8863111098102676
2025-08-29,1.4487968955959434,1.5519871843103246,1.910338169501151
2025-09-01,1.4581358777465212,1.5655259934737809,1.9387266963697252
2025-09-02,1.4625046557132175,1.573528647971857,1.9569318068418764
2025-09-03,1.4785392234891543,1.5834324214011153,1.988806624368997
2025-09-04,1.4744989712050736,1.575448256238479,1.9998200045384404
2025-09-05,1.465115183982802,1.5688802158579933,2.027051248864836
2025-09-08,1.4617107986907762,1.5698138831360706,2.040179630678381
2025-09-09,1.4617422874701034,1.5690620407488307,2.072602001898772
2025-09-10,1.4691113339231336,1.5671860494073448,2.0848118231409414
2025-09-11,1.4694678079947632,1.5678773570312978,2.0910476494528605
2025-09-12,1.4720864584367204,1.5776445031004411,2.084295153531541
2025-09-15,1.4753506606298445,1.5796450579168304,2.1135671577421955
2025-09-16,1.486690662761008,1.596651183345637,2.155775192489997
2025-09-17,1.4997487741029403,1.59514553436152,2.1758887033708207
2025-09-18,1.496857460027444,1.5929935187407127,2.169503360946974
2025-09-19,1.4847912308917324,1.592665837558408,2.1820932769842174
2025-09-22,1.4705581386540487,1.5802589965331215,2.1813584848656085
2025-09-23,1.4593758273261017,1.5654289939614339,2.173694316340989
2025-09-24,1.4494706392546826,1.5624076074600735,2.1684915125175146
2025-09-25,1.4512018760169605,1.555487357545652,2.1627745013896993
2025-09-26,1.4249512409213527,1.538473003418001,2.155619033200529
2025-09-29,1.4287994566256539,1.5390101982821687,2.1930315460772634
