Date,Classical,Quantum,Quantum_Rebalanced
2023-03-15,0.9961948997130615,0.9985525992303359,1.006700769548
2023-03-16,0.9878967658319756,1.0013170147900359,1.0002572509454242
2023-03-17,0.9951548657455095,1.0085399058091473,1.0060202964341745
2023-03-20,0.9876404526407476,1.003907473919271,0.9957304196806668
2023-03-21,0.9969670761541434,1.0063255225041663,0.9955536335678115
2023-03-22,1.0041393893189747,1.0088382087715984,0.9845251551404572
2023-03-23,1.0046096358398695,1.0022142517930959,0.9824455566835518
2023-03-24,0.9955119045275428,0.9987441367710921,0.9698794028887806
2023-03-27,0.983143162829876,0.9967713391328357,0.9561658656812777
2023-03-28,0.9749671252290901,0.9930070366596065,0.9483271341255456
2023-03-29,0.9940419892411072,1.0085129847859673,0.9628807030465515
2023-03-31,1.0040542711833509,1.0162994808404813,0.9554689958212665
2023-04-03,1.0078108449581875,1.013682909721277,0.9437128773827449
2023-04-05,1.0148051300649386,1.0233628230737335,0.9446173718643511
2023-04-06,1.0177056151950516,1.0273906572118765,0.9531521764157693
2023-04-10,1.019443136395378,1.0264795093035561,0.9508346010634782
2023-04-11,1.029198143827358,1.0269073536673612,0.9542845055334536
2023-04-12,1.0306085330444226,1.0328070138814347,0.9629399821442716
2023-04-13,1.0339772456244922,1.0306424497322084,0.9643118120654333
2023-04-17,1.0352687146127004,1.0364301892784062,0.9665477158431849
2023-04-18,1.0402206018270788,1.0378155932294664,0.9616181409537247
2023-04-19,1.039806441257259,1.028566091081209,0.9654358854624583
2023-04-20,1.0354655377628785,1.0227928936395998,0.9693004871209235
2023-04-21,1.0355879533168062,1.029253639186362,0.9824732628090385
2023-04-24,1.0312969803552685,1.0291158280083683,0.9949937190053159
2023-04-25,1.0253382929479875,1.0303146027499124,1.0007218940119478
2023-04-26,1.0226629584502858,1.0291958223460418,1.0110963430965498
2023-04-27,1.0297459088330727,1.0290344022511342,1.0184505444848364
2023-04-28,1.042129718445394,1.0470800890946432,1.0327521986357682
2023-05-02,1.0480747745772905,1.0490788846358399,1.0395694821580377
2023-05-03,1.0484795885080258,1.053322264954083,1.033018898438009
2023-05-04,1.0522486540634088,1.0631662748007524,1.0290536879998464
2023-05-05,1.049635407094161,1.0602309572759694,1.0306565738350866
2023-05-08,1.0552678560513509,1.0664987478634356,1.032989400472798
2023-05-09,1.054120567773725,1.0645009444005553,1.020873227377317
2023-05-10,1.0569210197787673,1.061649113879419,1.0267472557544457
2023-05-11,1.0649085142712345,1.0664398487097013,1.0328590905334583
2023-05-12,1.0688141318198292,1.0713935624251392,1.0311960112336465
2023-05-15,1.0657782380965959,1.0706301856891365,1.0322447398576975
2023-05-16,1.0736068118315174,1.0689700869740948,1.0351168163541338
2023-05-17,1.0727544336985455,1.0659396404628838,1.0320539116904988
2023-05-18,1.0694516566641779,1.058490649545169,1.0286667358049602
2023-05-19,1.069138240803152,1.0651450931272286,1.0296930836947948
2023-05-22,1.0659017504879027,1.0671332372838191,1.0405998760061086
2023-05-23,1.0694154056675995,1.0729310104422947,1.0409111666384099
2023-05-24,1.0661276470260614,1.072625610697366,1.0388610399031064
2023-05-25,1.0665335455781648,1.0736859005768633,1.054304202460625
2023-05-26,1.07061790034531,1.0750802638442623,1.0685683782356368
2023-05-29,1.0753793004389953,1.0782831910380088,1.069507745887691
2023-05-30,1.079725872697222,1.0829840141588871,1.0648991884027508
2023-05-31,1.086915924816771,1.0968118326761658,1.0624661224593106
2023-06-01,1.0880642794503572,1.0915772984775416,1.059170469850673
2023-06-02,1.0900390493266716,1.0943048044685917,1.0650222024696283
2023-06-05,1.1026238723394213,1.096768113237478,1.0644827108111383
2023-06-06,1.1115544906360233,1.1052445513920321,1.070936101270041
2023-06-07,1.1267163257317203,1.1206788555488187,1.075915297543114
2023-06-08,1.129782669096014,1.1146992340184678,1.0702570150474802
2023-06-09,1.1216262581770322,1.1079252905332757,1.0761971966704047
2023-06-12,1.1218117953083333,1.1171355041000286,1.075949979123591
2023-06-13,1.1312305214623282,1.1239079086732269,1.0876290912507993
2023-06-14,1.1394468426395343,1.126705346938104,1.0930478822771201
2023-06-15,1.140977968017025,1.126052035431548,1.0900283336315513
2023-06-16,1.1511097578977065,1.1363608502467681,1.0944245478257342
2023-06-19,1.1528202965428875,1.1323742430257733,1.0868933516892156
2023-06-20,1.1553174269739834,1.1386440677187222,1.1008923988223611
2023-06-21,1.1609504384286187,1.1422362123642191,1.1060323968497594
2023-06-22,1.1519616268315058,1.1382609031666497,1.097476049174747
2023-06-23,1.1328163115388876,1.126076153784571,1.0854593124620002
2023-06-26,1.136982615213966,1.1222857448526407,1.0900221092718152
2023-06-27,1.135745753583031,1.1197010454952872,1.0921887129723957
2023-06-28,1.1421886695511811,1.1308413266065078,1.0991973841801421
2023-06-30,1.1419347260861628,1.132427682186887,1.1093544273732283
2023-07-03,1.1398905419663408,1.1256945288968505,1.1159496507449884
2023-07-04,1.1374513387995209,1.1276204693469445,1.1151558158636565
2023-07-05,1.1381764252917868,1.1306522939944736,1.1256475072233514
2023-07-06,1.1363466669088906,1.1315313469970762,1.1306409576732297
2023-07-07,1.1291481015041493,1.1155798343201442,1.1219548386781668
2023-07-10,1.1158059395072824,1.1040728127351194,1.1205333861236844
2023-07-11,1.1112748750730252,1.1097948103559554,1.1321342238089838
2023-07-12,1.1122739187144692,1.1123420532429003,1.1331151835579174
2023-07-13,1.1125477483713024,1.1187852760964405,1.1306935209154374
2023-07-14,1.1178324962803434,1.1273036625322213,1.1397711309613705
2023-07-17,1.127933681261183,1.131862357034832,1.1386575698757349
2023-07-18,1.131293443417749,1.1349198309788207,1.1419045886601766
2023-07-19,1.1377613572963132,1.1351921822432622,1.1480367145478128
2023-07-20,1.1362736265270963,1.1336297580429977,1.1499661451948167
2023-07-21,1.133783017414401,1.1281346392237857,1.1437979164260246
2023-07-24,1.137952059374267,1.1351814519854597,1.138902322772707
2023-07-25,1.1465972557680137,1.1417716403795897,1.1430245646948898
2023-07-26,1.1467865768537855,1.1462122597819657,1.1477977786166045
2023-07-27,1.1514488780326717,1.1377163559132573,1.14854345608456
2023-07-28,1.1577677932323025,1.1270010547985416,1.1510421082028137
2023-07-31,1.1671670223939286,1.1398804136206195,1.1578958975230362
2023-08-01,1.175886326545768,1.1444280517059287,1.1570656054264368
2023-08-02,1.1814219107516415,1.1426038271584453,1.1476799092633143
2023-08-03,1.1831381747347678,1.1394202892384464,1.1428590727229972
2023-08-04,1.1918576412440383,1.14919460692796,1.1408947963150173
2023-08-07,1.1990300973420962,1.1613962951661518,1.1340918533436675
2023-08-08,1.2044228936350392,1.1651249127715755,1.1293190155109096
2023-08-09,1.2052564044745764,1.1672882057967942,1.1365219277612852
2023-08-10,1.2128077109642368,1.1723998998126646,1.1337179335947836
2023-08-11,1.2117475115409584,1.1800518291339088,1.1199681604143759
2023-08-14,1.2105800503956934,1.1789800863504478,1.1171095221430927
2023-08-16,1.2094920556615802,1.1887934663913484,1.1325621478306631
2023-08-17,1.2155280236311883,1.196910675181894,1.1371520964708495
2023-08-18,1.2135768806580847,1.1895576878805303,1.1374700043924182
2023-08-21,1.2205090114173298,1.187999691126393,1.1379036043237345
2023-08-22,1.2210956611078494,1.1911965318380664,1.1399835681960397
2023-08-23,1.22342190930212,1.1933349657771737,1.1319710037124933
2023-08-24,1.2224755737103248,1.200171748105876,1.127622791045886
2023-08-25,1.2255873993801352,1.1955043132992154,1.1111399538830187
2023-08-28,1.2409375467487438,1.2057464749795122,1.1124178701201923
2023-08-29,1.2544487151364485,1.212313884481993,1.117006290945892
2023-08-30,1.2596159550251855,1.2152490749143547,1.1261112496169845
2023-08-31,1.2583855821574037,1.2032942455706768,1.1254783793915408
2023-09-01,1.2514789825490038,1.2011535375002214,1.1243627745072857
2023-09-04,1.2558332349137635,1.2090420968068099,1.1385719008549957
2023-09-05,1.2613109783585825,1.2218710796444399,1.1462884885515965
2023-09-06,1.257973100137687,1.2285376488445616,1.157197464635056
2023-09-07,1.2632779584065679,1.2383791038425807,1.1652942223556662
2023-09-08,1.2684808867397386,1.2484503015132478,1.1756117237724066
2023-09-11,1.273951858411597,1.2552480688834349,1.1752782466080773
2023-09-12,1.2391687390847814,1.2306834103567408,1.1524778576733905
2023-09-13,1.2476557092619815,1.2186905979594536,1.162225617398161
2023-09-14,1.2556918860830801,1.2190134227054956,1.1691907743508294
2023-09-15,1.2423180827092477,1.21780082397053,1.172906596248269
2023-09-18,1.2293567576162352,1.2121306982969853,1.1716478656568514
2023-09-20,1.230016933915342,1.203202934222226,1.1769993753074421
2023-09-21,1.2262379648058395,1.1954264283222429,1.1636358297182923
2023-09-22,1.2207068034296094,1.190617281137315,1.1649363304244793
2023-09-25,1.2114597028050447,1.1897320564887546,1.1623707222948474
2023-09-26,1.208008443971986,1.1883917783190507,1.1498004622110585
2023-09-27,1.2253000641169929,1.202554385576107,1.1670753385152568
2023-09-28,1.2187840586696064,1.193089635137272,1.1654373720425597
2023-09-29,1.2205962979414586,1.2060216470740361,1.1822192492123131
2023-10-03,1.2299864956758626,1.2019473946260038,1.1738435094283566
2023-10-04,1.2193918603713307,1.193325077421308,1.1522928708880067
2023-10-05,1.218658623855303,1.1900791882013992,1.1443076992425945
2023-10-06,1.2252078309410077,1.202998548071787,1.1558237310744113
2023-10-09,1.2151366474020224,1.2036005673970673,1.1480544785547642
2023-10-10,1.2223628391927361,1.2081473674500778,1.1582088521649487
2023-10-11,1.2246680112781319,1.22089673646163,1.1666795026878756
2023-10-12,1.2351165845498104,1.2224729522380902,1.1706612659358053
2023-10-13,1.2344349671682542,1.2250534593259583,1.1705015942444672
2023-10-16,1.2316433901786097,1.2292094719169189,1.180850953297022
2023-10-17,1.2336182659321187,1.2393634050126752,1.1874121487646427
2023-10-18,1.2390615140318468,1.2363226842338808,1.1832286498786642
2023-10-19,1.235086320925518,1.2333605209189016,1.1772552567629084
2023-10-20,1.2290014531404698,1.2263443651814452,1.1683387060372115
2023-10-23,1.2003902502610924,1.1977967217368068,1.1358419257494334
2023-10-25,1.1891844071365567,1.1943016975979743,1.1255678892917644
2023-10-26,1.1912864523463915,1.1866496058880076,1.115404756809633
2023-10-27,1.2039989647344358,1.1953076272389502,1.1274008228731087
2023-10-30,1.20041565727194,1.2049527450737003,1.140904111702455
2023-10-31,1.2063127598826195,1.2038905482638416,1.1359248586268458
2023-11-01,1.2097592847094722,1.1986043659542716,1.1381429172634685
2023-11-02,1.203359056962753,1.1963874934049243,1.1496664809308617
2023-11-03,1.2226768371449055,1.2104755096221016,1.1484873993162268
2023-11-06,1.2233316882706229,1.2130868752291553,1.1538799890433902
2023-11-07,1.24069729467952,1.224909471937515,1.1544337442279282
2023-11-08,1.246344477904354,1.2347196095204054,1.15741720068297
2023-11-09,1.261768172269104,1.234202213494338,1.1604450923020586
2023-11-10,1.259755376171929,1.2369346669835608,1.1723276244861967
2023-11-12,1.2688162723810736,1.2459007310132253,1.182210236778158
2023-11-13,1.2658828010064826,1.234453765986788,1.180615222150754
2023-11-15,1.285894863945058,1.2437905605690218,1.1934963297730428
2023-11-16,1.2936471488598889,1.249112943544236,1.192755155547661
2023-11-17,1.3052429648296326,1.2723128779889672,1.1988384512503403
2023-11-20,1.3037317779322417,1.2639599749486476,1.209517597442699
2023-11-21,1.303131526695415,1.2636964531872636,1.2043353712893063
2023-11-22,1.291460976333668,1.258294635877181,1.2258546427611168
2023-11-23,1.305347393732177,1.2679932866985735,1.2303435734527481
2023-11-24,1.3041316386250725,1.264004951180883,1.221999492937051
2023-11-28,1.2930638986600065,1.2595298011422642,1.2138682719023894
2023-11-29,1.2996986014210963,1.2640288309677101,1.2127836258595386
2023-11-30,1.3024852455679548,1.2750524571851984,1.2289188796624424
2023-12-01,1.3063725596452125,1.2829973140871325,1.2539953974742795
2023-12-04,1.3042429827055042,1.2976639999560717,1.2758899902683194
2023-12-05,1.303660581023528,1.2846376780197069,1.2757000916456314
2023-12-06,1.317895804492134,1.2948539759882998,1.2752697295886528
2023-12-07,1.322907237064167,1.2973535873292137,1.272282839772287
2023-12-08,1.3143619194620424,1.2954346001318677,1.263496143641026
2023-12-11,1.317864843117609,1.3085860318248386,1.2700432990860326
2023-12-12,1.2997002204361685,1.2856243302312813,1.263104072248293
2023-12-13,1.2984409186445374,1.286768921660663,1.2812864552505785
2023-12-14,1.3033189092717372,1.2997211004121803,1.289583772738715
2023-12-15,1.3129307202197036,1.3052690647389575,1.2908017429967165
2023-12-18,1.3080262308938364,1.311270993303635,1.286094176043013
2023-12-19,1.302979700072587,1.306698856820425,1.280661909664577
2023-12-20,1.2831970765104297,1.2987306923457689,1.2456605229070126
2023-12-21,1.2917013053494768,1.3003964587245664,1.2569358764281524
2023-12-22,1.3034353242945953,1.3147244595119216,1.2648446954605888
2023-12-26,1.3209128613237737,1.3290839865402693,1.2731568702183675
2023-12-27,1.3250264521387833,1.3340820655284593,1.2796475444349644
2023-12-28,1.3198346342963794,1.333159287217322,1.2875577006629892
2023-12-29,1.32826906908237,1.3385350401688527,1.2903196040075762
2024-01-01,1.3414943125797958,1.336530974603084,1.290237723812873
2024-01-02,1.3396779827471217,1.3319859754862424,1.281544940621465
2024-01-03,1.3360189404364684,1.3265440334369556,1.2838175272751746
2024-01-04,1.3401649435638292,1.3253970426625428,1.297215206027724
2024-01-05,1.3454040853409805,1.3275273506232217,1.3079247108868983
2024-01-08,1.3307508202295846,1.313855856091846,1.308012987891333
2024-01-09,1.3330091608511525,1.3159529036226574,1.3060855900728985
2024-01-10,1.3264254172664347,1.3263372344800077,1.305739124955171
2024-01-11,1.3499563789060967,1.34197160237131,1.3138664662509993
2024-01-12,1.3482892253680598,1.3455826422421502,1.3315145222955003
2024-01-15,1.3486049402790568,1.3485506002321914,1.3471058825677915
2024-01-16,1.3458930472498192,1.3412534324382335,1.3416588633330848
2024-01-17,1.330295817318717,1.3273187109598468,1.3280372937675085
2024-01-18,1.3191318461567654,1.3177113665174072,1.3351621261780031
2024-01-19,1.323612500604328,1.330223144078441,1.3535538497476192
2024-01-20,1.322328140887063,1.324097977986756,1.3525184659592564
2024-01-23,1.3002736802672619,1.2978468017203864,1.3083474167728604
2024-01-24,1.3050165785970638,1.2998912980398143,1.3459305326446858
2024-01-25,1.2905621924277295,1.2861528018007482,1.3382994124357015
2024-01-29,1.2888859097450875,1.2988636601411614,1.3621519159078748
2024-01-30,1.2804832692881698,1.2952477951457433,1.34932154976989
2024-01-31,1.312107310688128,1.3098336515926117,1.3650486422209935
2024-02-01,1.3019294922066673,1.306171012124283,1.3452808812513357
2024-02-02,1.3014943293706138,1.3101690367140026,1.3559259178458425
2024-02-05,1.289755182022115,1.3043794125076225,1.3489078053042804
2024-02-06,1.3134852044478786,1.314111986405418,1.368536295292125
2024-02-07,1.3149123665834204,1.3216584730748202,1.3665239708153905
2024-02-08,1.3022944666380154,1.3214904645710872,1.3618555579232308
2024-02-09,1.2848284299207706,1.319933350563981,1.3461470056542824
2024-02-12,1.265394172517334,1.3045819165512382,1.3270282876002042
2024-02-13,1.2745091841431595,1.3068429878737766,1.327523166139132
2024-02-14,1.273011447714109,1.3051211297688257,1.3385721348565751
2024-02-15,1.2774644137390312,1.3041261913240532,1.352373590091244
2024-02-16,1.2918560566021133,1.3205237036466753,1.3566857181514924
2024-02-19,1.2856704300248225,1.323991861428737,1.3632897352797473
2024-02-20,1.2806014238313888,1.3181080794892948,1.3623407172467323
2024-02-21,1.283848302729216,1.309897411636463,1.3538110856567354
2024-02-22,1.2860864384056905,1.3114100938791853,1.3698741761312245
2024-02-23,1.2855515577543175,1.322782036895089,1.369025022404757
2024-02-26,1.2833266617511376,1.3235950209974159,1.369234731785282
2024-02-27,1.2880968452455985,1.3266036900014289,1.363465471420277
2024-02-28,1.2720102611190158,1.3138594790874278,1.3400228206197748
2024-02-29,1.2842721757025817,1.3204778482041246,1.3447658937549085
2024-03-01,1.287347959697423,1.3299223565256373,1.3667880135634107
2024-03-02,1.2874757955273453,1.332233221055916,1.3817897634575533
2024-03-04,1.2844052785804503,1.3322755646836588,1.3757981924133906
2024-03-05,1.2976187568524835,1.3338796497664454,1.3740368690892153
2024-03-06,1.2736781279032245,1.324600681407576,1.3694316053591544
2024-03-07,1.2801054980277025,1.327201865643525,1.3659697048014527
2024-03-11,1.2723794104555992,1.340685162452453,1.3665732808278692
2024-03-12,1.2575551850562587,1.3237362663512302,1.3485606325923447
2024-03-13,1.2236986985811242,1.2893696346168344,1.3017487978884545
2024-03-14,1.2487928445766476,1.332112098865488,1.3225233550734397
2024-03-15,1.276090367322144,1.3373269482102481,1.3009655638955184
2024-03-18,1.2767879478669029,1.3285574775471858,1.2958466371882875
2024-03-19,1.270352310999143,1.317559988664841,1.2711680922016697
2024-03-20,1.2684073911271974,1.3076858593270941,1.2743965361886378
2024-03-21,1.2901688047077569,1.3358639323231158,1.3073448199400097
2024-03-22,1.304672948504912,1.3437064601155027,1.3241636695564079
2024-03-26,1.2970262115780262,1.3436576583901105,1.3354346679753457
2024-03-27,1.2753170811635097,1.344490870648418,1.3267125920034695
2024-03-28,1.276939786978384,1.347564961472759,1.3414543751818995
2024-04-01,1.292430851837139,1.3637415387096505,1.3565893427388356
2024-04-02,1.3051984177818494,1.367416621207532,1.3680109081617637
2024-04-03,1.326426900613142,1.3718830090794434,1.391892999092154
2024-04-04,1.3303056837699745,1.3632929319192675,1.3951258653463234
2024-04-05,1.328790109334483,1.374220396665759,1.4000648137791312
2024-04-08,1.3214531832288263,1.3787197274925664,1.3966337341907715
2024-04-09,1.3196080341741927,1.37240204727266,1.385839577593557
2024-04-10,1.3245400628067625,1.3686315077011886,1.3855083995667041
2024-04-12,1.3225806887623366,1.3604994549986702,1.3651968589051784
2024-04-15,1.3127760930936052,1.341391235894326,1.3533486060590085
2024-04-16,1.3059506760354616,1.3378197582154094,1.3637229949541476
2024-04-18,1.3105630752122643,1.340245433003207,1.3741370116035974
2024-04-19,1.3091338083938024,1.3343382322248325,1.3758633924035595
2024-04-22,1.3087898455753155,1.3457294534710849,1.399289212159565
2024-04-23,1.3258416993862716,1.3560961606683217,1.4269516790072316
2024-04-24,1.3311180468668244,1.3690405538655899,1.4395050453981757
2024-04-25,1.3315929224951475,1.367237864170846,1.4496962746994198
2024-04-26,1.3399162086039127,1.3706169859645343,1.4506454155580013
2024-04-29,1.3520119816122882,1.3944044078420155,1.4632407105137055
2024-04-30,1.359007811628325,1.4033329466039017,1.4642672490189463
2024-05-02,1.3547021523834963,1.3979608277277675,1.4749350143292623
2024-05-03,1.3667277738198407,1.4079186127261216,1.4670688224230362
2024-05-06,1.3648054854153362,1.4230580631933638,1.4674145068748345
2024-05-07,1.3480943490948916,1.4090747718125474,1.4331879179858746
2024-05-08,1.355764680348213,1.4106989107023458,1.439951316620724
2024-05-09,1.3434844485435553,1.4080217208549068,1.408767585828911
2024-05-10,1.3461433377415424,1.4169313453354129,1.4253449375660143
2024-05-13,1.3492473650571146,1.4218485241942382,1.42634883416829
2024-05-14,1.356788936469533,1.4232227285715047,1.4330463342923245
2024-05-15,1.3542318827865458,1.4274688444790438,1.4438403179131942
2024-05-16,1.3610105290470442,1.448200048197023,1.4610773593885298
2024-05-17,1.3861059869700576,1.4676883530402296,1.485109403156574
2024-05-18,1.3952756074621682,1.4727722838014137,1.5162362587088154
2024-05-21,1.401038457009425,1.4718286822450413,1.5355745565993981
2024-05-22,1.4231725788313303,1.4972538233870665,1.555746462695966
2024-05-23,1.428880309019471,1.50565773080923,1.5640095953948445
2024-05-24,1.4294079894007048,1.4969545799503652,1.5612263021796522
2024-05-27,1.421418956219309,1.5015506075008338,1.5499581793231934
2024-05-28,1.4139902595644624,1.4976432023868218,1.5391035863960654
2024-05-29,1.4125703432255894,1.4849040720476607,1.5331417811622894
2024-05-30,1.397212548077453,1.4752453423937948,1.5181952015111515
2024-05-31,1.3900946397507095,1.4569529251089277,1.527538772421225
2024-06-03,1.4104628387005165,1.4966268984341815,1.5811130209768016
2024-06-04,1.351136856493087,1.4580571507690554,1.4925625968348224
2024-06-05,1.3876823680626786,1.4979092333106048,1.5327894534306432
2024-06-06,1.4132598350914678,1.5172366775758908,1.5488377599474947
2024-06-07,1.4329003916550336,1.5246631763913043,1.5782137373690661
2024-06-10,1.450544316129709,1.5381557832163752,1.59101557205383
2024-06-11,1.4611216401552682,1.5524522958450124,1.6144435079703023
2024-06-12,1.4661005350583662,1.5545031479446731,1.6340154146801285
2024-06-13,1.4837813438673397,1.5604858029136357,1.648197630090935
2024-06-14,1.4996456188647667,1.5747087568684806,1.6643458847652235
2024-06-18,1.5130781510087958,1.5813580467296378,1.6547190583520772
2024-06-19,1.5024721980755367,1.5708432719742491,1.6285774791429466
2024-06-20,1.5196356702438427,1.578579436284076,1.641070650402702
2024-06-21,1.537629707687342,1.5730274866027663,1.6448669763663817
2024-06-24,1.5351022795301286,1.5801425871404076,1.6485723336464004
2024-06-25,1.5303884527930551,1.5795486973834232,1.631359837856261
2024-06-26,1.52220190187656,1.5660761249401975,1.6245889325300285
2024-06-27,1.5082275233543396,1.5659161271598152,1.6129686547094764
2024-06-28,1.51170263875554,1.5766295445797442,1.6192446798728737
2024-07-01,1.5247744450609146,1.5785258497131816,1.6222828172333652
2024-07-02,1.5470481504955484,1.5957061824613006,1.6234864691749729
2024-07-03,1.5501385873936888,1.6101337024412,1.634433460505102
2024-07-04,1.5695876777225255,1.6286550715227357,1.6506723955221507
2024-07-05,1.5706335983897328,1.6342050743500747,1.6838447464257738
2024-07-08,1.5655226903750314,1.626004352876384,1.6821224032768756
2024-07-09,1.5568031057866893,1.6319686391147608,1.6964811337866477
2024-07-10,1.5540154018382406,1.6272214064125796,1.6878741781836997
2024-07-11,1.549486328291275,1.6229391141087524,1.6831679705489264
2024-07-12,1.540418347089693,1.6167281756112601,1.688479885447739
2024-07-15,1.544197713206581,1.6197255761630056,1.7055668117308675
2024-07-16,1.5484580538633463,1.625887895835277,1.7162779898998115
2024-07-18,1.5333881941999925,1.618202163233179,1.6939386752347931
2024-07-19,1.5045388231621357,1.593590535135248,1.6556596071107201
2024-07-22,1.5180400508270926,1.6049550280750426,1.6553674991244165
2024-07-23,1.5234622900862023,1.610206070932083,1.6749794060190706
2024-07-24,1.5384039695555192,1.6060678324336812,1.6944036202900117
2024-07-25,1.532402393310242,1.590515045751636,1.702017246392229
2024-07-26,1.5654895204090342,1.638108757220966,1.7422689735522683
2024-07-29,1.5735521468220777,1.638912269762056,1.7560402629276128
2024-07-30,1.595535006102984,1.6389126949535244,1.7534094280950798
2024-07-31,1.6059156983024543,1.6506087059688692,1.7657078764993508
2024-08-01,1.595882214225903,1.6404773789929359,1.7608699097403437
2024-08-02,1.586751603637041,1.6221999234185867,1.757399019301577
2024-08-05,1.5536135954300874,1.5832535363537554,1.7037330393512122
2024-08-06,1.5563139229368397,1.5843876879545014,1.6810079983418835
2024-08-07,1.5952573577929297,1.611377741875668,1.72199583750704
2024-08-08,1.6054061806324003,1.597467524193049,1.7212234132817084
2024-08-09,1.6162245999914302,1.6084769644983297,1.737908501668933
2024-08-12,1.6086217069341038,1.608342969276912,1.7345498099902106
2024-08-13,1.585820602644886,1.6040563174610678,1.7255087652151209
2024-08-14,1.5758786502670568,1.6047315202192889,1.7221724095870703
2024-08-16,1.5956126108194437,1.6305828619481904,1.7489329089534067
2024-08-19,1.5912824453437386,1.6227533381048773,1.7444786127151333
2024-08-20,1.5922822409821757,1.632395515450518,1.7439654680310916
2024-08-21,1.6043239400034452,1.6483667163364397,1.7498472054448428
2024-08-22,1.6150773823203148,1.654707258905224,1.7686936912125502
2024-08-23,1.6195726777513797,1.6565041060525392,1.7673286653585414
2024-08-26,1.6084808666249653,1.6521500447848059,1.755953239592719
2024-08-27,1.6170733810132714,1.6431001488985935,1.7557582345439486
2024-08-28,1.6179894587357995,1.644026098562488,1.7691047887717661
2024-08-29,1.6130480969863696,1.6480318926012558,1.756239833048329
2024-08-30,1.6306121660791422,1.6642112718592847,1.7714482434398549
2024-09-02,1.6331329991871193,1.6715253092804636,1.7569605812693194
2024-09-03,1.633849184808505,1.6629636308924647,1.7572366543246454
2024-09-04,1.6413156721309978,1.6674322112282527,1.771481626856287
2024-09-05,1.653553937610379,1.6678912402745798,1.7657596522883925
2024-09-06,1.6601965349859646,1.666182495213093,1.7681333461245912
2024-09-09,1.6436106835487716,1.6716128230117517,1.773720458384322
2024-09-10,1.6545630377508826,1.673235965879968,1.7848729138418322
2024-09-11,1.6490763277489557,1.675680068090093,1.7819206137235561
2024-09-12,1.6514617449543125,1.6988927580065865,1.8121171226633606
2024-09-13,1.6471858824614787,1.7007144121859104,1.8300749605407478
2024-09-16,1.6216407779792938,1.6907665019760334,1.8333922226974075
2024-09-17,1.6165155220863014,1.6900767770087057,1.8320272596009313
2024-09-18,1.6145934363743573,1.676343456362744,1.8131727807665161
2024-09-19,1.624854413690844,1.6789565539446971,1.8100474657354386
2024-09-20,1.6328263519451405,1.7059175723155773,1.8473635850035095
2024-09-23,1.634370803657062,1.7115484023279397,1.8823719177137994
2024-09-24,1.6501510320409658,1.708221853633088,1.889478426697852
2024-09-25,1.648522423254466,1.700998717683792,1.8809602036908881
2024-09-26,1.6417333194201702,1.7049640526939183,1.8917167488271391
2024-09-27,1.6503142488124811,1.7100752750461248,1.8941086341756077
2024-09-30,1.6454381008822139,1.7065868460248304,1.8698976158988434
2024-10-01,1.665129889215347,1.711714415773753,1.8654799045747439
2024-10-03,1.6498038717256298,1.6830220601786097,1.843700098788949
2024-10-04,1.6257942454110454,1.6714059256580913,1.8375436914778704
2024-10-07,1.5891162803336558,1.65610190650501,1.8035321568647642
2024-10-08,1.6192901622006608,1.6828393191125923,1.8375197404123622
2024-10-09,1.6277944656525962,1.6919251331452678,1.868943118605866
2024-10-10,1.6341107166552786,1.6812974514264383,1.8580746553014265
2024-10-11,1.6310519639184118,1.6885866832671452,1.8726681743606455
2024-10-14,1.6367757627072153,1.7027690877992705,1.8813896556036556
2024-10-15,1.649742126986711,1.708158714396034,1.8854435215383731
2024-10-16,1.65355873887847,1.7074237621293953,1.8977935180163448
2024-10-17,1.623497257929772,1.6753467862659546,1.8418733156161196
2024-10-18,1.6278721664265496,1.6790238294295987,1.8489486717677592
2024-10-21,1.6078500140284895,1.653962119434792,1.846596843194363
2024-10-22,1.5622748657293342,1.6101008776034627,1.810890289708198
2024-10-23,1.567243049689882,1.609841241811531,1.8162251965561573
2024-10-24,1.5531687299821975,1.5703590598130746,1.7877279892267577
2024-10-25,1.5289140837948663,1.5667422199598322,1.7712318940730158
2024-10-28,1.527108718871896,1.5555521952165756,1.753408167678363
2024-10-29,1.5292806855424685,1.5572839380925263,1.7294318401950024
2024-10-30,1.5611182837275948,1.5620368909259101,1.734469511703866
2024-10-31,1.5739978920675393,1.5460330363962658,1.7451316963131034
2024-11-01,1.5911078509671859,1.557136635002039,1.7614395705299009
2024-11-04,1.5586555898001506,1.5343561536838093,1.7344401297775753
2024-11-05,1.5662179792803694,1.5465127799706764,1.751920166357097
2024-11-06,1.587363134033928,1.5806250122398535,1.7913986486385989
2024-11-07,1.583991579383562,1.5792171555124324,1.767439016733537
2024-11-08,1.5556644004307882,1.5807673956440953,1.7623526115059671
2024-11-11,1.5388525909383142,1.5829265921453997,1.7591821723812466
2024-11-12,1.5228632654502938,1.574221230554943,1.7361087748552066
2024-11-13,1.4892617061536018,1.5421170333413983,1.688567298428608
2024-11-14,1.5048635810995472,1.5367809760243853,1.6943846451642488
2024-11-18,1.4989732189967995,1.5279609855803942,1.6874523292411943
2024-11-19,1.5046914458809093,1.531666112325833,1.6934324662327296
2024-11-21,1.4982177606278733,1.522406647233904,1.6922225335472125
2024-11-22,1.5009428029891378,1.539551613285169,1.7023907586888671
2024-11-25,1.5241342604710602,1.5542403676899772,1.717471966435226
2024-11-26,1.5272125808030537,1.5537734578406632,1.711119472835466
2024-11-27,1.533789670072817,1.5591319820828065,1.7223744540507453
2024-11-28,1.5426432872068492,1.561565684057647,1.7054253621412334
2024-11-29,1.5525558055252744,1.5764386737500693,1.7202851240051058
2024-12-02,1.5535186949037434,1.5925084958013482,1.7459918691606762
2024-12-03,1.5693176263896162,1.5988370687295144,1.7426983675368022
2024-12-04,1.576841556229616,1.5983849314674932,1.739733207882347
2024-12-05,1.5717357082680328,1.6041167755077654,1.7419683860509874
2024-12-06,1.564195514353261,1.6022129442475839,1.751661134316944
2024-12-09,1.56589340929378,1.6062426054686212,1.764642246532039
2024-12-10,1.5627118217292328,1.608290811657724,1.771459458418226
2024-12-11,1.5544860970100711,1.6157494077986263,1.7984319900498758
2024-12-12,1.542721249298523,1.6000375600578767,1.7911087315668373
2024-12-13,1.5274170404528613,1.5978271415255314,1.8107251346641184
2024-12-16,1.5351406618973815,1.5983264659476355,1.8121615883086963
2024-12-17,1.5145168030684466,1.5908042683644026,1.7850373596944504
2024-12-18,1.5054620346189707,1.5898072911838652,1.7708458131134102
2024-12-19,1.494465270402416,1.584291428717927,1.771132832023532
2024-12-20,1.4615622050199033,1.5515012568282074,1.72879397018745
2024-12-23,1.4461089248800152,1.5468323825323709,1.7173692663759195
2024-12-24,1.462996319211925,1.5552263934033503,1.7097355060116688
2024-12-26,1.4617438904280085,1.5532451806356349,1.7396151993887712
2024-12-27,1.4818246498056675,1.5523489841810325,1.7593451410963907
2024-12-30,1.4573981572763766,1.5349148120154181,1.7723570867909348
2024-12-31,1.4660617983395154,1.5376591288167731,1.7675967280136244
2025-01-01,1.4808473895694463,1.5452457767821361,1.7907171178757069
2025-01-02,1.4788606282786685,1.5598499281989548,1.8120439237799069
2025-01-03,1.4722890165087765,1.5502375515878366,1.8044879879924394
2025-01-06,1.4493861296286852,1.5280743642584482,1.7603502674205795
2025-01-07,1.465836043506141,1.5372382555536912,1.7746229828628033
2025-01-08,1.452836574286462,1.5386433788878542,1.7687776352229958
2025-01-09,1.4615350704625019,1.5374982471475667,1.7388408442617342
2025-01-10,1.4231006715682482,1.516968289910739,1.7132521501358553
2025-01-13,1.3741018451668203,1.4630610846238437,1.6456027011019765
2025-01-14,1.3924806505113616,1.4689927619272785,1.6541756858009204
2025-01-15,1.4034532378173055,1.4743177959172455,1.6444311712467932
2025-01-16,1.4152295070244014,1.4743589164418662,1.641932479085765
2025-01-17,1.4187021073633526,1.472629619589407,1.6293278252490133
2025-01-20,1.4207497269929688,1.468746008514124,1.6421582418201184
2025-01-21,1.4088676894994443,1.4577624443117847,1.6271890038409047
2025-01-22,1.3905688261206852,1.4519237938083838,1.6364157160888901
2025-01-23,1.4090691887542077,1.4729000819289786,1.657816124582112
2025-01-24,1.3870614237276242,1.4535305216645096,1.6380663530396862
2025-01-27,1.3527912138082046,1.4199943791436345,1.600920270121097
2025-01-28,1.3238229603371172,1.421857643412653,1.5730539394151868
2025-01-29,1.360529391395902,1.4557108883865104,1.596840572613975
2025-01-30,1.3848186442539057,1.470951842987856,1.5752207381193
2025-01-31,1.4102992152667173,1.4957938978188783,1.583098231723141
2025-02-01,1.4230639221647705,1.4907575331881424,1.5932907911557956
2025-02-03,1.4231807943433799,1.4872906874149308,1.6016253228737867
2025-02-04,1.4232858802457697,1.492631629009486,1.6034136672709016
2025-02-05,1.4373034982353408,1.4878172313353588,1.6069783092159944
2025-02-06,1.421407970907934,1.4706049439740525,1.5966473317007859
2025-02-07,1.4075594774939812,1.4644478169453377,1.6208159054954303
2025-02-10,1.3865171318408118,1.457233221109974,1.6069651018821607
2025-02-11,1.3412698692354286,1.4206459087906056,1.5717558804285594
2025-02-12,1.3292344408298031,1.4177221752289115,1.586969794368621
2025-02-13,1.31333757733106,1.4037614242424028,1.5973911076655523
2025-02-14,1.2917592372927242,1.385495955945234,1.5781512357464444
2025-02-17,1.2834035323966664,1.3752936334953278,1.5763617250403905
2025-02-18,1.2860857433762998,1.3829271831718708,1.5574649887948426
2025-02-19,1.299367606993858,1.3914139504031924,1.565283270917234
2025-02-20,1.3043624958290214,1.39823181032122,1.581404857110022
2025-02-21,1.2974855037655684,1.3889457433038277,1.565193269471411
2025-02-24,1.266459540372392,1.3779299165135852,1.543585841016307
2025-02-25,1.2628755342059814,1.3764225715224454,1.5362162244942803
2025-02-27,1.2525950216195176,1.358651646426223,1.5288017664206766
2025-02-28,1.2337203862033592,1.329821865714331,1.4824406832302919
2025-03-03,1.23412931256655,1.3463726157501892,1.48603437195535
2025-03-04,1.2602369758158505,1.3413532805918809,1.4821695494211458
2025-03-05,1.2933639168765727,1.3657180705928627,1.5222784632448956
2025-03-06,1.3134254624040012,1.3796052808505916,1.5402997601729287
2025-03-07,1.316609688228024,1.3781553490402232,1.547092107067606
2025-03-10,1.3060706684966563,1.382259993432612,1.5313458447030048
2025-03-11,1.2940953907553296,1.382767041059391,1.5304894132553122
2025-03-12,1.2938489683766057,1.3850293963073816,1.5340571218834402
2025-03-13,1.2940683566263256,1.3849464544754975,1.5308095135722475
2025-03-17,1.2972791756969673,1.3953895096133684,1.546204756092805
2025-03-18,1.3205717791590934,1.4094642259116619,1.5882508779908187
2025-03-19,1.333895909188375,1.4252364028688713,1.6120405728736293
2025-03-20,1.3518542806249048,1.441586179741338,1.6196769092335983
2025-03-21,1.373428709984927,1.4533946859159026,1.6400904009003878
2025-03-24,1.386225384519908,1.4697194698586111,1.6592914709671998
2025-03-25,1.3708576136789865,1.4598066461120291,1.6412830600571169
2025-03-26,1.3614990590636518,1.4581655307988062,1.6287825832026255
2025-03-27,1.360108712269061,1.464616804725027,1.65349165046654
2025-03-28,1.3474241463282086,1.4584949359105193,1.669245718955172
2025-04-01,1.3477219673395857,1.433973956572742,1.6538694752283525
2025-04-02,1.3618773947058809,1.4457441771539403,1.6702653104081986
2025-04-03,1.3573061946672091,1.448951471221303,1.6722970377915567
2025-04-04,1.3089057898084555,1.4138666223560274,1.6449545916509076
2025-04-07,1.2586067654533528,1.3731226309038693,1.5853304429275485
2025-04-08,1.2882012792462767,1.398691087992223,1.5989000710616397
2025-04-09,1.2801871041457231,1.392583097597461,1.604031678917584
2025-04-11,1.3273843042279292,1.4299987500857805,1.6317283184499431
2025-04-15,1.3627153840219643,1.470528113024766,1.6675727678646515
2025-04-16,1.3775120816336313,1.4801496498896483,1.6629178256239385
2025-04-17,1.391292294786296,1.4916140510863765,1.6843512796370148
2025-04-21,1.4001656492354018,1.5106223445751603,1.6996357689486548
2025-04-22,1.41619449879754,1.5223490227390262,1.705629792875435
2025-04-23,1.4169232350027046,1.5348602607810167,1.7114410209602793
2025-04-24,1.4305744738311739,1.5267993621098919,1.7180398221479416
2025-04-25,1.4002093555328212,1.501071813598379,1.6863249875321147
2025-04-26,1.4002093555328212,1.501071813598379,1.6822093943740044
2025-04-28,1.413578259092094,1.5274741773435394,1.6962732586055207
2025-04-29,1.4146712770443057,1.5268852026859951,1.6906245138297407
2025-04-30,1.402192267597005,1.530675635282422,1.6909302653134788
2025-05-02,1.3925842576547447,1.5257023541771066,1.6762617017569585
2025-05-05,1.4069033279789953,1.5370503975557905,1.6840057970407827
2025-05-06,1.3932862735368432,1.5332473686288288,1.6804314472288735
2025-05-07,1.4084931553800502,1.5407425550348093,1.6789489138514502
2025-05-08,1.4008828093248094,1.5272576622078398,1.6451146364149212
2025-05-09,1.4044089733153353,1.5290485740517514,1.627139807068322
2025-05-12,1.434073794886439,1.5647417498883658,1.6810296257323831
2025-05-13,1.4477706902683563,1.5684482246179352,1.6759984426166044
2025-05-14,1.4541335344283448,1.5716253989570914,1.6959772119338825
2025-05-15,1.4627801291266989,1.592294013021577,1.7228291766010213
2025-05-16,1.4789498596744919,1.6128038477327193,1.7299766258388132
2025-05-19,1.483521541098321,1.6230316802374778,1.7636048773464899
2025-05-20,1.463261834067134,1.5924087770644921,1.7403683138378396
2025-05-21,1.484382030279258,1.6165651399340255,1.744062145497943
2025-05-22,1.4984038051560558,1.6166928022111087,1.7452141380753268
2025-05-23,1.5014970548866808,1.6271497987769765,1.746474971173574
2025-05-26,1.5140803202201853,1.6423717703623177,1.7552460991848593
2025-05-27,1.511241773948758,1.6487331131003133,1.7449762310035282
2025-05-28,1.5122601821923078,1.6517762095823647,1.7330370873787957
2025-05-29,1.5209223015492752,1.660553625210575,1.7402554787113775
2025-05-30,1.5078527582365622,1.6498533288281998,1.733914113409436
2025-06-02,1.5192639803274073,1.6491168984550986,1.7323495035309369
2025-06-03,1.5235541901978211,1.6471851289095345,1.7305119835802922
2025-06-04,1.541229768803552,1.6704517862111243,1.7491705473180297
2025-06-05,1.547480306228437,1.6764020599844622,1.7580762851752894
2025-06-06,1.545589753037394,1.675274308241318,1.7665556042235657
2025-06-09,1.5618327495108424,1.6856149589012124,1.767056277974134
2025-06-10,1.559496624174839,1.6911952164299349,1.7705902557244884
2025-06-11,1.5620500126278403,1.6892062202938312,1.7572560057170041
2025-06-12,1.5621350634876079,1.6786670263634151,1.743959455605099
2025-06-13,1.5498054684633793,1.6800754179044357,1.7404128075371068
2025-06-16,1.5465976849236565,1.697912578014383,1.748526343786081
2025-06-17,1.5445812720543293,1.7022180346657931,1.7256447728231272
2025-06-18,1.543318230998059,1.6886563593098258,1.7209368487089929
2025-06-19,1.518224013980085,1.6650765788941757,1.706309756628212
2025-06-20,1.5293626782673697,1.67500017971614,1.7215541125906426
2025-06-23,1.539572176611511,1.6720872893015197,1.7225309047539856
2025-06-24,1.5505577483052355,1.6791225131929244,1.738253615921987
2025-06-25,1.5718459793031185,1.6903356571557526,1.7528942590165986
2025-06-26,1.5643883959196494,1.6940427718697153,1.7781066585421463
2025-06-27,1.5696458479113953,1.7102352664711886,1.7959685467014244
2025-06-30,1.5960432175575696,1.7211966695741423,1.8115877508845675
2025-07-01,1.5812508823600895,1.7091549556887324,1.8107869707351543
2025-07-02,1.5831508552748916,1.7043207619128191,1.8350135830034258
2025-07-03,1.5883572689445506,1.7042670017426658,1.8444564972394142
2025-07-04,1.5966165707856868,1.7058607653080986,1.858644997095933
2025-07-07,1.616907149065889,1.7074444024388666,1.8516808130519156
2025-07-08,1.6143503278663056,1.7063426248455416,1.8414549467769121
2025-07-09,1.6157334567348134,1.7098688499564267,1.8308558905276855
2025-07-10,1.6051977071996326,1.688330468227515,1.8097499774268697
2025-07-11,1.5864561847521303,1.6797990651400443,1.7839181566906004
2025-07-14,1.584020318246211,1.6880905524256946,1.791772478544232
2025-07-15,1.5986861912800912,1.7046491747295132,1.8014858981928823
2025-07-16,1.600226270941421,1.688902192514574,1.7884786042102363
2025-07-17,1.613408033783704,1.691004130012842,1.7842815909737424
2025-07-18,1.5875216877076843,1.6816486390630279,1.7668656555579498
2025-07-21,1.5857881925997623,1.6871524917487142,1.7630203472031007
2025-07-22,1.5814038963102437,1.6782658457789148,1.76443573803028
2025-07-23,1.573044108185936,1.6791068275412107,1.767349439329089
2025-07-24,1.5748006682279954,1.6762552225736098,1.7610458615730649
2025-07-25,1.54661139513372,1.6617900362080065,1.753871775982271
2025-07-28,1.5335810852514082,1.6638266772239245,1.747396279141966
2025-07-29,1.5436923113884367,1.6813215531122478,1.7685109281762728
2025-07-30,1.5553584412798789,1.6858594833410154,1.7743979838018977
2025-07-31,1.5342003825730843,1.6902913992301822,1.7695837795094207
2025-08-01,1.5112650474206344,1.6693974250781003,1.7386928855314558
2025-08-04,1.510074820156338,1.673897989047957,1.7636534799229475
2025-08-05,1.5110116720855677,1.6799966278849392,1.7893719140412219
2025-08-06,1.4873402571271022,1.6689875618214582,1.8056110581918394
2025-08-07,1.4838656850720893,1.6637473400991478,1.8220418653493926
2025-08-08,1.4551804994624293,1.6389729415965748,1.812522725568002
2025-08-11,1.4648165054747708,1.6552783769836579,1.8233503735307803
2025-08-12,1.462600154367906,1.637486216497307,1.816319642419396
2025-08-13,1.4630827825130919,1.6461685517623288,1.8372812786755133
2025-08-14,1.4646245143711538,1.6391069874425253,1.8305220428583633
2025-08-18,1.490462762023941,1.6747217201092528,1.8681834092723764
2025-08-19,1.4955519049567791,1.6804793800396418,1.891767900895033
2025-08-20,1.4921691256031777,1.6816983438344304,1.9424821994832207
2025-08-21,1.4980446772275966,1.691415548193643,1.978138537133366
2025-08-22,1.5010614676151477,1.6895062974378776,1.9863500912532042
2025-08-25,1.4960682958011982,1.6946978363448333,1.9816631931677924
2025-08-26,1.4650330327678271,1.6730562774283677,1.9320927806730532
2025-08-28,1.4445849963233277,1.6430045629955692,1.8916375078911396
2025-08-29,1.4487968955959434,1.6394766276738986,1.9157324130630577
2025-09-01,1.4581358777465212,1.6593840490732297,1.944201100937017
2025-09-02,1.4625046557132175,1.661703035558605,1.9624576173861445
2025-09-03,1.4785392234891543,1.669664933961941,1.9944224401971347
2025-09-04,1.4744989712050736,1.6581024490070593,2.005466918973109
2025-09-05,1.465115183982802,1.6441472025849313,2.032775056473046
2025-09-08,1.4617107986907762,1.6467138812987283,2.0459405090472584
2025-09-09,1.4617422874701034,1.6492363922423445,2.078454431685095
2025-09-10,1.4691113339231336,1.6487418322595613,2.0906987299380253
2025-09-11,1.4694678079947632,1.652349855345955,2.096952164423447
2025-09-12,1.4720864584367204,1.658212609215911,2.0901806014027873
2025-09-15,1.4753506606298445,1.6607480972306274,2.1195352613038208
2025-09-16,1.486690662761008,1.676356824967264,2.1618624793581875
2025-09-17,1.4997487741029403,1.6812486440621142,2.182032784987872
2025-09-18,1.496857460027444,1.674696923899884,2.1756294122001814
2025-09-19,1.4847912308917324,1.668629739584602,2.1882548785261715
2025-09-22,1.4705581386540487,1.6592265057816569,2.187518011566721
2025-09-23,1.4593758273261017,1.643139947083471,2.1798322016424896
2025-09-24,1.4494706392546826,1.637454333888189,2.174614706602833
2025-09-25,1.4512018760169605,1.6259629851154345,2.1688815522858373
2025-09-26,1.4249512409213527,1.5977410301922061,2.1617058791199626
2025-09-29,1.4287994566256539,1.601969422528151,2.1992240341337497
