Date,BSE_500,HDFCNIF100,Nifty_100,Nifty_200,Nifty_50
2023-03-15,1.0,1.0,1.0,1.0,1.0
2023-03-16,1.001079393368924,1.007535610353806,1.0016165905888563,1.001515616449735,1.000792428681131
2023-03-17,1.007185296176024,1.0102437624332494,1.0083060670554254,1.0077367022633839,1.0075358977902793
2023-03-20,0.9998954900304433,1.007653379530711,1.0016552466757507,1.0005994643592093,1.0009574508607333
2023-03-21,1.0064839048216818,1.0001766088495767,1.0086448011742164,1.0074370253135894,1.0079748061536011
2023-03-22,1.009774725717057,1.011892171583672,1.0119552945257178,1.0106775791934726,1.0105908795210352
2023-03-23,1.0058219511917008,1.001412960628174,1.0079107998606058,1.0066169730926993,1.0061718755484197
2023-03-24,0.9971678569857799,1.0034734271504215,1.0004011874964158,0.998552095297491,0.9984032895802073
2023-03-27,0.9958654690058496,0.9982338216726726,1.0014413032278646,0.9988348719253841,1.000798297670782
2023-03-28,0.9924156969344629,0.9986459688760589,0.998234705365163,0.9956055849267685,0.9987950158698631
2023-03-29,1.001831367891468,1.0045331700794426,1.0055274721728413,1.0039248512274603,1.006395702702762
2023-03-31,1.0166295166160992,1.0148357721853638,1.0214620219617652,1.0188894787432612,1.0228373895148313
2023-04-03,1.019561797156523,1.020310826185361,1.0237561968725484,1.0214627460570886,1.025094073574805
2023-04-05,1.0270372178091505,1.0462145653791857,1.032623879989218,1.0291202487727384,1.03446236199675
2023-04-06,1.0304585261316506,1.0286118014417067,1.0350429616552512,1.0320781364843485,1.0369428732110657
2023-04-10,1.0327107631293972,1.0294948456895898,1.036924108466426,1.0342216054157027,1.0384100055456198
2023-04-11,1.0382455905409131,1.0347933806715717,1.0425407334162484,1.0397752942036755,1.044198900749746
2023-04-12,1.043338458237036,1.0399740566450877,1.0476580795981068,1.0451028721489544,1.0495075745065359
2023-04-13,1.0442598435059658,1.0461556358749526,1.0481484198715039,1.0457984363777992,1.0504267043171942
2023-04-17,1.0405962503811956,1.0385022563442416,1.0426981437881062,1.0416189757256147,1.0432885168844503
2023-04-18,1.0400568108992838,1.0333215803707259,1.040760579985248,1.0409799668223485,1.0405369964421265
2023-04-19,1.03724301500031,1.0308489666450922,1.037467847538536,1.0379994348885826,1.0380976832335969
2023-04-20,1.0376165588373554,1.03555865574255,1.0377293855678835,1.0382653111945743,1.0384334815042244
2023-04-21,1.0364503167406538,1.0343223937955137,1.0374560069353431,1.0374338816327964,1.0384100055456198
2023-04-24,1.0423463422668067,1.039797447795511,1.0439433805572187,1.0436041560211207,1.0454420908517297
2023-04-25,1.044155333536409,1.0394442300963578,1.0460622681070102,1.0453064492291133,1.0469651512053122
2023-04-26,1.04697916033484,1.0420346129988964,1.0487665690087766,1.047868339202053,1.0495782325388063
2023-04-27,1.0527940813235026,1.04792181420228,1.0543771575726577,1.053506971438014,1.055555740959368
2023-04-28,1.0626920927962795,1.058342185485106,1.0641245278559477,1.0636925634828007,1.0643907568706594
2023-05-02,1.0686080086529797,1.0665842312372187,1.0691974137336602,1.0694612066918205,1.0692605222641274
2023-05-03,1.0668745491989469,1.059813985785952,1.0663325681827205,1.0673516488638897,1.0658548971712736
2023-05-04,1.0757274609761573,1.0686447875910272,1.0757619834449794,1.076360956412413,1.0756327490082846
2023-05-05,1.0669522243691014,1.059813985785952,1.0662226363079792,1.067091516458152,1.0646264370825322
2023-05-08,1.0773625833218379,1.0613446257594696,1.0768763931572458,1.0777804729925125,1.0761394384481655
2023-05-09,1.0767146900979332,1.0688213964406041,1.0766119530192726,1.0776051735751426,1.0762306954833292
2023-05-10,1.0800042249805577,1.0762392376175052,1.0799878018570246,1.0806082392714438,1.0791266391023622
2023-05-11,1.081215306055174,1.0770046025200448,1.0801899047017178,1.081207703630653,1.0780602091592832
2023-05-12,1.08082512978655,1.0752972638653893,1.0806475091898171,1.081015503891382,1.079109032133409
2023-05-15,1.0857015186696044,1.08924999180287,1.085173521718104,1.0860092728642026,1.0840611935384494
2023-05-16,1.0815853347907,1.0791239985465253,1.0794766824858673,1.0814453022738555,1.0774415486031172
2023-05-17,1.0770526542488703,1.0682326403876412,1.0732032523118777,1.0758746027043609,1.0712696730546976
2023-05-18,1.0723483338718869,1.0637583998124318,1.0689863723943998,1.0713670769799721,1.068217568279653
2023-05-19,1.075628266525971,1.0730601884935649,1.0734202139527347,1.0751167392496832,1.072545315217105
2023-05-22,1.0822789243343534,1.0767102244935634,1.0805851718965374,1.08224271027259,1.0790854410965758
2023-05-23,1.0849508301598112,1.0829506433961,1.082897223796455,1.0851609429805231,1.0810651318606619
2023-05-24,1.083056276175182,1.079182838219197,1.0799373051669374,1.0829101072982659,1.077376759560498
2023-05-25,1.085970123866176,1.0790650690422923,1.082528656000992,1.0857152293550418,1.0794831514541112
2023-05-26,1.095765082850514,1.088308018050754,1.0931943695377961,1.0961496869242984,1.0899826588617543
2023-05-29,1.1009452279453313,1.0928411881301965,1.0989714230524472,1.101714753053159,1.0958334661527886
2023-05-30,1.1022050060361153,1.0950782635020206,1.1005582960489764,1.1034679681460966,1.0979074059859781
2023-05-31,1.1000168124733634,1.091545996678927,1.095883811643399,1.0999784382821232,1.0920478527495814
2023-06-01,1.0992596081656323,1.0945484369532907,1.093946131756196,1.0985250105986006,1.0892992092629687
2023-06-02,1.10279631469898,1.0893676711482136,1.0969952031626948,1.1018561413671057,1.0920301307023996
2023-06-05,1.106229368604605,1.0999646512806165,1.1003740701934175,1.1050005953773532,1.09555060386725
2023-06-06,1.1076511843020025,1.1256328521206311,1.1012061627785763,1.1058150141576095,1.0958540651556818
2023-06-07,1.1163210535976678,1.1076180308113273,1.1090397665497387,1.114179458442992,1.103360502919477
2023-06-08,1.1104157687797085,1.1010832338823089,1.10329231454307,1.1083542599083935,1.097948719069993
2023-06-09,1.1072544065012575,1.0956081798823114,1.0996757067737304,1.105011862258621,1.0937565342856594
2023-06-12,1.1106932045971698,1.1016130604310388,1.1022730939937264,1.108105504843544,1.0960013652881024
2023-06-13,1.1191984642607198,1.1080890176873852,1.1095360271247323,1.1162663720487676,1.102756572376553
2023-06-14,1.121498112261883,1.1082067868642902,1.1117499877531016,1.118505940849757,1.1050986444820392
2023-06-15,1.1194574672287514,1.106322839360058,1.1086801372488428,1.1161759056197658,1.1011038188595035
2023-06-16,1.1280715235710277,1.1467090432085318,1.117295336915077,1.1246987490006166,1.109228917179465
2023-06-19,1.1251248396877938,1.1132697834924623,1.113387473524063,1.1213677286917316,1.1050720614112663
2023-06-20,1.1288427882848353,1.1259860698197846,1.117060498285086,1.1253152241413478,1.1086809146555692
2023-06-21,1.1320555910733225,1.120511015819787,1.1190338160662125,1.1282957560751135,1.1110465777978884
2023-06-22,1.1246941968846085,1.1132697834924623,1.1127870852915795,1.1211980627149958,1.1060030442794555
2023-06-23,1.1158145360421792,1.102025207634425,1.1052418350334658,1.1127203973188358,1.0997722486780677
2023-06-26,1.11963605153276,1.1042623728378105,1.1074409368656717,1.1160515280873409,1.101286448008059
2023-06-27,1.1263969635009863,1.1122688802361134,1.114487024440166,1.1229399004670453,1.1087222277395838
2023-06-28,1.134324546236831,1.1193335935454227,1.1233962657523555,1.1316607979470417,1.117837113902474
2023-06-30,1.1447458791650416,1.1318732710231683,1.1351853274959933,1.1429095638369342,1.1306198884408638
2023-07-03,1.151405710531047,1.1378782414034565,1.1425730512979042,1.1497019468066234,1.1384857155121193
2023-07-04,1.1535109991384571,1.1491228172614938,1.1453487440718626,1.1517831165121446,1.1424009070005654
2023-07-05,1.1563787218387855,1.236312252710555,1.146977175263912,1.154328106163183,1.1429606475037632
2023-07-06,1.1631149423621945,1.154715640438396,1.1528701970392456,1.1609903677001931,1.1487819947683136
2023-07-07,1.1542133335688165,1.1428234688547239,1.1431525443482828,1.1512514743597815,1.1390307260020753
2023-07-10,1.1534442979437771,1.1454727812614955,1.1435211121437459,1.1509461639693532,1.1404506762629634
2023-07-11,1.159852156544789,1.1411162200316296,1.1490960628137035,1.1571841501049036,1.1453705006858088
2023-07-12,1.1592029773081336,1.1482396831820496,1.1467245757291316,1.1558324557316504,1.1421240287829062
2023-07-13,1.1584993568650233,1.1492405864383988,1.147387301254895,1.155097236499128,1.1438591783115286
2023-07-14,1.1681836330186004,1.1523607958896673,1.156252082262939,1.1646268088591267,1.1527413762964858
2023-07-17,1.175540140358861,1.1611326681905092,1.1640262508494472,1.171860257092557,1.1613996320488724
2023-07-18,1.175805744859014,1.1528906224383968,1.1652772918358112,1.172725597757758,1.163626856082362
2023-07-19,1.1812724993289156,1.1678440739691043,1.1703203440368517,1.178200086997997,1.1685702715420403
2023-07-20,1.1871686105892518,1.1952196134637745,1.1775239580675485,1.1848510816537396,1.1771725992753985
2023-07-21,1.1771437125250526,1.171258661446854,1.1650841274856851,1.1734834612124356,1.163376445857247
2023-07-24,1.1745810320492382,1.1603084636152983,1.161390207542557,1.1700278424518855,1.159095880993461
2023-07-25,1.1767749698022774,1.164194037969106,1.162962337827268,1.1720413004101808,1.159581971430449
2023-07-26,1.182330373417808,1.1697868611460083,1.1686146006710139,1.177657177964366,1.1653385296523797
2023-07-27,1.1786712384705742,1.1606616813144515,1.16295038113973,1.1732006845845426,1.1583623723652983
2023-07-28,1.180499948602357,1.163723051093048,1.1637795716162633,1.1748350451260687,1.1575463526473344
2023-07-31,1.1882185971332717,1.1713175909510871,1.1696457779078955,1.18154259510739,1.1638949883546588
2023-08-01,1.1875860503281948,1.1663134339955867,1.1684867918071384,1.1805924214538208,1.1627018572820524
2023-08-02,1.1743343748036152,1.1553632361640307,1.155841956271956,1.1674037637127335,1.1505054063176336
2023-08-03,1.1683780781465367,1.1490638877572608,1.147746930555791,1.1608093243825695,1.1419678676268947
2023-08-04,1.176434347891655,1.1585422852879708,1.1559400475435044,1.169264345556574,1.1499426737804959
2023-08-07,1.1808453716272493,1.1611915976947427,1.1602847363248578,1.1738906153727537,1.1546740000651343
2023-08-08,1.1802856988780568,1.161839193420377,1.1588344946024263,1.1730252747075527,1.153115495617188
2023-08-09,1.183865872642385,1.1640174291195293,1.1622401771168502,1.1765317048934274,1.1567509319322635
2023-08-10,1.1797396578640238,1.1577770102169924,1.1567929192264232,1.1716849576751873,1.1514804641473204
2023-08-11,1.1740863458110578,1.1583068367657223,1.1506057397207894,1.165559971731174,1.1447165111135074
2023-08-14,1.1716711281306802,1.1552454669871257,1.1489297139472787,1.1638125005384907,1.1450847614445585
2023-08-16,1.173790477144167,1.1494171952879755,1.1505493227291057,1.165356394651015,1.146878831026149
2023-08-17,1.1700711568001911,1.1477687861375527,1.144995035072563,1.1609620900374038,1.1410015557425706
2023-08-18,1.1669545477654715,1.1434122249076868,1.1417112411204182,1.1577610807015777,1.137755083839668
2023-08-21,1.1735841149647388,1.1460026078102252,1.1473011666708843,1.163993433396494,1.1426719162285734
2023-08-22,1.1773605342748548,1.1497704129871285,1.1486116428419026,1.1669908656521613,1.1428398153638872
2023-08-23,1.1804841735126126,1.1557164538631837,1.1508167810600498,1.1695697664066227,1.1456415099138169
2023-08-24,1.178968821821133,1.1518308795093761,1.1484868521709979,1.1679693169685197,1.1422653448474471
2023-08-25,1.1716114571390384,1.1448251855358609,1.1407930139512488,1.15988753885141,1.1351420025061736
2023-08-28,1.1752877389229506,1.1488872789076843,1.1437499143877956,1.163303502608283,1.137513534638144
2023-08-29,1.1790416958770173,1.1497114834828954,1.1465790059604668,1.166346112848641,1.1396699855611347
2023-08-30,1.181816825659281,1.1527728532614918,1.1475448277110976,1.16843865989505,1.1399527327684449
2023-08-31,1.1785505247403563,1.1470622609076853,1.1414408806808487,1.163337413711706,1.1344349618705551
2023-09-01,1.1886782180904443,1.1568938761375485,1.1520291659595194,1.1739698149204878,1.1451289514842848
2023-09-04,1.1955988528423325,1.1609560593409327,1.1581242905795464,1.180960031070082,1.1506379764368122
2023-09-05,1.2007218989710098,1.1656658382699518,1.1608404320845056,1.185196047047845,1.1533541678630008
2023-09-06,1.2028262445024027,1.1656658382699518,1.1636369039562242,1.1877579370207847,1.155484150793447
2023-09-07,1.209686779591732,1.1707288348981244,1.1703085034336589,1.194923563047369,1.162318876937759
2023-09-08,1.2167500760247871,1.1807959884817971,1.1761807461112326,1.2017271024387055,1.167792457795923
2023-09-11,1.2280594436245875,1.1821500196057382,1.186968232125971,1.2131570221058419,1.1781859781551602
2023-09-12,1.2149327685393956,1.1609560593409327,1.183069191145179,1.2040685150095847,1.1780003569726647
2023-09-13,1.219508916312206,1.184740402508277,1.1873842784185504,1.2081348650106118,1.1825254630719144
2023-09-14,1.2248734756355024,1.1866242601809476,1.1901777320972982,1.2126649244975358,1.1844756938095162
2023-09-15,1.229460597383787,1.1972212403133506,1.1951464903175208,1.2174777606123528,1.1897343085369287
2023-09-18,1.225484503160548,1.1909218919065805,1.1920410019193386,1.214016618870789,1.1862551484560933
2023-09-20,1.214214230348375,1.1890968739065813,1.1787542199561527,1.2020098790665985,1.1725915651571204
2023-09-21,1.2040189784617727,1.171847417499817,1.1693754174683257,1.192282363067075,1.1632202847012356
2023-09-22,1.200821522092113,1.1698457906502413,1.1657735524108048,1.1889569761988237,1.1592078521097464
2023-09-25,1.2015836132482975,1.1685505991989722,1.1653367270204655,1.1897770284197138,1.1592255741569282
2023-09-26,1.2016072758829142,1.1697868611460083,1.165289248523349,1.1894320630256083,1.1586451195726086
2023-09-27,1.2062163455821475,1.1727304617477,1.1681955361854637,1.1933003589274902,1.1616942323137134
2023-09-28,1.1945624122992888,1.1624867891460118,1.1561124327958705,1.1804397662586068,1.150328646158729
2023-09-29,1.2030879052301195,1.1664900428451632,1.163565628168377,1.188821221325511,1.1570897222368308
2023-10-03,1.200183316830932,1.1501236306862819,1.1585521774753187,1.1847887824279069,1.1506349844028723
2023-10-04,1.1912741634294153,1.1730836794468533,1.1516309966560743,1.176299850150479,1.1451760184797222
2023-10-05,1.196217339241333,1.164841633694741,1.1575626745183023,1.1814407513375003,1.1516366253033319
2023-10-06,1.2028223007299665,1.1689626565707967,1.1640053556673422,1.1880860020929889,1.157985261010656
2023-10-09,1.1910705447438559,1.1591898810136056,1.1547602823449874,1.1776798221865217,1.149668672518548
2023-10-10,1.2033960338852356,1.1686682785443157,1.1659133179622183,1.1897487507569247,1.1601269819204048
2023-10-11,1.2106125373040149,1.1763805875792595,1.1730603989168866,1.1968350667761543,1.1672857683560418
2023-10-12,1.211666038949554,1.1762038888981217,1.172543243159788,1.1966936784622078,1.1662635284526892
2023-10-13,1.209803549549514,1.1715530394733356,1.1703797792215058,1.1945954979751647,1.1637329582089961
2023-10-16,1.2096209357388858,1.1733780574733343,1.169723090081684,1.1943975543356395,1.1625957551554182
2023-10-17,1.2149358549699978,1.177440240676719,1.1743738932808756,1.1990633686958763,1.167294629379633
2023-10-18,1.206173307022084,1.1666078120220678,1.1656041853514094,1.1898392171859262,1.1590222309272509
2023-10-19,1.203523349147575,1.1664900428451632,1.1626889591947276,1.1871584726615754,1.1562883174538803
2023-10-20,1.196667272235782,0.1161544770478115,1.1571079721388284,1.1803096448259278,1.151453996154776
2023-10-23,1.1740499087831155,0.114506067897389,1.1405076786311705,1.161210955561874,1.1360817313197251
2023-10-25,1.165437052719407,0.11344636988414873,1.1313131019989027,1.1521168150249828,1.126678113881645
2023-10-26,1.1510120191609041,0.11668432605443164,1.116228405699927,1.1370448207582788,1.1110701688347213
2023-10-27,1.1653681224359584,0.11356411660316323,1.1290366879929086,1.150748220329828,1.1222649788986807
2023-10-30,1.1695777565747616,0.11379959881224708,1.1340738198923526,1.155266902475864,1.127782864874799
2023-10-31,1.1678587861977223,0.11374072545273985,1.1313695189905864,1.153541965045716,1.1241710195965564
2023-11-01,1.1629960290498278,0.11273990079900684,1.1258391447091194,1.1482936971077915,1.1188417468368734
2023-11-02,1.1740130430842564,0.11291652087752858,1.1356429319840928,1.1591749638410433,1.1273321034539465
2023-11-03,1.181583285743717,0.11397621889076884,1.1424690397247594,1.1663122017452179,1.1330679475947556
2023-11-06,1.192606043968433,0.11591899483872764,1.152989067408554,1.1769898913983106,1.143741338205592
2023-11-07,1.1944381834675517,0.11568350140069864,1.1540411398275405,1.1783980306375221,1.1434437459068112
2023-11-08,1.1990223045194175,0.11580124811971314,1.1572089655190028,1.1829055563619109,1.1456120498873326
2023-11-09,1.1967097963907452,0.11544801919161474,1.153862834273578,1.1804001112549296,1.1427721493655565
2023-11-10,1.1986719946460718,0.116036730328797,1.1557053249978582,1.1828602679175997,1.144542627910314
2023-11-12,1.1986719946460718,0.116036730328797,1.1557053249978582,1.1828602679175997,1.144542627910314
2023-11-13,1.2026173102974727,0.11503591690400913,1.1575417793361973,1.1856767673152635,1.1456150419212725
2023-11-15,1.2157715917897174,0.11733192178006628,1.170778064609296,1.198910713500662,1.1592785101420169
2023-11-16,1.2216471268460392,0.11797951750570093,1.1759756250735685,1.2048376453455298,1.1645665848959135
2023-11-17,1.2221479859454238,0.11815612635527754,1.1752386055669872,1.2045718794991584,1.1625987471893582
2023-11-20,1.2204408468856929,0.11733192178006628,1.17269775142302,1.202569798881751,1.1603715231558684
2023-11-21,1.2237620176819894,0.11797951750570093,1.1771970645519505,1.2065908604384672,1.1656389989068718
2023-11-22,1.2238489521439504,0.1176262773486574,1.177940004360128,1.2078690991642405,1.167315228382526
2023-11-23,1.2247364724104397,0.1175085306296429,1.1779697219524552,1.2078973768270298,1.1667348888764348
2023-11-24,1.224856328798824,0.11792064414619367,1.1775357986707413,1.2076258670804043,1.1663047264584756
2023-11-28,1.2316210988053027,0.11874484872140494,1.1850425089263057,1.2151420919417277,1.1719021314904552
2023-11-29,1.2424884209555263,0.11974567337513795,1.1967987188003009,1.2268490443365032,1.184092713465223
2023-11-30,1.2485061032879146,0.12068762466936371,1.2006501651996313,1.2314752036930627,1.1862462874325024
2023-12-01,1.257144422404091,0.12109972695696933,1.2088789200812684,1.2407107325439006,1.1941857645699683
2023-12-04,1.2802187490542447,0.12327799634295714,1.2337525448590538,1.2646619129264487,1.2188673977739959
2023-12-05,1.29027133925968,0.12492640549337962,1.2451225421171417,1.2754300690085432,1.228783573641608
2023-12-06,1.2966919722540178,0.12575062129753603,1.252546019897321,1.2823580963919248,1.2336503470011362
2023-12-07,1.2986343659129804,0.12533851900993043,1.2526767308698223,1.283630591217444,1.2314968881120854
2023-12-08,1.2984846740287752,0.12569174793802879,1.2545102830995356,1.2848012422730735,1.2355181817271654
2023-12-11,1.303101202601964,0.12592723014711268,1.2577495006631898,1.2890655359136258,1.2371502211630934
2023-12-12,1.297002758668819,0.12575062129753603,1.25160097724445,1.282963194191768,1.2318062183901684
2023-12-13,1.3013462238678994,0.12592723014711268,1.2540585989130326,1.2868259671126363,1.2329816274155927
2023-12-14,1.316836247452516,0.1276345238859876,1.2697911619416082,1.3030742458756035,1.2480857599783468
2023-12-15,1.3285889465146439,0.1287530952587351,1.2835325301999227,1.3152280074343743,1.2642269775359243
2023-12-18,1.3291534203781066,0.1280466261735932,1.2829233195572172,1.3151375410053725,1.2619880155231324
2023-12-19,1.330219182011871,0.12887083074880448,1.2851639795849428,1.3163195694018899,1.2640177653165958
2023-12-20,1.3030550776112981,0.1268691814413384,1.2640288511387758,1.291406948484505,1.2461679813011688
2023-12-21,1.314644110117328,0.12751677716697307,1.2720407604639008,1.3016378289736026,1.2523487178731794
2023-12-22,1.3222994868208984,0.1283409817421843,1.2783824482327668,1.3085883901195194,1.257907801855084
2023-12-26,1.329044537965197,0.12892970410831173,1.284813404862959,1.3154598621773226,1.2633254546942194
2023-12-27,1.338926002740579,0.12993052876204472,1.2966052526308776,1.3264486061210978,1.2758990170132805
2023-12-28,1.3463628430106793,0.13010714884056648,1.3035176110398998,1.3335802105846384,1.2832021115473982
2023-12-29,1.3484943662782078,0.13046037776866487,1.3027479718323658,1.3345586619009968,1.280415262088939
2024-01-01,1.3484943662782078,0.130224895559581,1.3027479718323658,1.3366851200508292,1.2810339226451053
2024-01-02,1.3476950664864304,0.13034263104965038,1.299565171260395,1.332737514141593,1.2765501296298705
2024-01-03,1.3441465286357746,0.12987165540253748,1.2939872023974668,1.3285411531675069,1.267803378719803
2024-01-04,1.3560234565296396,0.13046037776866487,1.3036751374961024,1.340429038420286,1.2761258362015622
2024-01-05,1.359501692349913,0.1308724800562705,1.3060643854854637,1.3428835616423225,1.2792015320134398
2024-01-08,1.3473588170191613,0.1296361731934536,1.2939485463105724,1.330147346505864,1.267547099505037
2024-01-09,1.3502985564335404,0.13004827548105924,1.2965874917260882,1.3327715357046364,1.2694236801764287
2024-01-10,1.354566061146134,0.12998940212155197,1.300786610738777,1.337018818563667,1.2737749030724852
2024-01-11,1.3590627333309384,0.13069587120669388,1.3041357601771726,1.3409494136913815,1.275454124582079
2024-01-12,1.3702408418959635,0.13193217806951077,1.3170391155487318,1.352899487710373,1.2900280917463478
2024-01-15,1.380117848493809,0.13193217806951077,1.327707731194162,1.3635941881449876,1.3019828784310141
2024-01-16,1.375969257093582,0.13240315371662364,1.3238949408817255,1.3595278381439602,1.2981443290427184
2024-01-17,1.3523550622905995,0.130224895559581,1.2980614146549057,1.3348583388507913,1.2710203905962214
2024-01-18,1.3473017180530213,0.1298127820430302,1.29153248283751,1.3289765849906143,1.2645569068169005
2024-01-19,1.3607936207594693,0.13063699784718663,1.302581506881596,1.34175245513075,1.2739929763154045
2024-01-20,1.3607936207594693,0.13063699784718663,1.302581506881596,1.34175245513075,1.2739929763154045
2024-01-23,1.3331396312349864,0.1281643728926077,1.2782606757548327,1.3151148967832171,1.251391267012446
2024-01-24,1.3500921942541122,0.1295184264744391,1.2924775254903809,1.3312445419140133,1.264067824345973
2024-01-25,1.3462552466105204,0.1323442803571164,1.2877524283103714,1.326194107155994,1.258096299993291
2024-01-29,1.3684863775669993,0.13146120242239787,1.3100465428572954,1.3489463588201234,1.2807805203860507
2024-01-30,1.3585140345572202,0.13040150440915763,1.2984328845589943,1.3380537147459837,1.268083248971402
2024-01-31,1.3740887635150294,0.13146120242239787,1.3106379925952119,1.3521020797116385,1.2800793487400832
2024-02-01,1.37193700698022,0.13134345570338338,1.309927672487987,1.350275408971221,1.2784148572437315
2024-02-02,1.3814729629965263,0.131991051429018,1.3194016641387365,1.3592733391788565,1.2876270995878933
2024-02-05,1.377197913675794,0.13134345570338338,1.3143140355492056,1.3545736137151967,1.282789671176621
2024-02-06,1.3898233009906842,0.13281525600422928,1.3253630595932915,1.3667103644924459,1.292081432576644
2024-02-07,1.3948537542012964,0.13287412936373652,1.3291905926175465,1.371670222361843,1.2921462216192634
2024-02-08,1.386672398282607,0.1325209004356382,1.31962454608119,1.363283133854305,1.2796227183295796
2024-02-09,1.3844776031877342,0.13358059844887843,1.3222872887874364,1.363622465807777,1.2834260537799689
2024-02-12,1.3650387488501974,0.13210879814803253,1.3100762604496226,1.3476115647687716,1.2736188569947022
2024-02-13,1.372778916661144,0.13204992478852529,1.3183674687088844,1.3555010326869898,1.2811134417009666
2024-02-14,1.3824672223213406,0.13310962280176553,1.3262010724800468,1.3645047067948795,1.2868169488595804
2024-02-15,1.390575189779045,0.13358059844887843,1.331678047962801,1.3714440010595286,1.2909825505731414
2024-02-16,1.399443019304166,0.13446367638359694,1.339722576988879,1.379797288923264,1.2986391654250684
2024-02-19,1.4045657224961097,0.13499352539021708,1.339722576988879,1.3845818473752916,1.303444141775917
2024-02-20,1.4067240805630403,0.13534675431831544,1.3483258199675754,1.387765845929596,1.3078454237013508
2024-02-21,1.396710499411049,0.13475803195218808,1.3401207462923241,1.377891308175492,1.299484760247745
2024-02-22,1.4078337380987023,0.13558224775634448,1.3506883685575801,1.3892703059576839,1.309053284787199
2024-02-23,1.4097330931976013,0.1355233743968372,1.3512173649178716,1.39040704590989,1.3087734145356
2024-02-26,1.4057684873549368,0.13564112111585172,1.347261906945396,1.3861880407136487,1.303432403796615
2024-02-27,1.4081432385007526,0.13587660332493556,1.350504142702021,1.388721653023799,1.307927934791152
2024-02-28,1.38885759114894,0.133757207298455,1.3347745978664163,1.3708389032596855,1.2933629437287026
2024-02-29,1.3948809319374322,0.13434592966458242,1.3388548465097965,1.3754764399571329,1.295227786420792
2024-03-01,1.412581097035749,0.13599435004395008,1.3588102097574464,1.3947844502015998,1.316200333243534
2024-03-02,1.412581097035749,0.13599435004395008,1.3588102097574464,1.3947844502015998,1.316200333243534
2024-03-04,1.4177963931457578,0.1368774279786686,1.3637284712875821,1.4010960024442505,1.320139115768813
2024-03-05,1.414617455359711,0.13681855461916134,1.3611043846682298,1.3982229477210082,1.3172344262044173
2024-03-06,1.4143650539238006,0.1371717835472597,1.3663168039286657,1.4015823561523026,1.3241722624414238
2024-03-07,1.4183441488434587,0.13711292141669762,1.3691519318872785,1.4045232330823911,1.3253212034743038
2024-03-11,1.4081511260456248,0.13634757897204847,1.360795252057421,1.3964301880840138,1.3158409439360736
2024-03-12,1.4002436908428777,0.1361709588935267,1.3575531323851409,1.3905428007832028,1.3160205810506895
2024-03-13,1.3640010222944028,0.13334510501084942,1.331288701069578,1.3583231655252874,1.2961056031474356
2024-03-14,1.3831362061543597,0.13452254974310418,1.3446437406276401,1.3740511794767793,1.304881814083987
2024-03-15,1.3766048903292614,0.1342281829455679,1.3369766018072475,1.3664502320867082,1.2976169255217158
2024-03-18,1.3777755906034992,0.1339927007364841,1.3397374357850425,1.3680111369807542,1.2995229662195915
2024-03-19,1.3617883087552005,0.13299187608275104,1.3238979590746964,1.3517232032141098,1.2854852635999163
2024-03-20,1.3633255226634455,0.13352172508937118,1.3258652404698816,1.353397218759313,1.2867609057623237
2024-03-21,1.3813873145473161,0.13434592966458242,1.3396037066195705,1.370278983444533,1.2969452139022326
2024-03-22,1.3881069026391468,0.13505239874972433,1.3452441288601238,1.3764152362698139,1.301941680425228
2024-03-26,1.3886894664153056,0.13481690531169532,1.3433153874674877,1.3769695226443326,1.296518043518213
2024-03-27,1.3943761290656114,0.13499352539021708,1.349089538873513,1.3820990464904659,1.3035266528657183
2024-03-28,1.406565129387029,0.13776050591338712,1.3622959904699397,1.3946260511061317,1.3155021536315064
2024-04-01,1.4219458418878188,0.13776050591338712,1.3733777502993234,1.407910919176475,1.3234622297718655
2024-04-02,1.4272001470512714,0.13799599935141613,1.3752440383143345,1.4120055468402914,1.3229496713423334
2024-04-03,1.4295938454516173,0.13811373484148548,1.375128070053652,1.4130291761413405,1.3218507893388307
2024-04-04,1.4334505119573895,0.13893795064564188,1.3792528950855227,1.4166487169783726,1.3265643935762872
2024-04-05,1.4364482076797425,0.14076297987458616,1.3813064271490636,1.4196517826746737,1.3265083504790305
2024-04-08,1.4437730791063308,0.1397032818613459,1.3896124942044892,1.426958686555584,1.3354996426245616
2024-04-09,1.4418996157308166,0.13929117957374026,1.387746206189478,1.424696473532439,1.3341120293458688
2024-04-10,1.4505752292167693,0.13882020392662736,1.3952230827683703,1.4333155272425457,1.3406551472592796
2024-04-12,1.438567985364146,0.13940892629275478,1.3821592988319826,1.4205905789873547,1.3268442638278863
2024-04-15,1.420695666025575,0.13723065690676697,1.365053806254764,1.4022780308407679,1.3122968797343901
2024-04-16,1.4165027500525336,0.1367596812596541,1.3593005500308437,1.397080574328168,1.3049554641501973
2024-04-18,1.40894253829253,0.1356999832464138,1.3515679396398552,1.389304217061107,1.2959966240650902
2024-04-19,1.4134252358054413,0.13605322340345732,1.3586764805919744,1.3941848753827701,1.3049024130868803
2024-04-22,1.4261726228633005,0.13752502370430322,1.371698706332842,1.407254899491687,1.3160618941347044
2024-04-23,1.4305454948872849,0.13799599935141613,1.3739037284666442,1.4114342496842511,1.317923744792854
2024-04-24,1.4361101577946218,0.13852584835803627,1.3769825174654702,1.4157550986503822,1.319950617630606
2024-04-25,1.445463071329383,0.13929117957374026,1.3866110173794517,1.425160293477956,1.329846194495325
2024-04-26,1.443176540658279,0.13876133056712012,1.3808041301881286,1.4218347961500846,1.320984595513261
2024-04-29,1.4546733231829776,0.13976215522085314,1.3933866284300311,1.4337001476403284,1.334150350395944
2024-04-30,1.4548230150671826,0.14005652201838942,1.3929527051483175,1.43346829289738,1.3318789363227281
2024-05-02,1.4609473507237123,0.1405863597960644,1.3991815589338163,1.4399607779980343,1.3344330976032541
2024-05-03,1.452016249371247,0.1397032818613459,1.389758063973154,1.4309798585719207,1.3242782494898295
2024-05-06,1.44597181797364,0.13917343285472578,1.3847060732775462,1.4253921482209042,1.3223250267182878
2024-05-07,1.4305705292688358,0.13805487271092337,1.3731756474546302,1.4110553731867226,1.3140644813234366
2024-05-08,1.4354780396604618,0.13834922827951449,1.3768754876993545,1.415851308979638,1.3140644813234366
2024-05-09,1.4104578899840097,0.13605322340345732,1.3545396988725655,1.3923808488645082,1.293737063049405
2024-05-10,1.4193586414355537,0.1375838970638105,1.3616065655448197,1.400372050092996,1.2994935061931074
2024-05-13,1.4227592020856725,0.1391145594952185,1.3644148780197312,1.403703180861501,1.3023718428431872
2024-05-14,1.4342841054225242,0.1381726082009927,1.3740344394391455,1.4142054606376038,1.309076875824032
2024-05-15,1.4378142104237506,0.13829035492000724,1.3749646232958528,1.4171238038051572,1.3080576279546192
2024-05-16,1.4510615135049771,0.14088072659360068,1.387428251168447,1.4299109408265605,1.3200360056761185
2024-05-17,1.4603064019686627,0.13987990193986768,1.3934163460223583,1.4370878337344122,1.3237037789733894
2024-05-18,1.4603064019686627,0.13987990193986768,1.3934163460223583,1.4370878337344122,1.3237037789733894
2024-05-21,1.4686107864405216,0.14099847331261517,1.4008813819980577,1.4456050436746293,1.327412865354675
2024-05-22,1.4725859375877435,0.14123395552169904,1.4046852338159268,1.4493433286034525,1.3314636189962394
2024-05-23,1.4898721780486368,0.1428823759010667,1.4253953774749473,1.4684477617677605,1.353255177570885
2024-05-24,1.4894529378918426,0.14300012262008122,1.4252616483094753,1.4683629287793925,1.352633524980779
2024-05-27,1.4901631598670744,0.14294124926057397,1.4240580858202276,1.4687870937212322,1.351181122659467
2024-05-28,1.4829304526876337,0.14270575582254494,1.4189496781329365,1.4623057650422253,1.3485710333599126
2024-05-29,1.4742013410712436,0.14182267788782643,1.4078827770997162,1.4519392401394353,1.337762080595958
2024-05-30,1.4594188817021734,0.14046862430599502,1.3947239200847508,1.4374440660097854,1.3250324721991138
2024-05-31,1.4636772985913273,0.14317673146965781,1.397799690890606,1.4413463834747107,1.3275099913794899
2024-06-03,1.5121941015053293,0.14500176069860207,1.446901975825203,1.4912338140756927,1.3707102432627163
2024-06-04,1.4105053009874262,0.1464146988688859,1.3515323017459318,1.389920692201838,1.289435899182726
2024-06-05,1.4612822284440472,0.1411750821621918,1.3997431749950606,1.4410975179502405,1.3327921971437353
2024-06-06,1.482803051691111,0.14247027361346107,1.4149704228697304,1.4593762654530247,1.3446381198242847
2024-06-07,1.5101375099140866,0.14547273634571498,1.4422572090119528,1.4865001775086097,1.3722568946531317
2024-06-10,1.5128064150431255,0.14576710314325128,1.44256030523682,1.486946986672605,1.3704332499668288
2024-06-11,1.5161407889036647,0.1455316097052222,1.4425543849352238,1.488841590079489,1.3707661712817447
2024-06-12,1.523365608538233,0.1455316097052222,1.4471754705420883,1.4953171748582417,1.374189403343552
2024-06-13,1.531265156196108,0.1464146988688859,1.453160547203029,1.5023922239962038,1.3786644504134242
2024-06-14,1.5407106626489342,0.14694453664656087,1.4604205782254094,1.511226121667737,1.3825943719151124
2024-06-18,1.5484732070817464,0.1475921323721955,1.467071398605084,1.5181598929513729,1.3880327388353693
2024-06-19,1.5412487303839117,0.14723890344409718,1.4620996221918907,1.511474987192207,1.3855639656003556
2024-06-20,1.5469329067428992,0.14735665016311167,1.4650683632316304,1.5163501225328568,1.3885688883017342
2024-06-21,1.5412979418051795,0.14694453664656087,1.459460676776375,1.5112826769933156,1.3846860337954836
2024-06-24,1.5454179837223365,0.14723890344409718,1.463389319265149,1.5153490269943428,1.3868513457420653
2024-06-25,1.5510282572152387,0.14812198137881566,1.471484461065659,1.5214570021568345,1.3976602985060198
2024-06-26,1.5556822516265703,0.148475210306914,1.4779836752907274,1.5265583587997988,1.4063510063188305
2024-06-27,1.5627664672003734,0.14971152839867607,1.487457666941477,1.5355675558887019,1.416703213594053
2024-06-28,1.5641826244416668,0.1493582994705777,1.4863105214439127,1.5359578097271183,1.414705800782785
2024-07-01,1.575616992480855,0.15059460633339455,1.4951336281720917,1.5460755795650587,1.4224449267245134
2024-07-02,1.572400760325032,0.1503591241243107,1.493017758815271,1.5422976396325583,1.4213784967814345
2024-07-03,1.5844695613213318,0.1511244553400147,1.5041202977424148,1.5538688371540212,1.4309618664123591
2024-07-04,1.5888437193580671,0.15153655762762033,1.5062391852922064,1.5571490460375814,1.4318839882569572
2024-07-05,1.5941151713581985,0.1518309244251566,1.5091336323511282,1.561747038190972,1.433162507375076
2024-07-08,1.592623225098785,0.15230190007226949,1.509270379709571,1.5609722744143928,1.4329681402472179
2024-07-09,1.599754937410188,0.15265512900036787,1.5164946567536828,1.5680756012151442,1.4396053921515037
2024-07-10,1.593788695587836,0.15206640663424045,1.5111782259201019,1.5627763009326547,1.4331978363912112
2024-07-11,1.5959478252624173,0.15224302671276221,1.511659627698932,1.5641959279723745,1.4326970159409815
2024-07-12,1.601582790200137,0.1533027247260025,1.5201915948897815,1.5717064089334438,1.4436679988505987
2024-07-15,1.6093379614931773,0.15383256250367747,1.5272495230674685,1.5800031414716005,1.4486496202821235
2024-07-16,1.6090526381308439,0.15424467602022826,1.5262420270369725,1.5791265339251317,1.4501992637064787
2024-07-18,1.6093444772911154,0.15418580266072102,1.5325243957055292,1.582123966180799,1.4612673726409107
2024-07-19,1.5846845826532827,0.15253738228135336,1.51267594613965,1.5595866689377165,1.4453619503734345
2024-07-22,1.5908471557556059,0.1524785089218461,1.5150266541264619,1.5647953923315838,1.4440863082110271
2024-07-23,1.5855222056250369,0.15230190007226949,1.510818596619206,1.5596432242632952,1.4423069686426788
2024-07-24,1.5892314093353723,0.1524785089218461,1.5089999031856562,1.560672487004978,1.4384447131393214
2024-07-25,1.589022389396259,0.15194865991522596,1.5100994541017592,1.561040096621239,1.438008681731711
2024-07-26,1.6151888051046819,0.154951133876425,1.5359181215324156,1.5879830758188207,1.4632706544418297
2024-07-29,1.6225365675582364,0.155186627314454,1.5394871347202936,1.5937064305835296,1.46334430450804
2024-07-30,1.6256241984389692,0.1554221095235379,1.5402092954307112,1.5954879233392563,1.4645934786779031
2024-07-31,1.6317339592843219,0.15589308517065076,1.5468363185196552,1.602868393327267,1.4701231026333237
2024-08-01,1.6299794949553579,0.15595195853015803,1.5487502011161278,1.6023028400714807,1.473643575798174
2024-08-02,1.61308574558604,0.1547745250268484,1.531757658606621,1.585008287785309,1.4563681472209586
2024-08-05,1.5633942128911804,0.1510067086210002,1.4884383474882714,1.5383274999607868,1.4173572031663544
2024-08-06,1.5566308146316359,0.14953490832015431,1.482358081664408,1.531535227450718,1.413642362873646
2024-08-07,1.5854251545294356,0.15206640663424045,1.506622495799488,1.5586025841807243,1.4316099869950094
2024-08-08,1.574634307270799,0.15147768426811306,1.4954635398806606,1.548077660182466,1.420974917434248
2024-08-09,1.5895040440385635,0.15147768426811306,1.5111633671239384,1.563873496340804,1.435734390702784
2024-08-12,1.589105380085784,0.1520075332747332,1.5088246158246643,1.5625444461897064,1.4345265296169356
2024-08-13,1.5741759723263773,0.1510067086210002,1.495101008471139,1.54865448031952,1.4222711585995487
2024-08-14,1.5719136186949902,0.15106558198050746,1.4954279019867371,1.5474498077008472,1.4225510288511476
2024-08-16,1.5985145352448513,0.1533027247260025,1.5202628706776284,1.5739007997497427,1.4459658809163587
2024-08-19,1.6041160638510474,0.1540680559417065,1.5238111047677465,1.5774467744796745,1.4478218625848573
2024-08-20,1.6138925042517724,0.15489226051691776,1.5323787098525194,1.5870329021652516,1.4552575272381536
2024-08-21,1.6198997270137867,0.155186627314454,1.536589669468401,1.5915573282115416,1.4594614500017895
2024-08-22,1.624697926321586,0.15565760296156692,1.5399923337898545,1.5962853313379908,1.4618948942206678
2024-08-23,1.6229544359680963,0.15530436280452337,1.5397248754589103,1.5947697148882558,1.462581335853393
2024-08-26,1.6327133865954089,0.1562463253276943,1.5498794696245577,1.6052380835609354,1.473625853750992
2024-08-27,1.6354669970976408,0.15506888059543952,1.5502568598302429,1.6068499103399263,1.4740471551453604
2024-08-28,1.636270669332771,0.1568939098243838,1.552256877010726,1.608258160038758,1.4760857659624147
2024-08-29,1.6374268805300156,0.15659955425579267,1.5565421306074252,1.6108031496897963,1.4819541802224026
2024-08-30,1.64429916120247,0.15742375883100393,1.5616208207023892,1.6169959578406559,1.4869005877160206
2024-09-02,1.6462100046819437,0.15830683676572246,1.565225587868536,1.6195239367101724,1.4894222969361228
2024-09-03,1.6482156701682507,0.15889555913184983,1.565623757171981,1.6205136549077983,1.4894900780126819
2024-09-04,1.645526531771931,0.15795360783762405,1.5617040531777742,1.6167866368602428,1.4847086926986661
2024-09-05,1.6459558885623655,0.15765925226903296,1.5595257304433285,1.6158987624325065,1.481550600875216
2024-09-06,1.6265292084788707,0.15636406081776366,1.5410682034995715,1.5956972443196693,1.464290017389471
2024-09-09,1.6284268488941018,0.15589308517065076,1.5459834468367364,1.5992714967123902,1.4692540318520426
2024-09-10,1.6378987614754132,0.15606970524917255,1.5521616878478033,1.6076982402236055,1.4754229153665224
2024-09-11,1.6303016840165505,0.1555398562425524,1.5445897381903333,1.6006853798518559,1.468196347854326
2024-09-12,1.6557925143598327,0.15842458348473695,1.5727203414365623,1.62818827886459,1.4959153558201561
2024-09-13,1.6573902566015535,0.15830683676572246,1.570271658262547,1.627820669248329,1.4940063230883407
2024-09-16,1.6594485628764641,0.15866007692276596,1.572262736948463,1.6305465917573705,1.4956118945317243
2024-09-17,1.6595478430608337,0.15901330585086434,1.5733266499706422,1.6311177784537907,1.4976623584063091
2024-09-18,1.6534835213326795,0.1586012035632587,1.5702865170587106,1.626582085526233,1.4952466362346128
2024-09-19,1.6512177383339568,0.15707052990290557,1.570589613283578,1.625060725176244,1.4975003282606467
2024-09-20,1.6749578766523443,0.16060285287072476,1.5941110876104805,1.6492551376426283,1.5196040940690867
2024-09-23,1.6870916641596563,0.161427057445936,1.6061823503968808,1.6619574416756635,1.5283302459762609
2024-09-24,1.6876060692600172,0.16219238866163999,1.606384453241574,1.6627435827931305,1.5284097650321224
2024-09-25,1.6862895351398268,0.16189803309304887,1.6078198361678422,1.6622741294069798,1.5321659184088456
2024-09-26,1.6952619603686878,0.16307547782530366,1.6199802517312238,1.6728329645086613,1.5446511006484542
2024-09-27,1.6950380226816641,0.16342870675340204,1.6198375840711847,1.6723183331378197,1.542465074620751
2024-09-30,1.6780367626463708,0.1615448041649505,1.5982210538461878,1.6526370798364578,1.5207766261387998
2024-10-01,1.6796837163093594,0.16125043736741426,1.597929798224513,1.6533157437434014,1.5199547374311846
2024-10-03,1.6440020065228282,0.16077946172030136,1.5634573911250733,1.6175049557708634,1.4877372064368777
2024-10-04,1.6282011965234102,0.15866007692276596,1.5486431713500122,1.6022180070831127,1.473861533962865
2024-10-07,1.604397443440945,0.1673142586493196,1.530435225748065,1.5811625256459623,1.4609669033864185
2024-10-08,1.6270539016812389,0.15659955425579267,1.5487233856324263,1.6025687163774722,1.4737761459173524
2024-10-09,1.632970932082323,0.15659955425579267,1.5498675129370199,1.6061429687701934,1.4719377712178072
2024-10-10,1.632529915442947,0.15677616310536927,1.5500368799964153,1.6055208601888284,1.4729099520917828
2024-10-11,1.633082043584001,0.15659955425579267,1.5485302212823002,1.605492582526039,1.4708949323115614
2024-10-14,1.640584813441131,0.15748263219051117,1.5570770472693132,1.61401542590689,1.4805400989511655
2024-10-15,1.6413713388395827,0.15718827662192006,1.5541765638244498,1.6120982887374709,1.4763803662272559
2024-10-16,1.6369203629745268,0.15695278318389105,1.548767962020917,1.6067933550143476,1.4713103647162786
2024-10-17,1.617174237323708,0.15512775395494677,1.531368311713398,1.5872874011303555,1.4582624499395322
2024-10-18,1.6209439693675192,0.154951133876425,1.5366254234466696,1.592654523619691,1.4644019885057564
2024-10-21,1.6093022960728858,0.15453903158881938,1.5298319354069558,1.5823501874831134,1.4601037015947886
2024-10-22,1.5785549314773826,0.15241963556233887,1.5065660788078046,1.5554184751667997,1.4418974052276126
2024-10-23,1.5800088117593691,0.15230190007226949,1.5049375315314102,1.5556617072506358,1.439740954304622
2024-10-24,1.5766156242490221,0.15177205106564937,1.5022540097274037,1.5525058758995003,1.4376139634081153
2024-10-25,1.556499469862677,0.15018250404578898,1.4871990310207552,1.5346287595760206,1.424734062844911
2024-10-28,1.5670015643916444,0.15118332869952197,1.4962926142728488,1.5445654860963371,1.4340640302167809
2024-10-29,1.576807154414723,0.15212527999374773,1.5049761876183045,1.5544004793063844,1.4415880749495296
2024-10-30,1.5734604348317753,0.15147768426811306,1.4974724955557108,1.5483377925882036,1.4341641482755354
2024-10-31,1.568756543125709,0.15077122641191631,1.4894160098420952,1.5403634916816173,1.4261804810983434
2024-11-01,1.5781331192950867,0.15077122641191631,1.4968513282254674,1.548524358886841,1.432013566342196
2024-11-04,1.5571688823666132,0.1488873238234648,1.477424961338109,1.5285264178541629,1.41380726997502
2024-11-05,1.5676298244875517,0.1503591241243107,1.4894933220158837,1.5404369473290975,1.4266489645663778
2024-11-06,1.5921570026094913,0.15265512900036787,1.5098409342653822,1.5636529084791235,1.4426015689075198
2024-11-07,1.5760221722315726,0.15124220205902922,1.4924590448626525,1.5475516514707368,1.4258269607805343
2024-11-08,1.5654977868149227,0.1503591241243107,1.4860549037161617,1.538564988144369,1.4228131770555648
2024-11-11,1.5618328219432185,0.15312610464748075,1.4866701507448088,1.5368061396107977,1.422406720752667
2024-11-12,1.543448840998155,0.14865183038543578,1.4689733245140186,1.5188271795174284,1.4072140930322319
2024-11-13,1.5158825575432835,0.14782762581022452,1.4470684407759729,1.493281183137411,1.3881005199119283
2024-11-14,1.5187987200572293,0.14659130771846252,1.4482007274773734,1.4953680967431864,1.3865478844536334
2024-11-18,1.5142774421617908,0.1461203320713496,1.4443344222818792,1.492042599415315,1.3818991843370245
2024-11-19,1.5210293520407607,0.147474385653181,1.4487147489571564,1.4981279303556512,1.3857112657327761
2024-11-21,1.5083250892771485,0.14529612749613838,1.4344741019308773,1.4851089385912997,1.375777367817982
2024-11-22,1.5367854087964472,0.14776875245071727,1.4653952567472284,1.51464208542461,1.4086164363241667
2024-11-25,1.5595445765884466,0.15018250404578898,1.4855022261494846,1.536014365052697,1.4271556540062587
2024-11-26,1.5596332257340755,0.15012363068628168,1.4848751385176446,1.5355392782259125,1.425541221539284
2024-11-27,1.5685134009816049,0.15106558198050746,1.4927236010849707,1.5439433775149722,1.4302784168135736
2024-11-28,1.5562760465807537,0.14947603496064707,1.4761471048680435,1.529793279239048,1.409023007705293
2024-11-29,1.5682297923029394,0.15071235305240907,1.4890860981335263,1.541358843319877,1.421805667165454
2024-12-02,1.578382434300395,0.15130107541853646,1.49765672141127,1.551533168483396,1.4303461978901328
2024-12-03,1.5910837821017718,0.15271400235987512,1.5092525027204367,1.5638508521186487,1.4410165964670294
2024-12-04,1.5965243019115551,0.15271400235987512,1.511341672677901,1.568414933168616,1.4416234039656648
2024-12-05,1.6074344911534755,0.15377370037311539,1.5249790293630707,1.58167152357617,1.4558202597752914
2024-12-06,1.6101460919058443,0.15430353815079037,1.5253386586639668,1.583187140025905,1.45401732917011
2024-12-09,1.608304178709819,0.15353820693508635,1.5211959566429614,1.580970215447071,1.450552784024288
2024-12-10,1.6099182104463845,0.15377370037311539,1.5215525677508868,1.5819033783191183,1.450025495581514
2024-12-11,1.612576141599949,0.15342046021607186,1.5236239768035618,1.5844087129664792,1.4518962072632544
2024-12-12,1.6056813985714455,0.15353820693508635,1.5183550244670974,1.578623169435558,1.4464106582693317
2024-12-13,1.6130387632535403,0.1543624115102976,1.528946327938739,1.5876098327619257,1.4593495939637326
2024-12-16,1.6118724354226555,0.15383256250367747,1.5246818534397997,1.5860092728642026,1.4534545966329722
2024-12-17,1.5936354028679285,0.15359708029459362,1.5049969667160645,1.5674874037372024,1.4338784090342853
2024-12-18,1.5829410922997929,0.1511244553400147,1.4940578745467197,1.5563233603760576,1.42579750075405
2024-12-19,1.5698347362160652,0.14959378167966156,1.4790415519269653,1.5426200712641287,1.411235386647312
2024-12-20,1.5399670043421791,0.14694453664656087,1.4531218911161348,1.5127305816958247,1.3897767493875823
2024-12-23,1.5465158956748732,0.14794536130029387,1.4620906836973235,1.521309980402254,1.399554486146365
2024-12-24,1.546129920381236,0.14782762581022452,1.4604710749154963,1.519754708948842,1.3980344178267223
2024-12-26,1.5479903521608744,0.14770987909121003,1.4627801086224432,1.5220564665160439,1.3993629959742184
2024-12-27,1.549148792446887,0.14812198137881566,1.4640074684024218,1.5224410869138267,1.403086812368746
2024-12-30,1.5441863264437057,0.14765100573170276,1.456206600416557,1.5166837105860744,1.3931587834436032
2024-12-31,1.5446542636166674,0.14718003008458988,1.4558975838900932,1.5164688666246477,1.393152914453952
2025-01-01,1.5446542636166674,0.14782762581022452,1.4558975838900932,1.5227465077638753,1.3989329486344875
2025-01-02,1.5749261464310702,0.15006475732677443,1.487591396106949,1.5479248945276316,1.4251965622450657
2025-01-03,1.5671745759737323,0.14953490832015431,1.478738455702098,1.5394925175757825,1.4143611414885668
2025-01-06,1.5342087536487397,0.14718003008458988,1.4504918841951862,1.5079685570063321,1.391458962931116
2025-01-07,1.5423106339794233,0.14712115672508264,1.4548603702672702,1.5140482545060345,1.3968707467806003
2025-01-08,1.5345503186353793,0.14623807879036413,1.4517638203636551,1.5086133098098526,1.3957541427299156
2025-01-09,1.5222308308868369,0.1455316097052222,1.4402512715298732,1.496284248833712,1.3861826261565218
2025-01-10,1.5050877665122109,0.1452372541366311,1.4302928599073228,1.4823546279598483,1.3805852211245422
2025-01-13,1.4667140033671242,0.14182267788782643,1.4018858598355828,1.4477710463685185,1.3602253507900868
2025-01-14,1.4826521595283386,0.14276462918205218,1.412809977124419,1.463114550381848,1.365534139625105
2025-01-15,1.4870856456199821,0.14329447818867233,1.4168902257677993,1.4676559872096597,1.3677229275302911
2025-01-16,1.4984648008450647,0.14358883375726347,1.4255262045317936,1.4777850239288675,1.373532536815539
2025-01-17,1.4961189421190524,0.14394207391430697,1.4220462280365518,1.4753644118102542,1.3671337270006092
2025-01-20,1.5047107075736463,0.14441304956141987,1.4293449151458264,1.4839495544169379,1.3754739065295503
2025-01-21,1.4790051988351467,0.14241140025395382,1.4065187860456403,1.4584374691403437,1.3566136205900727
2025-01-22,1.4771331072065668,0.14252913574402318,1.4108962106122915,1.4588672675228171,1.364314425481726
2025-01-23,1.4867555690139171,0.14329447818867233,1.415939262813332,1.4677633539605628,1.3672604281301364
2025-01-24,1.4716185130623316,0.14223478017543206,1.4062483095217255,1.4555644144171012,1.3605936011211381
2025-01-27,1.444318691449447,0.13999764865888217,1.3860254879431317,1.4313870127322386,1.3450947502347883
2025-01-28,1.4455294295873296,0.14270575582254494,1.393163746487578,1.4362903152760573,1.35264238600437
2025-01-29,1.467641475763075,0.14247027361346107,1.4083909943622477,1.4548857505101578,1.3647710558922297
2025-01-30,1.4714226961874608,0.14252913574402318,1.4129229271921309,1.4587597903122937,1.3698617714843284
2025-01-31,1.4908215983955362,0.14482515184902547,1.4296211958869924,1.4777397354845565,1.385116196213443
2025-02-01,1.4908215983955362,0.14470740513001096,1.4296211958869924,1.4777397354845565,1.3835695448230276
2025-02-03,1.4786351700996205,0.14329447818867233,1.4202721109914926,1.4663494708210971,1.3764343494242233
2025-02-04,1.5011331915690034,0.1458259765027585,1.443065504306381,1.4897633756106483,1.3987178674255079
2025-02-05,1.504190986953915,0.14588484986226577,1.442572145840013,1.4910416143364216,1.3961872971818148
2025-02-06,1.4968603713370392,0.14859295702592853,1.4360134964302904,1.482252894649579,1.390710609211483
2025-02-07,1.4946124210484621,0.1455316097052222,1.4339035473750659,1.4809407448203826,1.388153455897017
2025-02-10,1.475581318487145,0.1443541762019126,1.4203226076815798,1.4639967913689504,1.3776450874657828
2025-02-11,1.4472444561919329,0.14164605780930467,1.3985574894949473,1.4379474304993591,1.3593917241031694
2025-02-12,1.4443034307648028,0.14146944895972807,1.3972230999488533,1.4361942154064218,1.3578273506655723
2025-02-13,1.4439188272180998,0.14135170224071358,1.3970150768025635,1.436595736126106,1.3570113309476082
2025-02-14,1.4251191212177614,0.14040975094648778,1.3863346205539406,1.4217273189395612,1.3509926245212602
2025-02-17,1.4268354338351155,0.14040975094648778,1.3874044538777164,1.4235541001395988,1.3527749561235485
2025-02-18,1.4236819591015366,0.14099847331261517,1.3867060904580293,1.4224965597351267,1.3519383374026912
2025-02-19,1.4313474524387475,0.1408218532340934,1.388914130784802,1.427993693197521,1.3512077057302398
2025-02-20,1.4379230928366604,0.14064523315557168,1.391460905230366,1.4331289609439084,1.3500440346841178
2025-02-21,1.4281944063760854,0.14046862430599502,1.3832975058349797,1.422971536102291,1.3431356584735954
2025-02-24,1.41317634947105,0.13852584835803627,1.3682989441200144,1.4078882749543193,1.3288445535948654
2025-02-25,1.4100553679929773,0.13852584835803627,1.3662455281408186,1.4046816321778595,1.328502886334587
2025-02-27,1.4031232448605144,0.1376427591943726,1.3639364944338717,1.4000780065838352,1.3283555862021665
2025-02-28,1.373803440152696,0.1364064523315557,1.336070215241271,1.3704656602027907,1.303588449874398
2025-03-03,1.3755202671751503,0.13564112111585172,1.3381355879080046,1.3725582072491997,1.3032703736509523
2025-03-04,1.3769990961045044,0.1354056276778227,1.3375829103413275,1.3721905976329387,1.3011109306940218
2025-03-05,1.4005676803219216,0.1369951746976831,1.3562396380211519,1.3936080552457164,1.3161149451980214
2025-03-06,1.4134664739476537,0.13852584835803627,1.3693153786450774,1.4056769838161192,1.3283348721210448
2025-03-07,1.4134010587657244,0.13870245720761287,1.3686555552279398,1.4043818447684446,1.3287944945654881
2025-03-10,1.401279616980821,0.13793712599190888,1.3605159531232842,1.3939078426551312,1.323362111713111
2025-03-11,1.4043001179959567,0.13770163255387988,1.3636035645323321,1.398058915184906,1.3255774826890698
2025-03-12,1.4011404704011734,0.13793712599190888,1.3622485119728234,1.3956101358631237,1.3239630502220952
2025-03-13,1.3952707652693224,0.13752502370430322,1.3573718086382076,1.389745282324848,1.3196441643082342
2025-03-17,1.4031856593460248,0.13770163255387988,1.3646794342420494,1.3975895722583755,1.3262167422481292
2025-03-18,1.4285231969693994,0.13770163255387988,1.3872410071199173,1.4218687072535077,1.3453982115232204
2025-03-19,1.4421041774923935,0.14135170224071358,1.3948456925626849,1.4344297334322167,1.3497169823588528
2025-03-20,1.4560793637906306,0.14270575582254494,1.410438490039847,1.4493489620440863,1.3663943493827952
2025-03-21,1.469976360513613,0.14341222490768682,1.4206257039064472,1.4613783460704322,1.3758068278444662
2025-03-24,1.4886619543158546,0.1452372541366311,1.4391754018201561,1.480443124231063,1.3939512121247342
2025-03-25,1.481970915707094,0.14482515184902547,1.4359481409440398,1.4751042794045166,1.394558134701598
2025-03-26,1.4703165537533183,0.14400093604486908,1.4258738771451516,1.4649469650225193,1.3838464230406866
2025-03-27,1.4798014979305054,0.14476627848951823,1.4350655516687938,1.4737413181499959,1.3900388975919995
2025-03-28,1.473990092043362,0.1445307850514892,1.4298530163240128,1.4684873063118173,1.3857613247621534
2025-04-01,1.455324217103301,0.14270575582254494,1.4094341282866671,1.4488682417766678,1.3649242250143014
2025-04-02,1.4687414453360133,0.1437654538357852,1.4206108451102837,1.4622774873794362,1.3747432748570987
2025-04-03,1.4670387644538188,0.14335335154817958,1.4165366328528448,1.4592687882425013,1.3698971005004636
2025-04-04,1.4371465983376657,0.1405274976655023,1.3927595407981914,1.4318338218962339,1.3495313611763573
2025-04-07,1.3899356127709297,0.13622983225303398,1.3478651972865052,1.3847401360111395,1.3057626228445705
2025-04-08,1.414927298698495,0.13882020392662736,1.3716244123520245,1.40992426667515,1.327813452667922
2025-04-09,1.406625743454688,0.13834922827951449,1.3641830575827107,1.4023402196069803,1.3197591274584592
2025-04-11,1.4339083324967106,0.1408218532340934,1.388955688980322,1.4278918494276314,1.345059421218653
2025-04-15,1.4697498508010873,0.14382432719529248,1.4215351086653945,1.4627130296621638,1.3745194477027567
2025-04-16,1.477988562888467,0.1441186827638836,1.4286583923293321,1.4705515756954373,1.3809210193951695
2025-04-17,1.4972748103795632,0.14629695214987137,1.4513091179841815,1.4914883130407965,1.40534050439478
2025-04-21,1.519223961606861,0.148475210306914,1.4695825351567242,1.5132678572888216,1.4214787299184175
2025-04-22,1.524517361557941,0.1485340836664213,1.4722362232840587,1.517492495925697,1.4239356500959004
2025-04-23,1.534722815812367,0.14977040175818332,1.4821351997219547,1.5289788604587917,1.4334629766295681
2025-04-24,1.5311185507425051,0.14929942611107042,1.4776122053866387,1.5247542218219166,1.428616802272933
2025-04-25,1.5082201506366748,0.1478864991697318,1.4609941509741915,1.5040153176564621,1.416399752305621
2025-04-26,1.5082201506366748,0.1478864991697318,1.4609941509741915,1.5040153176564621,1.416399752305621
2025-04-28,1.5260756660753008,0.1493582994705777,1.4783907830887397,1.5229896293880913,1.4334365086370238
2025-04-29,1.526943124542876,0.1493582994705777,1.4781768396408537,1.5234873604370314,1.4338754170003456
2025-04-30,1.5205694738810382,0.14918167939205593,1.4765958869459208,1.519997941032678,1.4337723069076511
2025-05-02,1.5198297593467192,0.14912280603254865,1.4769167440755775,1.5183408258093762,1.4345088075697539
2025-05-05,1.5327883096982766,0.15012363068628168,1.4864858088049047,1.5310431298424116,1.4412522766789022
2025-05-06,1.5165432251605138,0.14918167939205593,1.4762183806558904,1.5165027777280708,1.4364473003280536
2025-05-07,1.5241622505703252,0.14982927511769056,1.4791752810924372,1.522967095625556,1.4384977642026384
2025-05-08,1.5073720680945466,0.14812198137881566,1.4667414868965152,1.5073973703099122,1.4302136277709543
2025-05-09,1.4970829372771286,0.14682680115649152,1.4524503431801492,1.4950626758931378,1.4145526316607135
2025-05-12,1.554459167766279,0.15241963556233887,1.5085482189991533,1.5534390387715475,1.4685645981853774
2025-05-13,1.5426876929179878,0.15088896190198567,1.4910563977216822,1.53885914211315,1.4481576608554847
2025-05-14,1.5527942099247778,0.15165430434663485,1.497368483982566,1.547121853088263,1.4533750775771108
2025-05-15,1.5730811468044426,0.15353820693508635,1.519938995355001,1.568369644724305,1.4766602364788548
2025-05-16,1.5783925509340353,0.15359708029459362,1.521130601156711,1.571825153025235,1.4741679872852367
2025-05-19,1.5782011922367012,0.15359708029459362,1.518658120691965,1.5699080158558156,1.4697871892844678
2025-05-20,1.558900198466061,0.15153655762762033,1.5006581982363074,1.5501702072288752,1.4543767184775702
2025-05-21,1.568942243366939,0.15253738228135336,1.5101945271803368,1.560384076936451,1.4620097422926643
2025-05-22,1.5601714649374196,0.15130107541853646,1.4990683070468074,1.5494518883182544,1.4500047815003922
2025-05-23,1.572062796174095,0.15265512900036787,1.5128037550035254,1.5629459669093906,1.4643489374424392
2025-05-26,1.5806168385879957,0.15400918258219926,1.5213327040014042,1.572034474005648,1.473069105281734
2025-05-27,1.5747641088244566,0.153184978006988,1.511814135962164,1.5642411059570653,1.462760972968009
2025-05-28,1.5716800787794265,0.15277287571938236,1.507341638316935,1.5603331550515063,1.4584156190616038
2025-05-29,1.5773294470599561,0.15306723128797348,1.5118112338535383,1.5656267114337417,1.4631970043756195
2025-05-30,1.5721387566605816,0.15241963556233887,1.5063401786723805,1.5607460531120783,1.4583125089689095
2025-06-02,1.5740147920615977,0.1518309244251566,1.5057101889319149,1.5618375046199737,1.4563033581783393
2025-06-03,1.564786193092757,0.1518309244251566,1.495511134462122,1.5518668669962339,1.44604539997222
2025-06-04,1.5710996583578527,0.15230190007226949,1.5001827167590738,1.5577655211783126,1.4506234420565585
2025-06-05,1.5795597361067542,0.15253738228135336,1.5078557758810627,1.5661074317011598,1.4583243620264401
2025-06-06,1.5951318073048781,0.15424467602022826,1.5238468587460152,1.5831305847003263,1.4731810763980193
2025-06-09,1.6064389458159103,0.15506888059543952,1.5322063246001534,1.5933784759709455,1.4790818276402025
2025-06-10,1.6069775279559881,0.15548098288304515,1.5325659539010492,1.5937178079244174,1.4791437397271103
2025-06-11,1.6068542422002683,0.15565760296156692,1.533849730672711,1.593474575840581,1.481332642710525
2025-06-12,1.5869904892498337,0.15400918258219926,1.5162837314987674,1.574002533060012,1.4664140162520378
2025-06-13,1.5779124395070319,0.15277287571938236,1.5055734415734723,1.5638000406933241,1.4564211982842756
2025-06-16,1.59084372638827,0.1548333871574105,1.5189701554113995,1.5778200175365693,1.4698491013713757
2025-06-17,1.583385366838138,0.15342046021607186,1.512429266906466,1.5704000030045018,1.4643636674556813
2025-06-18,1.5794877193927037,0.153184978006988,1.509537838040515,1.5666673515163123,1.4619273462810918
2025-06-19,1.568571357289579,0.15236076220283157,1.5049255748438723,1.5583367078747326,1.460819603253998
2025-06-20,1.5871686448829252,0.1543624115102976,1.524441210592557,1.578979401710931,1.479623961174447
2025-06-23,1.5841254243091905,0.1540680559417065,1.5175555515828913,1.5740195438415336,1.4713456937324139
2025-06-24,1.5914414651148894,0.15471565166734116,1.5234188557658979,1.5809758488877048,1.475614405538669
2025-06-25,1.6041765921845232,0.15536323616403067,1.5347561172386877,1.5919305712684366,1.4874220071691435
2025-06-26,1.6195809673199297,0.15695278318389105,1.552512378654132,1.6088067025130226,1.5053484332847205
2025-06-27,1.6268229337911768,0.1578947344781168,1.5586044850811882,1.6147732893615676,1.5105805800195886
2025-06-30,1.6260429241906629,0.15765925226903296,1.5536060092686383,1.6121265664002602,1.5034659836236777
2025-07-01,1.6260336648988565,0.1577769877591023,1.5545926101170293,1.6130144408279965,1.5049242549346407
2025-07-02,1.6213390324845964,0.15754150555001845,1.5493594117588334,1.608133672046713,1.4997156992366056
2025-07-03,1.6193623451522763,0.15695278318389105,1.5454931065633393,1.604881740825942,1.4968816677044805
2025-07-04,1.622710779418892,0.15730601211198939,1.5492761792834484,1.6081111382841777,1.5001634686235183
2025-07-07,1.621874528194072,0.15730601211198939,1.5497457404590858,1.607760428989818,1.5001811906707
2025-07-08,1.6241053316459704,0.15748263219051117,1.5528066524687774,1.6099321755839613,1.503787051881063
2025-07-09,1.6225588584459187,0.15748263219051117,1.55030735652033,1.6074324743772341,1.5010531384076924
2025-07-10,1.6170701560250684,0.1568939098243838,1.5436119597521645,1.6008437789473242,1.4939326730221303
2025-07-11,1.6042011121609738,0.15565760296156692,1.5310979512738283,1.5876889218500396,1.4818304711268149
2025-07-14,1.6058232029107784,0.15512775395494677,1.5289196285393827,1.587711566072195,1.4778504905957497
2025-07-15,1.6153354105582847,0.15671730097480718,1.5363490266211586,1.596692595957929,1.4845379166076411
2025-07-16,1.6165648387481473,0.15636406081776366,1.537718937976831,1.5979085354578695,1.4854953674683744
2025-07-17,1.6133038533485928,0.15583421181114349,1.5320280190461906,1.5925470464091676,1.4795679180771901
2025-07-18,1.603628750752639,0.154951133876425,1.5229374539870677,1.5828082635283762,1.4711394735470251
2025-07-21,1.6104615937007323,0.15524550067396128,1.5301796080203138,1.5907203756687502,1.4783453269780997
2025-07-22,1.6065930958776518,0.15501000723593225,1.527716066050135,1.5869141580734605,1.4765895784465843
2025-07-23,1.613848608349875,0.15601083188966527,1.5361617825726288,1.595120313722995,1.4859578668685292
2025-07-24,1.6049751203686502,0.155186627314454,1.5275971956808265,1.586150661178149,1.4766602364788548
2025-07-25,1.5859541344409733,0.1537148270136081,1.5121558882739257,1.5684771219348284,1.463397355571357
2025-07-28,1.5745446293149692,0.15294948456895896,1.5028186439816187,1.5581840526795183,1.4541999583186656
2025-07-29,1.585806157240436,0.15389143586318477,1.5122480592438776,1.5684432108314053,1.462460503713517
2025-07-30,1.5875895997233873,0.15383256250367747,1.514173782443543,1.5699022719555618,1.4644609085587246
2025-07-31,1.5794508536938445,0.15353820693508635,1.5084947041160954,1.5625105350862833,1.4593524709194439
2025-08-01,1.5626094021763965,0.1518897865557187,1.49477109676257,1.5471840418544756,1.4473917001668979
2025-08-04,1.5754146598080463,0.15277287571938236,1.505505067894251,1.56008992296767,1.4566657395197393
2025-08-05,1.5711555570454252,0.15265512900036787,1.5012108758029845,1.5553562864005872,1.452352837673758
2025-08-06,1.5621529533840097,0.1517131777061421,1.495172284258986,1.5480493825196768,1.447913119620021
2025-08-07,1.5641891402396046,0.15230190007226949,1.4968840640107652,1.5503906846309357,1.4492064838296101
2025-08-08,1.546392952855887,0.1511244553400147,1.4819599123609628,1.5332318872180766,1.4354869725116088
2025-08-11,1.5600308608766542,0.15218415335325497,1.4961143087188862,1.5476082067963153,1.4485524942573087
2025-08-12,1.555541647565805,0.1518309244251566,1.490955404341508,1.5424560387280266,1.4427989280693176
2025-08-13,1.5640948326378719,0.15271400235987512,1.4991485213292215,1.551154181526247,1.4505733830271812
2025-08-14,1.5628911247030275,0.15294948456895896,1.499326826883184,1.5504868949601915,1.4512775467070882
2025-08-18,1.5803121393002153,0.15424467602022826,1.5151425063027995,1.5668992062592606,1.4657511656561455
2025-08-19,1.5895289069517478,0.15471565166734116,1.5223312615373328,1.5756313706205245,1.4718612441958856
2025-08-20,1.5944553645979036,0.15524550067396128,1.5268483355710525,1.5807439941447565,1.475979778914009
2025-08-21,1.5946815313736957,0.15536323616403067,1.527787341837982,1.5805290397237095,1.4779358786412622
2025-08-22,1.5841873243896005,0.15459790494832665,1.5153356706529257,1.5694555732511868,1.4653475863089591
2025-08-25,1.5887831910245913,0.155186627314454,1.5209284983120175,1.5745963639785876,1.4711011524969502
2025-08-26,1.5695413538404928,0.15312610464748075,1.5045125467442637,1.5561536943993217,1.456035340984271
2025-08-28,1.5543415404666632,0.1518897865557187,1.490545278350525,1.5408215677268802,1.4435943487843883
2025-08-29,1.5489858974984394,0.15165430434663485,1.4860609401021032,1.5354883563409676,1.4392312728308012
2025-09-01,1.5661846890922713,0.15283173784994447,1.4996209846134845,1.552223099271607,1.450909296376037
2025-09-02,1.5668036898963722,0.15277287571938236,1.498661199248795,1.5520987217391824,1.4482313109216949
2025-09-03,1.5760888734262526,0.1537148270136081,1.5072109273444336,1.5611532072723964,1.4562121011431757
2025-09-04,1.573468836781748,0.15365595365410087,1.5069880454019804,1.5591737708771445,1.4573463121628136
2025-09-05,1.5733318335566853,0.153184978006988,1.5070890387821545,1.5598015128991431,1.4577410304864091
2025-09-08,1.5765736144991593,0.1540680559417065,1.509772560586161,1.563426687176809,1.4596353332049827
2025-09-09,1.581679085120241,0.15383256250367747,1.5149552622542697,1.5683640112836712,1.4652592062295067
2025-09-10,1.5905882385217576,0.1546567783078339,1.5213594034007605,1.5763439456308912,1.4714163517646843
2025-09-11,1.592890544282606,0.1555398562425524,1.5238438405530443,1.5786853582017704,1.4733253844965
2025-09-12,1.598628218772031,0.1554221095235379,1.5301647492241504,1.5849686327816317,1.4797182102435504
2025-09-15,1.600136454526289,0.15524550067396128,1.529478342492001,1.5855738410410951,1.4770785458392834
2025-09-16,1.610865058767782,0.1566584276152999,1.5395823238832163,1.5957141446415706,1.4870890858542274
2025-09-17,1.6159454950073127,0.15742375883100393,1.5447471485621909,1.6003799590018073,1.4924596716979253
2025-09-18,1.6210936612517242,0.15748263219051117,1.5501795476564544,1.6060920468852486,1.4979598356268615
2025-09-19,1.6188299358734028,0.15736488547149666,1.546851177315819,1.6033264693725298,1.4922711735597183
2025-09-22,1.6113251083958715,0.15677616310536927,1.541421796414526,1.5968283508312417,1.4849237739076457
2025-09-23,1.6079902201302319,0.1568939098243838,1.538539189958797,1.5934123870743686,1.482988273183286
2025-09-24,1.5977441278728775,0.15595195853015803,1.529644691358426,1.5831193178190588,1.4763538982347115
2025-09-25,1.5871033154351795,0.15489226051691776,1.519282190130834,1.5725038169321786,1.4665701774080493
2025-09-26,1.565908967958478,0.15324385136649527,1.5029434346525237,1.553014873829708,1.4526561838839616
2025-09-29,1.5678333574389278,0.153184978006988,1.5045927610266778,1.5551470758797943,1.451489635882128
