Asset,Covariance_Diagonal,Expected_Return_Penalty,Downside_Risk_Penalty,Total_Linear_Term
20MICRONS,0.23752350056361365,-0.10815146666109379,0.09194181869864508,-0.01620964796244871
3MINDIA,0.09114022796084797,-0.16663017685211562,0.0570529260256966,-0.10957725082641902
A2ZINFRA,0.3662993027957463,0.3127441533982553,0.12316086724531157,0.43590502064356684
AARTIDRUGS,0.16178207856024138,-0.25677109538522586,0.07453747262864277,-0.18223362275658309
AARTIIND,0.11861017888697685,-0.3154212810321541,0.06781224993701646,-0.24760903109513765
ABAN,0.23418996111434218,0.23361632654656006,0.09497418017312835,0.3285905067196884
ACC,0.07681757295859949,-0.04600074284748593,0.058460971729329,0.012460228881843068
ACE,0.2888408417304355,-0.18913825018908698,0.10082389917171876,-0.08831435101736822
ADANIENT,0.5424818001538367,-0.08955779728506157,0.19127578904623962,0.10171799176117806
ADFFOODS,0.21801200226174738,-0.2108132030926566,0.08795189557949351,-0.1228613075131631
ADOR,0.18984791561793357,-0.13452107367625435,0.08079417640339899,-0.05372689727285536
ADROITINFO,0.20944100815314853,0.11051181712873032,0.09906783230657062,0.20957964943530094
AEGISLOG,0.21326628478074142,-0.21891308247163876,0.08626721637849999,-0.13264586609313878
AGI,0.30833843845588016,-0.09774356898568104,0.13069079504276662,0.03294722605708558
AHLUCONT,0.21212074174702378,-0.11621275104816245,0.09034432352606779,-0.02586842752209466
AJANTPHARM,0.12825342408631651,-0.3577253487776829,0.06812405653174525,-0.28960129224593767
AKSHOPTFBR,0.2732540410373715,-0.034830701603335144,0.10393061234810588,0.06909991074477073
AKZOINDIA,0.06181072612943086,-0.10539440832106162,0.049413695071323344,-0.05598071324973827
ALEMBICLTD,0.2334098795938904,-0.1201332322679134,0.09248587796193507,-0.02764735430597834
ALICON,0.2531480948736925,-0.21827762228946043,0.09919327822217135,-0.11908434406728909
ALKALI,0.33547886664109305,-0.062486593935478445,0.10299905143671213,0.04051245750123369
ALKYLAMINE,0.18259103381613484,-0.42049089870375106,0.07730898668287862,-0.34318191202087245
ALLCARGO,0.16294613420051782,-0.13161929559546376,0.080322919558492,-0.051296376036971764
ALLDIGI,0.29463095581912807,-0.25089929520995746,0.10412364039800669,-0.14677565481195076
AMBIKCO,0.13877621245216967,-0.1693179770006163,0.07163818012718852,-0.09767979687342777
AMBUJACEM,0.10134763715173332,-0.0863563083066731,0.06867152326087807,-0.01768478504579503
AMDIND,0.3312374075473464,-0.0865398703791796,0.11204853243535677,0.025508662056177175
AMJLAND,0.3285572586310494,-0.042064137143501774,0.11081653616340396,0.06875239901990218
ANANTRAJ,0.28231643609226925,-0.07759624172820999,0.10542989046958691,0.02783364874137692
ANDHRSUGAR,0.16355254925950916,-0.1618026398957267,0.07868083342261782,-0.08312180647310889
ANTELOPUS,0.19117963901292356,0.01793827547411477,0.08390510183444794,0.1018433773085627
APARINDS,0.17510290467559342,-0.21315337350493632,0.07816653704982658,-0.13498683645510973
APCOTEXIND,0.18837422918162305,-0.30059995929964034,0.07795672961155146,-0.22264322968808886
APOLLOTYRE,0.15483927242335405,-0.128136754174719,0.08486028237423086,-0.043276471800488145
APTECHT,0.25753526981136154,-0.09826420150281497,0.09590206698060842,-0.0023621345222065437
ARCHIDPLY,0.3709590748986422,-0.13580941647236053,0.11697675547061162,-0.018832661001748907
ARIES,0.27694068186485354,-0.023988733888077936,0.09979758381719096,0.07580884992911302
ASAHIINDIA,0.15544177353209687,-0.1525984523705344,0.07697521350584756,-0.07562323886468685
ASAHISONG,0.24144782319287153,-0.06862721507104011,0.09668147829824163,0.028054263227201517
ASAL,0.2942164679864725,-0.13260846553012684,0.10694917293097438,-0.025659292599152464
ASHAPURMIN,0.3169160983216361,-0.10387413628399474,0.10826424447732473,0.004390108193329995
ASHIANA,0.16465178265888825,-0.13626865527671994,0.07963302998714489,-0.05663562528957505
ASHIMASYN,0.41608336903943405,-0.13018169389546774,0.12474222391296075,-0.005439469982506995
ASHOKLEY,0.21690814615547438,-0.15369341742204023,0.09696037797424738,-0.05673303944779286
ASIANHOTNR,0.17926375371831535,0.09669344100813612,0.08459772615677515,0.18129116716491128
ASIANTILES,0.28574442446646353,-0.02297187943070703,0.10877958441590337,0.08580770498519634
ASTEC,0.28287092610233555,-0.2791271675045457,0.09887050993486705,-0.18025665756967862
ASTRAMICRO,0.20120766280037855,-0.161402968656438,0.08455322890222146,-0.07684973975421654
ASTRAZEN,0.14998643531858805,-0.09032344554752694,0.07167509888532186,-0.01864834666220508
ATLANTAA,0.2861251955849174,0.16948508280282445,0.10758778182842628,0.27707286463125075
AURIONPRO,0.2828617456684984,-0.039678276673445485,0.10260917431075449,0.062930897637309
AUROPHARMA,0.16220303105181758,-0.13168226685288317,0.08362289988149846,-0.048059366971384715
AUSOMENT,0.34914851363370314,-0.03465650807746322,0.11514057840019741,0.08048407032273419
AUTOAXLES,0.16127358448682944,-0.1539996632677669,0.0767407072305631,-0.0772589560372038
AVTNPL,0.23910430941337268,-0.22972786890587552,0.09355958855438158,-0.13616828035149392
AXISBANK,0.1288473484448446,-0.09924333356939892,0.076465936280551,-0.022777397288847923
BAGFILMS,0.3484950498511455,0.042093445688920345,0.11465924211054229,0.15675268779946264
BAJAJ-AUTO,0.06557617585150831,-0.0845412925170806,0.053351489404386374,-0.03118980311269423
BAJAJCON,0.10814129508543675,-0.05069277635992792,0.06522215017435257,0.014529373814424644
BAJAJFINSV,0.119719219888026,-0.26678385348216943,0.07085751933750274,-0.1959263341446667
BAJAJHIND,0.26617295852736006,0.1290363514426294,0.1010564665535977,0.2300928179962271
BAJAJHLDNG,0.08391865370623736,-0.17722941064343603,0.06120185474991466,-0.11602755589352137
BALAMINES,0.25094521467929115,-0.32791754478840907,0.09470906812002372,-0.23320847666838534
BALKRISIND,0.1172067845606848,-0.28584757634800284,0.06822385265468121,-0.2176237236933216
BALMLAWRIE,0.08999161552213737,-0.06770092809478434,0.05751385987951916,-0.010187068215265181
BALPHARMA,0.31298778817944645,-0.0857482208566936,0.10497031360435666,0.019222092747663053
BALRAMCHIN,0.2123691285279844,-0.14633693796437147,0.09314071124735927,-0.0531962267170122
BANARISUG,0.14390829887651954,-0.11975623312621618,0.07448595125659148,-0.0452702818696247
BANCOINDIA,0.18987851679867096,-0.10820444615481703,0.08748146185718478,-0.020722984297632252
BANKBARODA,0.17637105701231798,0.009189728524027607,0.08730781609028948,0.09649754461431709
BANKINDIA,0.20169644692898334,0.15919855106016406,0.09343051588030905,0.2526290669404731
BANSWRAS,0.23331925000136874,-0.05716841283883956,0.09440850178736919,0.03724008894852963
BASF,0.12687229877397702,-0.13175935561996072,0.06578959525291554,-0.06596976036704517
BASML,0.23075949825487033,-0.008563435782045157,0.09678424538616276,0.0882208096041176
BATAINDIA,0.08860705389307201,-0.17762291730293822,0.06014162235812144,-0.11748129494481678
BAYERCROP,0.07966391589756655,-0.13394850761586058,0.054122982265687423,-0.07982552535017315
BBOX,0.32425565273870427,-0.14073329829842507,0.10630496270829201,-0.03442833559013306
BBTC,0.2012057492356517,-0.19573757872331252,0.08438386737507104,-0.11135371134824147
BEDMUTHA,0.3657245951105072,0.07876050172263559,0.1216357595489014,0.20039626127153698
BEL,0.12361857008663063,-0.14497491754304206,0.07105209387592358,-0.07392282366711848
BEPL,0.3318374711951085,-0.08564167560884688,0.11386724566156912,0.02822557005272225
BERGEPAINT,0.09705675807041927,-0.2494375224373469,0.06159370048739245,-0.18784382194995447
BFINVEST,0.31482233272441673,-0.13583700267905258,0.10383637473652084,-0.03200062794253174
BFUTILITIE,0.28493528202895724,0.06813615332461598,0.10552115203276417,0.17365730535738017
BGRENERGY,0.27447285946017136,0.18327528635053145,0.10254547647259747,0.2858207628231289
BHARATFORG,0.1267398026102993,-0.13452489581558288,0.07314117861970072,-0.06138371719588216
BHARTIARTL,0.10021487568435188,-0.07569456118153191,0.06415664461466315,-0.011537916566868756
BHEL,0.18549467048469348,0.10664214717681177,0.0918159727145096,0.19845811989132137
BIL,0.21558913059865548,-0.10760394878896803,0.09187123905668286,-0.015732709732285174
BIOCON,0.10510423661124083,-0.1195539062612585,0.06577433252111616,-0.05377957374014235
BIRLACABLE,0.3144559719426461,-0.16069722224915692,0.10899615022530774,-0.05170107202384917
BIRLACORPN,0.14182298453460948,-0.08858800630401661,0.07358343723810665,-0.015004569065909967
BIRLANU,0.1554571257049343,-0.15575497316065987,0.07686900966281347,-0.07888596349784639
BLISSGVS,0.2165403393509274,-0.09708781563237852,0.0958436163700853,-0.0012441992622932163
BLUESTARCO,0.09475389129279604,-0.12864068271462456,0.06031311871191135,-0.06832756400271321
BOMDYEING,0.2539725661002249,0.012412702146716683,0.10317530427462228,0.11558800642133896
BOSCHLTD,0.07881768138855134,-0.09305139534832106,0.05591246632985094,-0.03713892901847012
BPCL,0.1487719543161449,-0.12257642739016579,0.08239746375730712,-0.040178963632858666
BPL,0.3680946608762499,-0.07883293053129548,0.1123015658127458,0.03346863528145032
BRIGADE,0.17553328599794527,-0.16692911732349586,0.08056647718004488,-0.08636264014345098
BROOKS,0.3443115624065137,-0.021179560051940976,0.1105841231453721,0.08940456309343112
BSL,0.35548598911890206,-0.17310247754076735,0.11241975588580955,-0.060682721654957805
CALSOFT,0.2745571116223633,0.07729736884988654,0.10872752946252702,0.18602489831241356
CANFINHOME,0.16742689228131838,-0.28649761053576417,0.07976168681857734,-0.20673592371718683
CANTABIL,0.26444304436591104,-0.26032420385020905,0.09330692702036757,-0.16701727682984147
CARBORUNIV,0.10194975147164735,-0.18163670506944996,0.06218945010762247,-0.11944725496182748
CARERATING,0.1160237619021755,0.025225261213571337,0.07196074171105189,0.09718600292462323
CCL,0.1451208772984104,-0.283717065371208,0.07293120934399314,-0.21078585602721486
CEATLTD,0.15631025363683523,-0.2194401322976269,0.07540000047079233,-0.14404013182683456
CELEBRITY,0.45041655654462165,0.0192513553120562,0.138237017844167,0.15748837315622322
CEMPRO,0.21742237566238845,-0.14694889910018974,0.09121844998707561,-0.05573044911311413
CENTENKA,0.15384573998105391,-0.060963757331086575,0.0789478462490876,0.017984088918001025
CENTRALBK,0.18690560230378997,0.1434280909058101,0.08842153648416319,0.23184962738997328
CERA,0.11860472282562264,-0.31014362636856163,0.06612553910219338,-0.24401808726636826
CESC,0.11526005273256604,-0.08007062982331019,0.0713244176548806,-0.008746212168429593
CGPOWER,0.4709422794982585,-0.09906631681766467,0.15339446557752565,0.05432814875986097
CHENNPETRO,0.21513619700183412,-0.021491854533729815,0.09284897185505857,0.07135711732132875
CINELINE,0.4073318700708562,-0.07949922110737304,0.1290998690816064,0.04960064797423336
CIPLA,0.06772974463517989,-0.09035839137331947,0.05199951862590427,-0.0383588727474152
COALINDIA,0.10600187508628524,0.037005850602003884,0.0696301759612191,0.10663602656322299
COLPAL,0.04854208046693658,-0.10680481212035002,0.04351314402458328,-0.06329166809576674
COMPUSOFT,0.29220185835278417,-0.020706635681021966,0.10161408911097926,0.0809074534299573
CONSOFINVT,0.24402989011342502,-0.021899529433777022,0.0965972821040968,0.07469775267031978
CORDSCABLE,0.3251515274593028,-0.06658341756534907,0.10916788898921483,0.04258447142386576
CPCAP,0.2352688032417443,0.053866139494807654,0.09077449635752977,0.1446406358523374
CTE,0.3057345410554633,-0.10361011860507176,0.10908322845199608,0.005473109846924326
CUB,0.0963575039332921,-0.11971591060552016,0.06453121666170702,-0.05518469394381313
CUMMINSIND,0.08912751930902635,-0.10634118374841522,0.05996066380589715,-0.04638051994251807
CYBERTECH,0.3397665282348852,-0.18593237268134302,0.10463287821667243,-0.0812994944646706
CYIENT,0.11740284081026618,-0.1486808855916001,0.0687101355895765,-0.07997075000202358
DABUR,0.05787177717927792,-0.14323976656593934,0.04884802837487918,-0.09439173819106017
DALMIASUG,0.2716579300859729,-0.22390101101549847,0.09999912858074599,-0.12390188243475249
DBREALTY,0.37027112085381236,0.04544598577818066,0.12432736599057488,0.16977335176875555
DCM,0.2760883805997853,0.006098235776393585,0.1106228645848618,0.11672110036125538
DCMSHRIRAM,0.21686902289110918,-0.2538175043699603,0.0926835935793584,-0.1611339107906019
DCW,0.2871305884491437,-0.12408882255012763,0.10234609248294706,-0.02174273006718057
DECCANCE,0.1686692829596036,-0.1563392651085872,0.08313968468215154,-0.07319958042643566
DELTAMAGNT,0.31399468653524315,-0.0566724391607337,0.11506431899128128,0.058391879830547576
DENORA,0.29748508520050443,-0.20661079372868563,0.1023309904389292,-0.10427980328975643
DHAMPURSUG,0.27562765356553715,-0.10339548405518688,0.10324973088331094,-0.0001457531718759425
DHANBANK,0.20318073312232676,0.16263819482050623,0.0859390223525583,0.24857721717306452
DHANUKA,0.11633095739305549,-0.1672941862601432,0.06604821463278146,-0.10124597162736174
DIVISLAB,0.09422512039865975,-0.18499409901662453,0.06617946519519588,-0.11881463382142865
DLF,0.2262320793498111,-0.03550628358149617,0.10465202277882202,0.06914573919732585
DLINKINDIA,0.2647549456695336,-0.17260630641114685,0.09716415044193612,-0.07544215596921074
DONEAR,0.29715486130647983,-0.10508547666706872,0.10409187623934263,-0.000993600427726088
DPSCLTD,0.3087253792943566,-0.035162982195569334,0.10754871754745085,0.07238573535188152
DREDGECORP,0.21429737899830212,0.0045495718555665044,0.08466831468970325,0.08921788654526976
DSSL,0.404055006848137,-0.22350545788294113,0.12492605458118948,-0.09857940330175165
DUCON,0.46188792726090633,-0.0604365344298698,0.1399731619081777,0.07953662747830792
DVL,0.20799179951514588,-0.039486223165127746,0.08832167406058716,0.04883545089545942
DWARKESH,0.31145404521282466,-0.21669363684691678,0.1065978056820474,-0.11009583116486939
DYNAMATECH,0.22439076969392485,-0.07413535991829705,0.09011277580335358,0.015977415885056537
ECLERX,0.12855558538951142,-0.12442202122923168,0.06992527428250296,-0.05449674694672872
EDELWEISS,0.22736609332276594,-0.03668963537067177,0.09807743921766242,0.06138780384699065
EICHERMOT,0.10447870800611413,-0.28209743459069425,0.06353689102509977,-0.21856054356559448
EIDPARRY,0.1428662915268133,-0.07253449861550558,0.07254880884619788,1.4310230692302084e-05
EKC,0.34607011509342694,-0.004648647843467558,0.11395484838281934,0.10930620053935179
ELECTCAST,0.23178412460873477,-0.004976428580232324,0.09522684768837059,0.09025041910813826
ELGIEQUIP,0.14240657164971068,-0.19988730356190543,0.07092593727896548,-0.12896136628293994
ELGIRUBCO,0.42465152527175826,-0.10847604053632957,0.10005253859679232,-0.008423501939537253
EMAMILTD,0.10033608611314188,-0.0955537322555906,0.06329841592822294,-0.03225531632736767
EMBDL,0.34605751998818646,0.0413371936270079,0.12093571525173903,0.16227290887874693
EMKAY,0.3278861163901794,-0.01248764755279172,0.11381497158058702,0.1013273240277953
EMMBI,0.2464556350765219,-0.15798949774504017,0.09414682980425353,-0.06384266794078665
ENGINERSIN,0.12227177010587822,0.05672034059628758,0.07325338230939978,0.12997372290568737
EPL,0.1503733910343838,-0.16406862983888876,0.07488005357217987,-0.08918857626670888
ESABINDIA,0.15404582382172344,-0.17974393938620345,0.0715349429492138,-0.10820899643698965
ESCORTS,0.1802658457667785,-0.2244655276174459,0.08432059814781032,-0.14014492946963558
ESSARSHPNG,0.25415636090981925,0.10082716646040935,0.09237038947559373,0.19319755593600307
ESTER,0.2807882489748414,-0.0639742354773213,0.10366612551553327,0.03969189003821197
EVERESTIND,0.19482385159629034,-0.14441852753539647,0.08611643732680986,-0.05830209020858661
EXCEL,11.84485493544314,0.13632885846500564,0.7301970137150888,0.8665258721800945
EXIDEIND,0.0893506064729873,-0.0222093797239979,0.06304852102912932,0.040839141305131416
FDC,0.1071063027017788,-0.07435753409684308,0.06308113298439055,-0.011276401112452525
FEDERALBNK,0.13693384209747292,-0.10611639262548996,0.07831223966328668,-0.027804152962203274
FELDVR,1.193784258328143,0.1103110929800046,0.23028311727450412,0.34059421025450876
FIEMIND,0.15660702061013546,-0.1989147672387846,0.0738140577160369,-0.1251007095227477
FILATEX,0.2913849252674354,-0.19080904008179075,0.10642167837742757,-0.08438736170436319
FINPIPE,0.12433548631246023,-0.19007328772477336,0.06889432249774523,-0.12117896522702813
FLEXITUFF,0.2594213998058146,0.15113539002042328,0.10468733404943051,0.2558227240698538
FMGOETZE,0.13273314502321187,-0.048277516412437035,0.06907943948307617,0.020801923070639133
FMNL,0.41832086933305374,0.18862926533011878,0.1269196267579084,0.31554889208802717
FORTIS,0.12486081331638174,-0.04492636201415322,0.07110542037476703,0.026179058360613808
FOSECOIND,0.10687431283991372,-0.14211312190156214,0.060941863764729626,-0.08117125813683251
GABRIEL,0.17791812389342918,-0.16789754884145297,0.07957425065488612,-0.08832329818656685
GAEL,0.241514825153292,-0.23601541453597266,0.09477383802095611,-0.14124157651501656
GAIL,0.11342318520537394,-0.02110851413845912,0.07123393173709076,0.05012541759863164
GALLANTT,0.24813552551651538,-0.08963599767503129,0.095001368002766,0.005365370327734709
GANDHITUBE,0.14835782122452656,-0.12911674606296314,0.07423566737349058,-0.05488107868947256
GANESHHOU,0.30120975355483764,-0.0925574938608827,0.10237940968666588,0.009821915825783178
GARFIBRES,0.14671844012644972,-0.3337208267632728,0.07278360441684704,-0.26093722234642575
GENESYS,0.34605098690031816,-0.0625551987619266,0.11345758885341903,0.05090239009149243
GENUSPOWER,0.2772273475078815,-0.14463952935815422,0.10174400076906971,-0.042895528589084506
GFLLIMITED,0.6666821723305753,0.03555780950161999,0.20892775646778575,0.24448556596940574
GHCL,0.16350208596495366,-0.21791538891166107,0.07936077614331975,-0.1385546127683413
GICHSGFIN,0.15986569748446694,-0.043813466095021465,0.0788334026940527,0.035019936599031236
GILLANDERS,0.21725302091938362,0.04645313261000629,0.09488612343575994,0.14133925604576625
GINNIFILA,0.3627281056987771,-0.048991482293719225,0.11578383820178523,0.06679235590806601
GIPCL,0.09761135716399737,0.011534245604625099,0.06314520229906255,0.07467944790368765
GKWLIMITED,0.2364657268609846,0.006925524197134265,0.09247186705793439,0.09939739125506866
GLAXO,0.050454545309705286,-0.016679194256006873,0.044648336552333884,0.02796914229632701
GLENMARK,0.12039059015990904,-0.03671580481633964,0.07355145817371074,0.0368356533573711
GLOBUSSPR,0.25801455771302434,-0.16230712033060887,0.09786615341014923,-0.06444096692045964
GMBREW,0.2441361614637152,-0.20375671581530788,0.09113011406257528,-0.1126266017527326
GMDCLTD,0.15495013355292694,-0.008458401952723425,0.07884626841263152,0.0703878664599081
GMRAIRPORT,0.20932416923922056,-0.002483838091424986,0.095314255748598,0.09283041765717302
GNFC,0.2765355354189326,-0.17570456090204523,0.1065487350911863,-0.06915582581085893
GOCLCORP,0.34976371537132217,-0.229174012838695,0.08736813707780873,-0.14180587576088627
GODFRYPHLP,0.17874593172720848,-0.13538241417904678,0.08006144019392436,-0.055320973985122424
GODREJCP,0.09610522666401354,-0.17325001217613892,0.0631915222977899,-0.11005848987834901
GODREJIND,0.09922589279183665,-0.07371641434118395,0.06449724767885276,-0.00921916666233119
GOKUL,0.37767379593430667,0.09217390838034802,0.12142648513291199,0.21360039351326
GOLDIAM,0.28459303165259575,-0.2482570780902785,0.09877234188500744,-0.14948473620527106
GPPL,0.1313222968944888,-0.050590552653372194,0.07143441254417388,0.02084385989080168
GRAPHITE,0.1951004379976103,-0.10027731568698668,0.08552327936185036,-0.014754036325136319
GREAVESCOT,0.1424280571387946,-0.031025712029234542,0.07447613065465852,0.04345041862542398
GREENPOWER,0.2678098715343135,0.08295434205638065,0.10229219662070102,0.18524653867708168
GRINDWELL,0.08672970738603877,-0.23726499200668436,0.0563324984615128,-0.18093249354517155
GSFC,0.15794958297971354,-0.04662343643542182,0.08039534032924942,0.033771903893827594
GSPL,0.10849138192403211,-0.08752901702093266,0.06553652548498089,-0.021992491535951772
GSS,0.35670222232494964,-0.029742541384710466,0.11654769248000384,0.08680515109529337
GTL,0.42081625501546227,0.36964117542695335,0.14692538584599404,0.5165665612729474
GTLINFRA,0.5482334020005916,0.329313626501005,0.15817621258672881,0.4874898390877338
GUFICBIO,0.33754682313386664,-0.29889328510008956,0.10667842697199438,-0.1922148581280952
GUJALKALI,0.15167279605603867,-0.14067479519696868,0.07562009177682262,-0.06505470342014606
GUJGASLTD,0.12384269550660743,-0.15449081983550597,0.06774757468252648,-0.08674324515297949
GULFPETRO,0.3310231225024135,-0.10214146484589157,0.10429600954195153,0.002154544696059968
GVKPIL,0.32787060812126956,0.19172027688062893,0.10449516162225919,0.2962154385028881
GVPIL,0.12972579668027417,0.13482298530399217,0.07639858114043127,0.21122156644442344
GVT&D,0.15934037988808727,0.05401957536151169,0.08004609298238181,0.1340656683438935
HATHWAY,0.24758153232315844,0.026123312570190592,0.09262338963169092,0.11874670220188152
HAVELLS,0.10316643637714247,-0.24091695327424262,0.06528633401868764,-0.17563061925555498
HCC,0.33943906835143856,0.07244305200956383,0.11652336909143497,0.18896642110099882
HCL-INSYS,0.2676636440758732,0.17375012512130023,0.10102887624814112,0.27477900136944133
HCLTECH,0.08027173229451831,-0.1898560058417233,0.05954489374633318,-0.13031111209539012
HDFCBANK,0.055371764130848246,-0.1656242786208134,0.047970449349618104,-0.11765382927119528
HEIDELBERG,0.1423407130939084,-0.1329781889739453,0.07540976711008773,-0.05756842186385758
HERITGFOOD,0.18470189083563587,-0.15744965940772374,0.0828349844945639,-0.07461467491315983
HEROMOTOCO,0.08664463677627127,-0.039206551526161544,0.06109731559202516,0.021890764065863613
HEXATRADEX,0.2840109862850579,-0.04171565520828394,0.10845569997251849,0.06674004476423454
HGM,0.3801685718855759,0.07944851373913225,0.11569439721151971,0.19514291095065195
HIKAL,0.17508051614991751,-0.1718449983952515,0.08089535521575711,-0.09094964317949439
HIMATSEIDE,0.2125151016752678,-0.06669053096187925,0.09027096806316813,0.023580437101288876
HINDALCO,0.16823811345740067,-0.05551447861463902,0.08586047557710297,0.03034599696246395
HINDCOMPOS,0.18820741092732043,-0.03590000134617857,0.08210169979757981,0.046201698451401235
HINDCOPPER,0.22195429872894235,0.09397358991051817,0.09156919228330222,0.1855427821938204
HINDPETRO,0.19641987502085195,-0.10822361279300678,0.09429043966292415,-0.013933173130082632
HINDUNILVR,0.05637895118502987,-0.1840469210799601,0.04470599499930765,-0.13934092608065246
HINDZINC,0.11215782489663889,-0.0698257242354666,0.06932605332159887,-0.0004996709138677252
HITECHCORP,0.2892392112312127,-0.06899075785279533,0.10305159187068626,0.03406083401789092
HITECHGEAR,0.22655589687153974,-0.07148303504284928,0.09335493353111504,0.021871898488265762
HMVL,0.13124133495497065,0.09201315835870418,0.07320497290974703,0.1652181312684512
HONDAPOWER,0.14848335735395163,-0.14083507781836782,0.07031809325491259,-0.07051698456345523
HSCL,0.2776304391268796,-0.08171875227714007,0.10183148074759275,0.020112728470452687
HTMEDIA,0.17393058420520854,0.17437325330076062,0.0845743368954688,0.2589475901962294
HUBTOWN,0.2301911172287032,0.15397778164157663,0.09731891534676818,0.2512966969883448
HUHTAMAKI,0.12993880927702495,-0.10956212027407189,0.07051133599504017,-0.03905078427903172
IBULLSLTD,0.39129434476483643,-0.04504627042562491,0.12609164127363495,0.08104537084801004
ICICIBANK,0.1102012034495889,-0.12705248188447935,0.06794803020358199,-0.059104451680897355
ICIL,0.36422902895993986,-0.31966595741282694,0.1170304626187855,-0.20263549479404144
ICRA,0.08412932088176557,-0.1246322863430355,0.05258918520046991,-0.0720431011425656
IDBI,0.20496854978648985,0.09312116125202473,0.09289572113661797,0.1860168823886427
IFBAGRO,0.2759134749624836,-0.16587855893150924,0.09570396143225436,-0.07017459749925488
IFBIND,0.24785598417366075,-0.1607629675399309,0.09441544999666661,-0.0663475175432643
IFCI,0.2549515727685171,0.13784079317020925,0.09925380439868814,0.2370945975688974
IGL,0.11365108798486041,-0.1655854562123181,0.0714746062771974,-0.0941108499351207
IGPL,0.322365214856363,-0.229177630586566,0.1109606791257033,-0.11821695146086271
IIFL,0.27462544070346656,-0.15017885447034887,0.1141327806223501,-0.036046073847998766
IITL,0.2674695146015258,0.05126830125067139,0.10489509036801214,0.15616339161868353
IL&FSENGG,0.29306106027148,0.22246221326359386,0.1090915398753725,0.33155375313896635
IMFA,0.26117817811510613,-0.009740741464713844,0.09816173395580927,0.08842099249109542
IMPAL,0.09987821070416493,-0.09527020280424206,0.0601280014539122,-0.03514220135032986
INDBANK,0.35863989899634485,-0.060219565545704394,0.1081373255712052,0.04791776002550081
INDIACEM,0.21430572796437236,-0.060166298764198746,0.09470993857943567,0.03454363981523693
INDIANB,0.20711464751219724,-0.015568319238336077,0.09092028751965849,0.0753519682813224
INDORAMA,0.2790414336230328,0.0357843332070752,0.10362080790109819,0.1394051411081734
INDOTECH,0.27899934395102743,-0.010739327607168917,0.10052417193593301,0.08978484432876409
INDOWIND,0.3332883282381302,0.03724148946548689,0.11913781724860786,0.15637930671409475
INDRAMEDCO,0.1297662547911532,-0.07210855158267368,0.06620279383909301,-0.005905757743580667
INDTERRAIN,0.3095045451434606,-0.0946616814142597,0.1097253118129274,0.015063630398667704
INDUSINDBK,0.1578053723597269,-0.12435877095819002,0.08415520836653363,-0.04020356259165639
INFY,0.080125781345573,-0.10998535939019538,0.0622235758148047,-0.04776178357539068
INGERRAND,0.11217362148228173,-0.14741197588374488,0.0648065864002662,-0.08260538948347869
INSECTICID,0.14242965832885918,-0.10366481197071692,0.07572608045686081,-0.027938731513856105
INVENTURE,0.38458499379689276,0.08446386312027532,0.12789220880669058,0.2123560719269659
IOC,0.12472386157895805,-0.03964210182896753,0.07541240949495122,0.035770307665983686
IRB,0.24974680222554912,-0.03419251887041088,0.10536518951245048,0.07117267064203961
ISFT,0.28317037929945094,-0.04436340508878485,0.10978521350012145,0.0654218084113366
ITC,0.06494515279000092,-0.10118425122442024,0.05462604189178543,-0.046558209332634805
ITI,0.3024512289407499,-0.08613209623280198,0.10011960726631106,0.013987511033509079
IVC,0.21883040209397372,0.10185112226962595,0.09281845870859282,0.19466958097821876
IZMO,0.3660309645892444,-0.14210053137328768,0.117202137442321,-0.024898393930966684
J&KBANK,0.19324724606755628,0.04403950858543644,0.08865886851882908,0.13269837710426552
JAICORPLTD,0.29013380980893,0.027312430084544245,0.10570344646422702,0.13301587654877128
JAMNAAUTO,0.21387418074770512,-0.17240879027738576,0.08801383853688043,-0.08439495174050533
JAYAGROGN,0.22043915911594583,-0.11122733254399715,0.0872207078978582,-0.024006624646138952
JAYBARMARU,0.2572009923385663,-0.10977781453271179,0.09616288149516453,-0.013614933037547267
JAYNECOIND,0.3234187143159738,0.006040294111463255,0.117674369238298,0.12371466334976125
JAYSREETEA,0.16645113707257847,0.05443593035350523,0.07977997208808528,0.1342159024415905
JBCHEPHARM,0.12728476974733247,-0.25862553696205937,0.06855014003157098,-0.1900753969304884
JINDALSTEL,0.256646092863343,0.01277840375140739,0.10851870159114786,0.12129710534255525
JINDRILL,0.22054716253064063,0.03930361633418693,0.08815612996228683,0.12745974629647377
JINDWORLD,0.35157556314134425,-0.19148076904239986,0.11247954842056769,-0.07900122062183217
JISLDVREQS,0.22112552892270831,0.14451307744603079,0.09953972149722405,0.24405279894325482
JISLJALEQS,0.27377441578203415,0.163724776706506,0.11348037690730875,0.27720515361381476
JKCEMENT,0.12428295154477832,-0.2577813078245119,0.06734563136970147,-0.19043567645481047
JKIL,0.2027150306367524,-0.10820180895005488,0.09283458887966718,-0.015367220070387697
JKLAKSHMI,0.14737993722332743,-0.22934423595482933,0.07359285161698531,-0.15575138433784402
JKTYRE,0.19603491252314034,-0.18126215573790894,0.08544036828844694,-0.095821787449462
JMFINANCIL,0.2209355317725804,-0.08646369601941233,0.09321057841914822,0.006746882399735893
JOCIL,0.21049890496714235,-0.01551618175126052,0.08921268460818978,0.07369650285692926
JPASSOCIAT,0.4081154788513922,0.1993767568575625,0.1325526782736073,0.3319294351311698
JPPOWER,0.37371311744763575,0.15914294226785036,0.12269019153266136,0.2818331338005117
JTEKTINDIA,0.21141383637939398,-0.15907482333989106,0.0888198471369628,-0.07025497620292827
JUBLFOOD,0.14956103632708442,-0.17617967098899842,0.0786604729365486,-0.09751919805244982
JUBLPHARMA,0.20690784177367788,-0.052497440984943994,0.08994168782275583,0.037444246837811834
JWL,0.3448728597467042,-0.1007084746471047,0.11308050407211312,0.012372029425008424
JYOTISTRUC,0.3816288391480375,0.20960614130305652,0.14226804521537081,0.35187418651842733
KAJARIACER,0.09940483184944468,-0.2896262601440766,0.06348663839914882,-0.2261396217449278
KAKATCEM,0.21809736029052926,-0.0840425378882237,0.08968624259244089,0.005643704704217184
KANANIIND,0.39593965564441513,0.11133070826779444,0.1303118420747745,0.24164255034256893
KANORICHEM,0.23687002277098132,-0.1286261164456215,0.09330099914813568,-0.03532511729748582
KARMAENG,0.4317105460630267,-0.03393901574213665,0.1328855943487265,0.09894657860658984
KAUSHALYA,0.5006178293579974,0.09015028103326939,0.13815520624210456,0.22830548727537395
KAVDEFENCE,0.3593328854504934,0.24312320307868146,0.12338634457225221,0.3665095476509337
KCP,0.1884031469729145,-0.11263456500777559,0.08505391678386395,-0.02758064822391164
KCPSUGIND,0.23081574886762302,-0.030907467782943364,0.09142634111370779,0.060518873330764424
KECL,0.31126349232553396,-0.03710190967120662,0.10654328708800247,0.06944137741679585
KEI,0.23530829662107924,-0.36481622162443345,0.08957601979612509,-0.27524020182830833
KICL,0.17861790899968744,-0.06974193751336277,0.0842394621152466,0.014497524601883832
KIRLOSBROS,0.20030530685503273,-0.09635555525013925,0.08637186261373489,-0.009983692636404362
KIRLOSENG,0.1426200569327033,-0.07791637113118056,0.07294867732070046,-0.004967693810480109
KIRLOSIND,0.17856234339903046,-0.15828773969599286,0.07905315001386935,-0.0792345896821235
KKCL,0.1039008065321358,-0.12139718088726195,0.06299915065528304,-0.05839803023197891
KMSUGAR,0.4079145005450822,-0.16031131778964883,0.1229423552806411,-0.03736896250900773
KNRCON,0.1885182130687695,-0.2746759228108146,0.08248680205010255,-0.19218912076071204
KOHINOOR,0.25450463329951245,-0.0011859929561301285,0.09573895174122368,0.09455295878509355
KOKUYOCMLN,0.2036199659720833,-0.03196648709918142,0.08974057290241307,0.057774085803231644
KOLTEPATIL,0.25644655585048276,-0.15932578412785947,0.09686441745558774,-0.06246136667227173
KOPRAN,0.297629907549382,-0.12069366250040282,0.10542569421423963,-0.015267968286163197
KOTARISUG,0.3434253293523751,-0.14606483056788727,0.10920973053566489,-0.03685510003222238
KOTHARIPET,0.3181713949813122,-0.19447166273880298,0.10553303709116706,-0.08893862564763592
KPRMILL,0.15236750281572195,-0.2974230470351448,0.07519025457898669,-0.22223279245615812
KRBL,0.22200286363330535,-0.21872459899348648,0.09760028243102309,-0.12112431656246339
KSCL,0.15200238946328354,-0.1736327351945089,0.07854277407280853,-0.09508996112170036
KTKBANK,0.16190534862768763,-0.06696318755284521,0.0825095429970041,0.015546355444158888
LGBBROSLTD,0.1666158864579813,-0.2034616400400599,0.07692340884159683,-0.12653823119846308
LINDEINDIA,0.14740966605085587,-0.22648493124547764,0.07480505945388646,-0.15167987179159118
LOKESHMACH,0.30074087329995125,-0.0853084028402222,0.09969320658737928,0.014384803747157074
LOTUSEYE,0.3166544132086816,-0.141795650843718,0.106597679377752,-0.03519797146596601
LOVABLE,0.2281046254978181,0.0728471371462695,0.09129375661569535,0.16414089376196483
LPDC,0.40907927160799085,-0.0572899817429853,0.12543158269860177,0.06814160095561647
LT,0.08430425768883189,-0.09551706867634989,0.05950842011807424,-0.03600864855827565
LTFOODS,0.23643777711110808,-0.2572934395411125,0.08997321177137918,-0.16732022776973332
LUMAXTECH,0.19902720064100793,-0.193598259970524,0.08737336947716345,-0.10622489049336054
LYKALABS,0.3153939773721668,-0.12767870817730123,0.10868966823554282,-0.018989039941758407
M&M,0.09021248175819421,-0.10638938241947969,0.06193954154153128,-0.04444984087794841
M&MFIN,0.17508253552232897,-0.08752899959019451,0.09018870216091306,0.0026597025707185418
MAANALU,0.4132390084758835,-0.2482672049218234,0.11881377366688661,-0.12945343125493677
MADHAV,0.26137654868554183,-0.05706881743365221,0.10172062676551477,0.04465180933186256
MADHUCON,0.3218453903245583,0.26264373403601815,0.1150562537965787,0.37769998783259684
MAHABANK,0.15124685253670878,0.06922020943173353,0.0733708997561213,0.14259110918785484
MANAKSIA,0.21149070711053117,-0.10031364714518283,0.0869653634822749,-0.013348283662907925
MANALIPETC,0.23316037412345011,-0.14081588870401757,0.09307036216339934,-0.04774552654061823
MANAPPURAM,0.24010628481846677,-0.05296272415800135,0.10464517130222122,0.051682447144219865
MANGLMCEM,0.16850469695734346,-0.07197319026039666,0.08188933759363977,0.009916147333243114
MANINFRA,0.22827900873420304,-0.1188311289750857,0.09106275648634223,-0.027768372488743476
MANUGRAPH,0.2776103859637636,0.10521926623123143,0.10398314365978707,0.20920240989101851
MARALOVER,0.31421196908523585,-0.10810956417082382,0.11226834677430948,0.004158782603485664
MARKSANS,0.3355120138673365,-0.27655292652226116,0.11074565391365206,-0.1658072726086091
MARUTI,0.08546129910412638,-0.16202258470726802,0.059822507358984464,-0.10220007734828356
MASTEK,0.440427638256537,-0.3069940791271315,0.131645714004952,-0.1753483651221795
MAWANASUG,0.3662242738738065,-0.11403381908404572,0.1179380384120863,0.0039042193280405812
MAYURUNIQ,0.11502150307817476,-0.13483451005406452,0.065809677452884,-0.06902483260118052
MBLINFRA,0.2943638072047987,0.1390983826446286,0.1086163259866949,0.2477147086313235
MCLEODRUSS,0.2026464417445846,0.22995393285528878,0.09795779589455865,0.3279117287498474
MFSL,0.1621883967777437,-0.15291184766241697,0.08372576058405226,-0.06918608707836471
MHRIL,0.11842550900552054,-0.046469130678123145,0.0684669357436301,0.02199780506550695
MINDACORP,0.42013095092917374,-0.1405584238177959,0.16716709413361783,0.026608670315821925
MIRCELECTR,0.35307955497204285,0.021998813964087923,0.11372131109296818,0.1357201250570561
MIRZAINT,0.2632855526981461,-0.2225800073759843,0.09648523004704808,-0.1260947773289362
MMFL,0.179120854865617,-0.23489490065279414,0.08157755422558938,-0.15331734642720476
MMTC,0.24713321668847926,0.25729726646699247,0.09361130401657063,0.3509085704835631
MOIL,0.10585215134220778,0.020890264884580647,0.0628917318560589,0.08378199674063955
MORARJEE,0.342599399573303,-0.005993013694688493,0.11452603873269238,0.10853302503800388
MOREPENLAB,0.35002127612298717,-0.1269791851581998,0.11063803511552443,-0.016341150042675376
MOTHERSON,0.16857549354621898,-0.1390982886378574,0.08684060379622922,-0.05225768484162817
MOTILALOFS,0.15586429316298786,-0.12824485330795432,0.07810203586808079,-0.05014281743987353
MPSLTD,0.19481980057527826,-0.29144954028873093,0.08286507884775239,-0.20858446144097853
MRPL,0.18822431234909937,0.00800575737946072,0.08838204996088433,0.09638780734034505
MSPL,0.3003189175234229,0.164194474239712,0.10924416353898043,0.27343863777869243
MTNL,0.3080837356743231,0.07337561767761451,0.10459503415593936,0.17797065183355387
MUKANDLTD,0.25031418183829357,-0.09489560875674896,0.09749017015667305,0.002594561399924089
MUKTAARTS,0.31878737617401537,-0.027949345886119616,0.1093635442854316,0.081414198399312
MUNJALAU,0.2000853544184899,-0.11336838109143728,0.08533023815934997,-0.028038142932087312
MUNJALSHOW,0.12694226120033897,-0.05251065772545946,0.07251337341537482,0.020002715689915365
NAGAFERT,0.16547451589113993,0.09655572262374304,0.08486937064127956,0.1814250932650226
NAGREEKEXP,0.4074309318246746,-0.01937085727254988,0.1233637494759145,0.10399289220336462
NAHARINDUS,0.24203547176102144,-0.042445253882194806,0.09932322747240664,0.056877973590211836
NAHARPOLY,0.3230290277662246,-0.18086946048639946,0.10934591989146492,-0.07152354059493454
NATCOPHARM,0.1306416252764691,-0.20089221166873011,0.07067924851757423,-0.13021296315115588
NATIONALUM,0.17019011688598046,0.031308325202906315,0.08536751379204308,0.11667583899494939
NAVINFLUOR,0.15110067300420557,-0.37592878053041506,0.07222649867648014,-0.30370228185393494
NAVNETEDUL,0.09971169775127155,-0.04693054291512789,0.06009898459747678,0.013168441682348889
NBCC,0.1915728433315932,-0.1443843227880368,0.08585712531620213,-0.058527197471834685
NDLVENTURE,0.44455311179320617,0.05060261532682385,0.17886104073566733,0.2294636560624912
NDTV,0.3029140946708175,-0.09664478446874906,0.10143646515319972,0.004791680684450655
NECLIFE,0.3146308602064461,0.030237523044950913,0.10644393071292456,0.13668145375787547
NELCAST,0.26017455739453366,-0.1525298030769772,0.09527190521257661,-0.05725789786440058
NELCO,0.2745303080319461,-0.1760811733506446,0.09704134203681725,-0.07903983131382736
NESCO,0.09757039468410099,-0.14006968270277748,0.05886784413696652,-0.08120183856581095
NETWORK18,0.2446595925623248,0.09272702182840448,0.09787236503088166,0.19059938685928612
NEULANDLAB,0.2786561880734624,-0.23410982960197046,0.10130969156336349,-0.13280013803860696
NFL,0.21214506817780168,0.033040078539274306,0.0897383189660227,0.12277839750529701
NHPC,0.09390661039512554,-0.04638171079834774,0.06390168257710485,0.01751997177875711
NIITLTD,0.21102398944479442,-0.1667928960587196,0.0874648626068013,-0.07932803345191831
NILKAMAL,0.15558663672367334,-0.15456796729504002,0.07331104399618076,-0.08125692329885927
NITCO,0.33692377318659994,0.10209437779645723,0.11218488616178225,0.21427926395823949
NLCINDIA,0.12581564316429034,0.020973700414154542,0.07268801930668506,0.0936617197208396
NOCIL,0.193251580251723,-0.21389287612919092,0.08620887591556856,-0.12768400021362236
NOIDATOLL,0.20523955022146884,0.11569693031405269,0.08975694562077766,0.20545387593483033
NRBBEARING,0.17290995297819048,-0.09500011497443511,0.08375361834227245,-0.011246496632162664
OBEROIRLTY,0.1514574241658561,-0.10515713612611498,0.07602360924477372,-0.029133526881341257
OFSS,0.08589744138800905,-0.053809411437836234,0.06020798259168666,0.006398571153850424
OIL,0.10943803626966883,0.0024328750285303367,0.07219405643439879,0.07462693146292912
OILCOUNTUB,0.2668995850521723,0.12927830341187935,0.10320790235358689,0.23248620576546625
OMAXE,0.08144403721897656,0.05438889749517953,0.06123881221327571,0.11562770970845523
OMINFRAL,0.40386082108022225,0.009421465562277862,0.1265803963977055,0.13600186195998334
ONMOBILE,0.31872491849739015,0.0461885361023714,0.11164578319146037,0.15783431929383177
ORIENTCER,0.22935097641886504,-0.05605892291282549,0.09223292923988038,0.03617400632705489
ORIENTHOT,0.19496424653929767,-0.08458126560941331,0.08302092481107008,-0.0015603407983432321
ORIENTPPR,0.2808122277309937,-0.15658069636969438,0.11119163435924112,-0.04538906201045326
ORISSAMINE,0.2578363723771839,0.05257731888614424,0.08735515574198932,0.13993247462813357
PAGEIND,0.10680132704138583,-0.2676970758958755,0.06311087134986627,-0.20458620454600923
PAISALO,0.23505569724625242,-0.09186164705504804,0.09347745124070532,0.0016158041856572797
PANAMAPET,0.23640428582194756,-0.1935206357741435,0.09384170732692543,-0.09967892844721807
PARSVNATH,0.2736451040875378,0.12970784241188588,0.1097473569382667,0.23945519935015258
PATINTLOG,0.37911781269142963,-0.010957215914600839,0.11905827825751064,0.10810106234290981
PCBL,0.23530225358416523,-0.17895035952614488,0.09316846841596688,-0.085781891110178
PENIND,0.21125113270835766,-0.038062798087939276,0.0904317711541236,0.05236897306618432
PENINLAND,0.29107304727454436,0.12681172992056963,0.1080941528963356,0.23490588281690522
PETRONET,0.0951059052284343,-0.12355517946364805,0.06323131828471971,-0.06032386117892834
PFC,0.16710084468229322,-0.024752717316145034,0.08663805563131974,0.061885338315174704
PFIZER,0.0643475328616125,-0.11659327878481016,0.04754749814905553,-0.06904578063575462
PFS,0.19524553124108832,0.04638829526586724,0.08938531440110953,0.13577360966697677
PGHL,0.09605297834626991,-0.18335281307223564,0.056395679871543244,-0.1269571332006924
PGIL,0.22191224217694794,-0.185625369103409,0.08866409000360459,-0.0969612790998044
PIDILITIND,0.06576282663929937,-0.2403807474072925,0.05095688658732186,-0.18942386081997065
PIIND,0.12951821778885333,-0.3169419215618692,0.06818896744345328,-0.24875295411841591
PIONEEREMB,0.3303373046618035,-0.041715655208283665,0.11014011981744211,0.06842446460915844
PITTIENG,0.30299728719411645,-0.22771128002571617,0.10592775271015302,-0.12178352731556315
PLASTIBLEN,0.15860381766142143,-0.11275792650374929,0.0780223647165986,-0.03473556178715069
PNB,0.17528135965033442,0.1272183049661059,0.08869169529174627,0.21591000025785217
PNBGILTS,0.13413362520370312,-0.09922730882075634,0.06785317393140668,-0.03137413488934966
POLYMED,0.15595031877307247,-0.28866408846296865,0.07275775190271838,-0.21590633656025027
POLYPLEX,0.1513254985208061,-0.15990498196422592,0.07635053194101428,-0.08355445002321164
PONNIERODE,0.30820837972963033,-0.12896273029507538,0.10580000985190081,-0.023162720443174564
POONAWALLA,0.21883444938504715,-0.13264955763299346,0.09412854326672744,-0.038521014366266024
POWERGRID,0.06398644331947284,-0.09798951988345729,0.05258776460325471,-0.04540175528020258
PPAP,0.2216137367677339,-0.053330030112160066,0.09163781094002683,0.03830778082786677
PRAENG,0.3509144224867848,0.012676768114397738,0.11326423242870248,0.12594100054310023
PRAKASH,0.30135820137421104,0.0313786226811052,0.11249478916957396,0.14387341185067917
PRAKASHSTL,0.9449342845119867,0.09505209482074989,0.20554723089652455,0.30059932571727443
PRECWIRE,0.22013243465134105,-0.18282983912340442,0.09105169536846154,-0.09177814375494288
PRESTIGE,0.2121634992036941,-0.10722989291527213,0.09378535278143238,-0.01344454013383975
PTC,0.14440754311210138,-0.005149993797315658,0.07906690646336031,0.07391691266604465
PTL,0.37144385370806365,-0.1476796990834376,0.12232016119375386,-0.02535953788968373
PUNJABCHEM,0.2403244411251631,-0.19374637890998764,0.0962180503366746,-0.09752832857331303
PVRINOX,0.14189222541167992,-0.2323984464182396,0.0759381095414672,-0.1564603368767724
RADICO,0.15866899506912052,-0.18191412381625569,0.07822974195569961,-0.10368438186055608
RAIN,0.23726773321118705,-0.13951951032331836,0.09821380199030476,-0.0413057083330136
RAJESHEXPO,0.14268504713449337,-0.1363846364782839,0.07479351920498102,-0.06159111727330287
RAJSREESUG,0.32675934834881076,0.022435238299386897,0.1110399187335868,0.1334751570329737
RAJTV,0.23188641767068588,-0.0872061338827424,0.09342663113222024,0.0062204972494778465
RALLIS,0.11629808577065488,-0.037035144062881394,0.07041482777468673,0.03337968371180534
RAMANEWS,0.32570162976314454,0.03985849902731697,0.10570561666723136,0.14556411569454833
RAMCOCEM,0.0984729079735638,-0.1728599259978443,0.06317510825988149,-0.10968481773796282
RAMCOSYS,0.25702606788253257,-0.07165673142232896,0.09761246703842552,0.025955735616096556
RAMKY,0.34468926858850646,-0.006970455899890512,0.1133206099517122,0.10635015405182169
RANASUG,0.34656479737665336,-0.1163248088194867,0.1113988578036721,-0.0049259510158145975
RATNAMANI,0.11285437499558461,-0.2726180094958607,0.061278312870682555,-0.21133969662517813
RAYMOND,0.1764597428508571,-0.12585648847437683,0.08430988754779091,-0.04154660092658592
RCF,0.19340593433772005,-0.019115745684782286,0.08574743615094062,0.06663169046615833
RECLTD,0.15368221224490738,-0.026456355035304198,0.0841322810509047,0.0576759260156005
REDINGTON,0.1730717916205503,-0.12401474238649193,0.0815833401908255,-0.042431402195666434
RELAXO,0.1286802216244444,-0.33738073613640346,0.06561446952706254,-0.2717662666093409
RELIANCE,0.0804266615902908,-0.12682440993715377,0.058325103463871944,-0.06849930647328183
RENUKA,0.2833279349688195,0.04074466668936257,0.10656695764036833,0.1473116243297309
REPRO,0.19798270605339247,-0.12159637077964666,0.08143512014450496,-0.0401612506351417
RGL,0.24463689359264582,-0.14550228319893752,0.09257819595227594,-0.052924087246661575
RICOAUTO,0.27582408616467735,-0.1160118997557629,0.09960482175838088,-0.016407077997382016
RIIL,0.2119609927036443,-0.01855295703370948,0.08571940411800076,0.06716644708429129
RKDL,0.3822762222496635,0.06057224378245119,0.11885829563476505,0.17943053941721623
RKFORGE,0.22635998163536686,-0.2173620654916367,0.09530595191909959,-0.12205611357253711
ROHLTD,0.2625891893873309,-0.11853544721239531,0.09841963318913079,-0.020115814023264525
ROSSELLIND,0.31716421400879147,-0.18052547092843152,0.10714381188833152,-0.0733816590401
RPGLIFE,0.23766234098240552,-0.18666842063635147,0.08912575037183874,-0.09754267026451273
RPOWER,0.2942979230794916,0.20975741060573636,0.11847738098407931,0.32823479158981567
RPPINFRA,0.3326337069709947,0.016988539285587127,0.10879666328474528,0.1257852025703324
RSSOFTWARE,0.3609912367443688,0.0019939805370521543,0.1123399352657679,0.11433391580282005
RSWM,0.19522106854754878,-0.04923851321497154,0.08889333977446064,0.0396548265594891
RSYSTEMS,0.21692569866238806,-0.2604571485129762,0.08456542525911806,-0.17589172325385813
RTNINDIA,0.3080432833149229,-0.1839617867304874,0.10935162779589588,-0.07461015893459153
RUBYMILLS,0.26675195526275614,-0.03521780558132224,0.09423309375559218,0.05901528817426994
RUCHIRA,0.28689013332659485,-0.1858730316915378,0.10677354111530434,-0.07909949057623346
RUPA,0.1738262964613044,-0.03471093106083422,0.07850327974142339,0.04379234868058917
SADBHAV,0.19921855683502696,0.1883895589398183,0.09180951394076345,0.28019907288058177
SAIL,0.1819786228407284,0.05169739016463888,0.09003161209084594,0.14172900225548482
SAKHTISUG,0.2901270830748854,0.0509686284367323,0.10127829017338659,0.15224691861011888
SAKSOFT,0.30898088282703734,-0.28026415166950713,0.10662499765376697,-0.17363915401574015
SAKUMA,1.2492941739970866,-0.18407664218178263,0.23011301840637727,0.04603637622459464
SANDESH,0.15350233719820883,-0.09521364651172666,0.0728507814195054,-0.022362865092221254
SANGAMIND,0.26215076400104725,-0.14494475200714171,0.09698374516345747,-0.04796100684368425
SARDAEN,0.2677735357059956,-0.15188278917905107,0.10249663125242281,-0.04938615792662826
SASKEN,0.17246196429975172,-0.16188269979653389,0.07834306839877843,-0.08353963139775546
SASTASUNDR,0.2667628905851367,-0.14504223244945838,0.10085502213091851,-0.044187210318539866
SCHAEFFLER,0.07549361400324675,-0.24436535683776142,0.05079463625116877,-0.19357072058659264
SCI,0.2044299461818179,-0.013150216411078466,0.08963204273288203,0.07648182632180356
SEAMECLTD,0.21324058151325698,-0.17666791458713682,0.08866850689690146,-0.08799940769023536
SEMAC,0.25320276766862965,-0.09029077690015261,0.09493473907808156,0.004643962177928951
SEPC,0.32623418952212613,0.20001209910752146,0.10973091641627909,0.30974301552380057
SESHAPAPER,0.19995125024792595,-0.14709818482011883,0.08508052331614537,-0.06201766150397346
SGL,0.31356046029622414,-0.07826430533249512,0.10974726573331986,0.03148296040082474
SHAH,0.40060949306509236,-0.055516815747707664,0.1275333390864955,0.07201652333878783
SHAKTIPUMP,0.2554365786258815,-0.19333121384554075,0.09340431683280694,-0.09992689701273381
SHALPAINTS,0.27854159425470365,-0.07829695609894419,0.10070686257747487,0.02240990647853068
SHILPAMED,0.18898027189872543,-0.08887791256438482,0.08439339706528097,-0.00448451549910385
SHIVAMAUTO,0.25191672238867757,-0.06018044870722472,0.09817795463404182,0.037997505926817096
SHOPERSTOP,0.14282958904594442,-0.061701512279147296,0.07218036149076809,0.010478849211620796
SHREECEM,0.084265998250355,-0.22523158466711451,0.05798471971450821,-0.16724686495260632
SHREERAMA,0.3320689771250743,-0.04215431948410574,0.11210841936346445,0.06995409987935872
SHREYANIND,0.3295628551366757,-0.16649662355720257,0.11370072511293289,-0.052795898444269684
SIEMENS,0.09344719851935145,-0.11501877223571493,0.06406282589746758,-0.05095594633824735
SIGMAADV,0.37769492960178386,0.003080553388591343,0.12308085562413645,0.1261614090127278
SIMBHALS,0.3723462827544107,0.061233338004680275,0.1170899498560522,0.17832328786073248
SIMPLEXINF,0.2646135611657585,0.16457755941886668,0.10178831739803629,0.26636587681690294
SIYSIL,0.18771723657319253,-0.16300332688620084,0.08633748914874674,-0.0766658377374541
SJVN,0.06612602022564397,-0.03742583313422466,0.05212101988986282,0.014695186755638162
SKFINDIA,0.06913919527687812,-0.17272374477406863,0.050451938177916676,-0.12227180659615194
SMSPHARMA,0.20094569320195022,-0.10933069292076318,0.08541284588028784,-0.023917847040475337
SOBHA,0.18274004984200617,-0.06065529618960505,0.08464912168529327,0.023993825495688223
SOLARINDS,0.07966871131523105,-0.2906074447594814,0.052919205345292965,-0.23768823941418846
SOMANYCERA,0.19415205260191376,-0.22168984567504807,0.08735094166410234,-0.13433890401094573
SONATSOFTW,0.17327973606578775,-0.29783510809297564,0.07858555682902224,-0.2192495512639534
SOTL,0.13258080930893829,-0.08290869598523287,0.07107101388500246,-0.01183768210023041
SOUTHBANK,0.18590656339359998,0.0053840313732488555,0.0861400275890798,0.09152405896232867
SPARC,0.21826329362640484,-0.08248051316315856,0.08853187162083338,0.006051358457674821
SPIC,0.30102170721862836,-0.10636589466848079,0.10503787325755345,-0.0013280214109273325
SPLIL,0.379496303979955,-0.20437735621787284,0.11875353325208193,-0.08562382296579091
SRF,0.1277192991667964,-0.30419428053442854,0.06969844023881744,-0.2344958402956111
SRHHYPOLTD,0.3209383792403086,-0.18501585079977312,0.10780381353435084,-0.07721203726542228
SSWL,0.17364014620985294,-0.15058053025422435,0.07912801865254082,-0.07145251160168353
STAR,0.18493382043449078,-0.06036538535545205,0.08927350675733856,0.028908121401886505
STEL,0.3078919345145173,-0.19242817567102072,0.10772975637929146,-0.08469841929172926
STERTOOLS,0.2123102874879926,-0.23394683749718942,0.08713465733287283,-0.14681218016431657
STLTECH,0.25119048633861035,-0.12036322825439968,0.1006634181521245,-0.019699810102275186
STYRENIX,0.14227997572875367,-0.06747551384407785,0.07882200807997293,0.01134649423589508
SUBEXLTD,0.3643042851382048,0.05902563608269324,0.11697827852977445,0.1760039146124677
SUBROS,0.21856734495617017,-0.19004426080449227,0.08576042424145958,-0.1042838365630327
SUNDARAM,0.34241466895909145,0.15837476367171982,0.11896512592196755,0.2773398895936874
SUNDARMFIN,0.07862369629842056,-0.19376238211760913,0.05216271739230733,-0.1415996647253018
SUNDRMBRAK,0.1965708680624294,-0.053287442346917575,0.08205377796531997,0.028766335618402396
SUNDRMFAST,0.11978329717292534,-0.25410908721166603,0.06560835657490303,-0.18850073063676298
SUNDROP,0.10750497943946673,-0.08514389210739932,0.06299452182825228,-0.02214937027914704
SUNFLAG,0.24044965998135426,-0.141061913902051,0.09586585355669372,-0.04519606034535728
SUNPHARMA,0.08728711728619853,-0.1273767745083667,0.06220008199500133,-0.06517669251336539
SUNTV,0.17983886537785035,1.9669309818431893e-05,0.09177999367663778,0.09179966298645621
SUPERSPIN,0.40762080217560437,0.0281821344417086,0.12553605554246583,0.15371818998417444
SUPRAJIT,0.14197525403125386,-0.2469014847895016,0.07258230891857856,-0.17431917587092305
SUPREMEIND,0.08120032114349174,-0.24345445166074378,0.05593565293613469,-0.18751879872460908
SUPREMEINF,0.2866390246428057,0.1979854340982706,0.11144461307348681,0.3094300471717574
SURANASOL,0.33412377623270184,0.03251673826332043,0.11216105026887889,0.14467778853219931
SURYALAXMI,0.23596070477644757,0.04366968053909413,0.09471579524105761,0.13838547578015176
SURYAROSNI,0.22046240668273467,-0.15875290539076012,0.08909833800852823,-0.06965456738223189
SUZLON,0.3676268849840559,0.14229362924652217,0.12417476466934815,0.2664683939158703
SWARAJENG,0.0785348633283603,-0.1105358356642941,0.054709303889467494,-0.05582653177482661
SWELECTES,0.21549221687303097,-0.09637869140179227,0.08747536330854713,-0.008903328093245136
TAINWALCHM,0.3978900051000017,-0.1511029515998916,0.1198646972633981,-0.031238254336493493
TAJGVK,0.18909165014628168,-0.05613852846209627,0.0815201481082768,0.025381619646180534
TAKE,0.26422203385385695,0.06145840415559016,0.09957216543578676,0.1610305695913769
TANLA,0.3097097607034238,-0.29944412814714816,0.10854132543083682,-0.19090280271631133
TARIL,0.2971792594254536,-0.08151465442846575,0.09889737713045421,0.017382722701988457
TATACHEM,0.14473227119453594,-0.09333984261624728,0.09404938141207345,0.0007095387958261645
TATACOMM,0.14365746780123495,-0.14499441631989438,0.0792870855938428,-0.06570733072605157
TATACONSUM,0.10408983502944627,-0.1622549715482395,0.06629613840084966,-0.09595883314738984
TATAELXSI,0.16473491104910626,-0.3310575700448969,0.07824545099327684,-0.25281211905162004
TCI,0.25569106652896595,-0.2070810421414351,0.0995928282453821,-0.10748821389605301
TCS,0.06367360612125599,-0.15106023586182313,0.05262237211248223,-0.0984378637493409
TEXINFRA,0.20023525381834523,-0.03899121108207511,0.0872386111871407,0.04824740010506559
TFL,0.3894745782394696,0.04653873495833139,0.12760150135659173,0.17414023631492312
TGBHOTELS,0.3457709399473875,0.21048621033498344,0.11613419421415855,0.326620404549142
THANGAMAYL,0.19059664779268584,-0.1507295612324921,0.08373729985124416,-0.06699226138124793
THERMAX,0.0948648294516927,-0.1101870572371718,0.059770581869232925,-0.050416475367938876
TI,0.25344958879745927,-0.04505779983701696,0.09480630078101093,0.049748500943993974
TIIL,0.23236194687216355,-0.2641216834471228,0.09248743328298918,-0.17163425016413358
TIL,18.12894859591794,0.10498490682038004,0.9035106659093699,1.00849557272975
TIMKEN,0.13835761674815034,-0.24061855547579,0.06720279293869874,-0.17341576253709126
TIPSMUSIC,0.2833355960184632,-0.32971493363523313,0.09839444137329618,-0.23132049226193696
TIRUMALCHM,0.2892029626600105,-0.24357516041440264,0.10412273998005725,-0.1394524204343454
TITAN,0.11124345191795997,-0.22034131167815718,0.06821011692581924,-0.15213119475233794
TMPV,0.17584916300657702,-0.04935543928429525,0.08700168986952213,0.03764625058522688
TNPETRO,0.24713196345186486,-0.1360560534551202,0.09114147901614728,-0.044914574438972926
TOKYOPLAST,0.3194965418798782,-0.1801641637785643,0.10618094580446083,-0.07398321797410348
TORNTPHARM,0.0812929637694226,-0.21013044288257268,0.056778583077615914,-0.15335185980495677
TRANSWORLD,0.3431267100087795,-0.16934875452089848,0.11737741583516478,-0.0519713386857337
TREEHOUSE,0.26728952461577477,0.18057680700964082,0.10676790718405585,0.28734471419369667
TRF,0.3045956166192816,0.08978801950929881,0.10673935451952803,0.19652737402882683
TRIDENT,0.2701041225431599,-0.2616867557359115,0.09837352778211485,-0.16331322795379666
TRIGYN,0.37571676230693823,-0.13186163145589588,0.11591712202445428,-0.0159445094314416
TRIVENI,0.274965435582547,-0.166640111694677,0.10246795449025807,-0.06417215720441892
TTKHLTCARE,0.16957228895032192,-0.06267081548725663,0.07271735443947433,0.010046538952217701
TTKPRESTIG,0.12666517525524565,-0.12501360325549757,0.0672688373304629,-0.05774476592503466
TTML,0.31696340632824227,-0.1258913675264361,0.10679597566909237,-0.019095391857343727
TVSELECT,0.31885595763173347,-0.22837816451562365,0.1005699514171983,-0.12780821309842536
TVSMOTOR,0.13234514012290544,-0.24926161967367705,0.07116154449400669,-0.17810007517967036
TVTODAY,0.21844420805580045,-0.1015772121365157,0.09092548208107408,-0.010651730055441622
UBL,0.12855099237314194,-0.0925534766554882,0.07170552111530999,-0.02084795554017821
UCOBANK,0.18397201815906733,0.11729910663305969,0.08414913464100877,0.20144824127406846
UFLEX,0.18359612569060016,-0.08622544342556823,0.0847285329957468,-0.0014969104298214325
UGARSUGAR,0.2822423316843345,-0.1521337864671112,0.09835915494955942,-0.05377463151755178
ULTRACEMCO,0.07585615793250171,-0.16306367791899912,0.056728752874947476,-0.10633492504405165
UMIYA-MRO,0.36004902525835875,-0.09640741785244845,0.11242097731279635,0.016013559460347895
UNICHEMLAB,0.1638207569479429,-0.040455723228425416,0.07835849593721328,0.03790277270878786
UNIENTER,0.23807515506707533,-0.14540070053566306,0.09470996817123725,-0.05069073236442581
UNIONBANK,0.21286865388597484,0.1379133768405093,0.09628319047408264,0.23419656731459193
UNITECH,0.39071497814129585,0.27995747472925336,0.13637613346811364,0.416333608197367
UNITEDTEA,0.22520345546481216,-0.05958722943323337,0.09249440831791832,0.032907178884684946
UNOMINDA,0.2098161772823873,-0.3501372939141502,0.08489481944676311,-0.26524247446738713
UPL,0.13186600569628984,-0.17475005747164182,0.07565973529991708,-0.09909032217172474
UTTAMSUGAR,0.37148817396556566,-0.1542613452434613,0.11377147460313324,-0.040489870640328066
V2RETAIL,0.33291851630946123,-0.06955548833549438,0.11495147188597254,0.045395983550478164
VAKRANGEE,0.2656343124894002,-0.08426436185752406,0.1092943289776315,0.025029967120107438
VARDHACRLC,0.16535895269743842,-0.12290006804744803,0.07831316913350163,-0.044586898913946404
VASCONEQ,0.33565262485044955,0.1010865704378381,0.11560146332737738,0.21668803376521548
VASWANI,0.409166211558015,-0.0181367275421495,0.12852497767726467,0.11038825013511518
VEEDOL,0.0996207377855311,-0.0902756997649796,0.05500798251757758,-0.03526771724740201
VENKEYS,0.24365822187741054,-0.13123567877169742,0.08751340803461885,-0.04372227073707857
VENUSREM,0.31075794151481556,0.029115547617280566,0.10524224808974432,0.13435779570702489
VETO,0.18877757938568754,-0.04318594323193658,0.0841204604668606,0.04093451723492402
VGUARD,0.10386525372219502,-0.2631695488508621,0.06115051659763199,-0.2020190322532301
VIMTALABS,0.3097510241720366,-0.21864320335004614,0.10515311659662918,-0.11349008675341696
VINATIORGA,0.12943643320125872,-0.33480274571200075,0.06653049612589418,-0.26827224958610657
VINDHYATEL,0.21801451362799487,-0.15952067204454978,0.09136960022381295,-0.06815107182073683
VINYLINDIA,0.33656144395273135,-0.2953309470194982,0.11143856828218705,-0.18389237873731112
VIPIND,0.1915040964246696,-0.13692754334426865,0.08659158226497952,-0.05033596107928913
VIPULLTD,0.334193419950478,0.014783113211983041,0.11484451412334848,0.1296276273353315
VISAKAIND,0.19382697108499453,-0.10845648294524883,0.08635920513125135,-0.02209727781399748
VLSFINANCE,0.30384565487617893,-0.20481792062484555,0.10186819115733788,-0.10294972946750768
VSSL,0.2587457972118051,-0.2172899033305799,0.09990338486274937,-0.11738651846783053
VSTIND,0.08039723986830644,-0.13358713763565455,0.05647343680778862,-0.07711370082786592
VSTTILLERS,0.1236697866231922,-0.12784040024196827,0.06578975263301075,-0.062050647608957524
WABAG,0.16240419922336335,-0.02241958836179522,0.07944957675737833,0.05702998839558311
WALCHANNAG,0.26141597911708714,0.08027731293521206,0.09823275698766704,0.1785100699228791
WEIZMANIND,0.42280145297600746,-0.14653704128664127,0.1301470600162934,-0.01638998127034788
WELCORP,0.2624839374419223,-0.0018257482792205985,0.10640129234626063,0.10457554406704003
WELINV,0.3341212007577562,-0.1123361311383684,0.11192616351189853,-0.00040996762646987317
WELSPUNLIV,0.22770544360184483,-0.2427306164890368,0.09615765578412981,-0.146572960704907
WENDT,0.15924293932138334,-0.17524555756494212,0.07118046621163307,-0.10406509135330905
WEWIN,8.909519280872866,0.10303583923689853,0.6389924056931265,0.7420282449300251
WHEELS,0.20324093950215166,-0.17769489549090717,0.07607164212894627,-0.1016232533619609
WHIRLPOOL,0.10616716210069702,-0.14375244196379566,0.06341168641818817,-0.08034075554560749
WILLAMAGOR,0.3352462476799665,0.07957792363122158,0.11487337532547362,0.19445129895669522
WINDMACHIN,0.395927110071713,-0.013959851499819743,0.12244477599744176,0.10848492449762201
WOCKPHARMA,0.24995349317380888,0.04827252620859885,0.10646157880709273,0.15473410501569157
WSI,0.3855910381348206,0.02195559825115244,0.1282196949834507,0.15017529323460316
WSTCSTPAPR,0.21356267664700923,-0.15724936637659354,0.08867398088789104,-0.0685753854887025
XCHANGING,0.3102712799847146,-0.04527007956027819,0.11226433518936553,0.06699425562908734
XPROINDIA,0.2968097006485315,-0.2550412151628819,0.10446961659322652,-0.1505715985696554
YESBANK,0.37077223399786535,0.10584358761560451,0.13546492848601818,0.24130851610162268
ZEEL,0.18606157277363508,-0.03993981040747629,0.0887973619093539,0.048857551501877615
ZEELEARN,0.21582950198260165,0.14001230324107838,0.09104484327589539,0.2310571465169738
ZEEMEDIA,0.2357376419491894,0.016283521173272496,0.0984025763288204,0.11468609750209288
ZENSARTECH,0.1550577758366832,-0.18249615219515777,0.07806603961921713,-0.10443011257594065
ZFCVINDIA,0.08325197388529683,-0.20168744688981607,0.052838902646806934,-0.14884854424300914
ZODIACLOTH,0.16399214174540436,0.08782510407510388,0.08031146296952615,0.16813656704463004
ZOTA,0.27395769506557743,-0.15321607920702268,0.11864176217680208,-0.0345743170302206
ZUARI,0.21939282903698473,0.08854226225103518,0.08833300003612798,0.17687526228716316
ZUARIIND,0.22783992021896932,0.05383400524401168,0.08724118422977349,0.14107518947378517
ZYDUSLIFE,0.09465234366115399,-0.09442539633391081,0.061639126722348406,-0.032786269611562405
