Date,classical,quantum,quantum_rebalanced
2021-03-15,0.0012530318870442527,-0.00500211703095913,-0.00500211703095913
2021-03-16,0.018058735049742276,0.01052997627114558,0.01052997627114558
2021-03-17,-0.020410396899429764,-0.011906598940698938,-0.011906598940698938
2021-03-18,-0.0015113198780725874,0.003545820592770433,0.003545820592770433
2021-03-19,0.015083998322324044,0.018769098654754634,0.018769098654754634
2021-03-22,0.011284619453318193,0.013214686914224843,0.013214686914224843
2021-03-23,0.0071212308005249685,0.008136108605306289,0.008136108605306289
2021-03-24,-0.010847817416168332,-0.0075330702739865195,-0.0075330702739865195
2021-03-25,-0.021219292503749782,-0.024696386516603122,-0.024696386516603122
2021-03-26,0.00804230367613581,0.008489938332789458,0.008489938332789458
2021-03-30,0.016811055039213974,0.009666415845059447,0.009666415845059447
2021-03-31,-0.0005623603474697608,-0.002310059739537691,-0.002310059739537691
2021-04-01,0.012669424833788741,0.015460572930209677,0.015417625330772558
2021-04-05,0.012187515986889946,0.012229143958396332,0.011287525399303562
2021-04-06,0.0011182733339272833,0.01219953441197665,0.011504731435159676
2021-04-07,0.003436970552139306,0.004843195206578547,0.004869108002689391
2021-04-08,-0.004929103591067283,-0.0054691214156709625,-0.005083470293282927
2021-04-09,0.0009554290580706591,0.0023467573614642493,0.002564796174243008
2021-04-12,-0.032674079274766114,-0.03761465175262321,-0.03757009728140266
2021-04-13,0.002772505072751174,0.010870059351069146,0.011752809497188951
2021-04-15,0.006651702261309099,0.006029621455222265,0.006153959881190839
2021-04-16,0.007257527015018552,0.008154337018243864,0.008105110020288363
2021-04-19,-0.01200220722369248,-0.008964402715821542,-0.008696088068769602
2021-04-20,0.0036752102749908378,0.0028433155966513545,0.002931652925979539
2021-04-22,-0.004834538355935026,-0.004503667287427637,-0.004249969455976389
2021-04-23,-0.007785301983033894,-0.0064034314789518446,-0.006664720416208745
2021-04-26,0.009241712503709714,0.00854761833902037,0.00872684717501008
2021-04-27,0.014050424834171217,0.015067239245500208,0.014855837853888164
2021-04-28,0.029248995828925407,0.009019700663072608,0.008344246795245619
2021-04-29,-0.0032150017667333507,-0.0042508215854237304,-0.004865003961233705
2021-04-30,0.00030434312437714747,-0.006536591225805645,-0.006213834354247943
2021-05-03,0.014271113412351339,0.010868814913113858,0.01116978153151312
2021-05-04,-0.007130427770200808,-0.007625013826863986,-0.007840105108498818
2021-05-05,0.017003680400633915,0.020279253691502134,0.020626546736184935
2021-05-06,0.0003165202724515503,-0.004391616884496934,-0.0044875825850544
2021-05-07,0.009436149827158711,0.002633228860172319,0.0027710081864378375
2021-05-10,0.016127673646886963,0.009997600790644077,0.009909783631384528
2021-05-11,0.0037403881543590155,0.002760424492833835,0.0026892063294327233
2021-05-12,-0.013590726820881189,-0.012996926347173523,-0.012725363408274173
2021-05-14,-0.010008420347305912,-0.012550681527803479,-0.012431548049867423
2021-05-17,0.012135271749935094,-0.006143762505354188,-0.006660156393398563
2021-05-18,0.006386387815246558,0.016530316658741436,0.01549437230880354
2021-05-19,0.004083331277476785,0.002546673458014561,0.0024292030666668765
2021-05-20,-0.012461790646567062,-0.007743473758126033,-0.007567936777771545
2021-05-21,0.0059080142455664045,0.005256617625045534,0.0051729764883042895
2021-05-24,0.0029675452355331427,0.004387424169762867,0.00426971472084464
2021-05-25,0.005503560397841027,-0.006464339688851206,-0.006505667479622062
2021-05-26,0.003499785008721318,-0.002356561628761196,-0.0020564082217575702
2021-05-27,-0.005253397736764657,-0.016299722787179328,-0.015925553708586098
2021-05-28,-0.012304249560042672,-0.012970599097502115,-0.012446082826148484
2021-05-31,0.004673705671776879,0.0033583029548533956,0.0034421471715105813
2021-06-01,0.007385031476965333,0.008025852048053145,0.0073586376406860245
2021-06-02,0.002766452696322883,0.005320859882423763,0.005201906305959278
2021-06-03,0.009297132138393423,0.026756647810448484,0.02579584281252975
2021-06-04,0.0080242883520733,0.007645808750633359,0.0067631846439526215
2021-06-07,0.027449840464945235,0.03209423899173449,0.028523334117066146
2021-06-08,0.020168626765561245,0.04146609124478886,0.037660181479417285
2021-06-09,-0.008459146620222223,1.3551459606355571e-05,-0.00021673063979965251
2021-06-10,0.014010787142598215,0.015095491546027922,0.01500084178126679
2021-06-11,-0.005098960038599688,-0.010250829589435026,-0.009437764281795028
2021-06-14,-0.000937143043728903,-0.012205071214580253,-0.011200124759892486
2021-06-15,-0.0030188386609717364,-0.007879035843127002,-0.006638699869580851
2021-06-16,-0.007415951253546279,-0.011194351722816506,-0.0102870105596175
2021-06-17,-0.009122927405346709,-0.018082983057422296,-0.017280795808781085
2021-06-18,-0.0046199093372331175,-0.004471022186782618,-0.0032989737112137972
2021-06-21,0.007801814065928897,0.005562091206198838,0.00467039676926969
2021-06-22,0.005924313366676185,0.010595014528303932,0.009500454491766742
2021-06-23,0.002378311002731669,0.004485918247672943,0.00433974064810125
2021-06-24,-0.004980899889192189,-0.011800879938938805,-0.01081720045764046
2021-06-25,0.009096914678251404,0.004713921782073577,0.005602243697080597
2021-06-28,0.008212917252376046,0.002905111815646187,0.002748095091334392
2021-06-29,-0.006843566707553671,-0.010700601280342668,-0.01057698239032538
2021-06-30,0.011275334523807993,0.007362540280297713,0.00810178869402065
2021-07-01,0.005682855522473779,-0.002440731710659008,-0.0016813639582198047
2021-07-02,0.007748553938575052,0.012527873321537143,0.010588904624112713
2021-07-05,-0.0024222447716613503,-0.0027188194886852983,-0.0021686044083287274
2021-07-06,0.001225550477566004,0.004467028806657101,0.0027046966387367674
2021-07-07,-0.0055309849053704905,-0.0012459577370537037,-0.0005194674862525334
2021-07-08,-0.005896250892009291,-0.005810553632835192,-0.0058884651971306086
2021-07-09,0.0028060457159709918,0.0012301816575021724,0.0017865731000601393
2021-07-12,-0.0062903861913002745,-0.009103010435368724,-0.008791779534223033
2021-07-13,0.00042932451628947544,-0.00019919701785032243,0.0008709645311226017
2021-07-14,0.0007955010051056635,-0.0040379220021195044,-0.003441044063933354
2021-07-15,-0.003675726467713162,-0.0025581092373296362,-0.0019237100401715795
2021-07-16,0.0003818509891552236,0.0075950751961906555,0.007225077666705553
2021-07-19,-0.007807222929786394,-0.006800838908984968,-0.0056660408379202165
2021-07-20,-0.015927510236860298,-0.023490442898461725,-0.022276809178914093
2021-07-22,0.023608120361117844,0.03626404976109985,0.03447107882125984
2021-07-23,0.009584081614347621,-0.0013501830142441894,-0.000970715091396067
2021-07-26,0.009361524422637841,-0.005201450663049008,-0.004680922285668205
2021-07-27,-0.00915653553394657,-0.011058398084568884,-0.010568158490181303
2021-07-28,0.004854450175117311,0.00994638616962023,0.010520697753835004
2021-07-29,-0.0024046158619133846,0.0049478806405660975,0.005398659718031436
2021-07-30,0.017501904568050355,0.032244045672359785,0.03064351605017281
2021-08-02,-0.0031772166939588323,0.0016365397782051262,0.003189411031890527
2021-08-03,0.003694665660466425,0.016712456984924205,0.01953723362234878
2021-08-04,-0.011355105616094855,-0.014526561144504718,-0.01426595133421723
2021-08-05,-9.162545710340221e-06,0.0076560213474135145,0.009904712073905286
2021-08-06,0.00941989242222594,0.006929876192054971,0.005990247635181133
2021-08-09,-0.003523059830681655,0.002977868192761411,0.0026015093508736774
2021-08-10,0.0008130699497393335,0.02138052768922427,0.023200279945247572
2021-08-11,-0.007354481103125942,-0.009430593832683068,-0.008660213298331857
2021-08-12,0.015988761770383685,0.023766720726686442,0.021156409167360814
2021-08-13,0.0012682660149219815,0.003690897315595722,0.005690841759590251
2021-08-16,0.002750439886126539,0.000667015076102993,0.0010279546727513294
2021-08-17,0.015322966479447486,0.016993709785660033,0.016557983188802274
2021-08-18,-0.0008953957238595934,-0.002845054919762567,-0.002011656408757125
2021-08-20,-0.010910518218369525,-0.024819015863990115,-0.025152713358332093
2021-08-23,-0.0008489179753100571,-0.006252923407169858,-0.005134827700137324
2021-08-24,0.006285627203986547,0.009208230162065092,0.008996438730630281
2021-08-25,0.006806300642249065,-0.0019369326257142813,-0.0033022277941913546
2021-08-26,-0.0025110951935009467,-0.0016001690899454506,-0.0046365359458858686
2021-08-27,0.013944590872968088,0.01209776876796301,0.01110474815171117
2021-08-30,0.020627936605885435,0.04080116008428585,0.03926435079584439
2021-08-31,0.025862757451148306,0.0382225342419029,0.037016189845009456
2021-09-01,0.001343744358312062,0.0020235070996609426,0.00173716224501138
2021-09-02,0.0014556560781486237,0.010070662162432386,0.010118315303357439
2021-09-03,0.00851434286304004,-0.0035433249446914414,-0.003796722257531195
2021-09-06,-0.0028159530071963554,-0.00393099392032054,-0.0023955501623302198
2021-09-07,-0.0036347464351366974,-0.006146539870370054,-0.004329030733934411
2021-09-08,0.007973699291572751,0.011188146371349744,0.00949506884220942
2021-09-09,0.006932512216889822,0.008497996388278207,0.008354964207020947
2021-09-13,0.0031695465948337605,0.0040014966235951905,0.004508289338609423
2021-09-14,0.008517009490772342,0.004871218628542113,0.004313446150709868
2021-09-15,0.008268783590828317,0.010448580864820317,0.011828228584972636
2021-09-16,0.0014035909082038966,-0.0022644334722068593,-0.0026269484572750963
2021-09-17,-0.019010658122312774,-0.012573922260470959,-0.01195071743083551
2021-09-20,-0.014840224939841207,-0.018532044201893624,-0.017605402164034386
2021-09-21,0.00596450559674219,-0.0020638525025626826,-0.0010919885228868823
2021-09-22,0.0169855902858862,0.012449020761067858,0.012275166126985194
2021-09-23,0.0047032292280484705,0.0031366030752697596,0.0030617899582837628
2021-09-24,-0.0024201990170270265,-0.007977221793986,-0.007437676315511523
2021-09-27,-0.003758687454809942,-0.004210769899301006,-0.004161533938975683
2021-09-28,0.0008293765158376348,0.0007947491007659171,-0.0008381844095016988
2021-09-29,0.009297260508470316,0.0017920368785262247,0.0021995808108614913
2021-09-30,0.006760918739638048,0.00017889860882723383,-0.00022515823118226405
2021-10-01,-0.010495905102723246,-0.01662500858495016,-0.018796895236946512
2021-10-04,0.006109196409099189,0.00034157124264439507,6.160525867845189e-05
2021-10-05,0.005900573920173289,0.010962325306787847,0.0115185330455895
2021-10-06,-0.011681219148153558,-0.020599973761656225,-0.020823950272052295
2021-10-07,0.005579820870150738,0.01940506739271878,0.01912809761415115
2021-10-08,0.0034888811942406497,-0.0038607132340149606,-0.004529481361309233
2021-10-11,0.0013262147255191199,0.005474089680310823,0.0070293300124146035
2021-10-12,-0.010513628517242517,-0.006785465024891605,-0.0059679574029198835
2021-10-13,0.007349192271776005,0.009808466068417902,0.01034871915523754
2021-10-14,0.02089305104312362,0.016843814506260865,0.014721181940085426
2021-10-18,-0.0026831502018947575,0.009666673050358603,0.011036565938433343
2021-10-19,-0.006171929765438708,-0.009344145224158329,-0.007626930261861
2021-10-20,-0.004710722153588595,-0.0020374216317902184,-0.004104135005331209
2021-10-21,-0.00671027576678077,9.812998368243639e-05,-7.68778899339988e-05
2021-10-22,-0.011685681618306208,-0.014691490244071135,-0.013259578648779382
2021-10-25,0.0027942589027397722,-0.011726551843827654,-0.013019228890796694
2021-10-26,0.0042709773791627745,0.013035590826523459,0.012084876896813835
2021-10-27,-0.002752533937302095,0.0021881703288233224,0.0037703451464632287
2021-10-28,-0.007042315897041584,-0.019292729558095044,-0.018792463228536824
2021-10-29,0.0034932908247418577,-0.009590420758137073,-0.009065514958265724
2021-11-01,0.017097787803402438,0.025806844219141818,0.024954799592996825
2021-11-02,0.005730442769511675,0.00461180129943427,0.0046198369131847244
2021-11-03,-0.007134503207330472,-0.016046185986598765,-0.016741677780063923
2021-11-04,0.007947806335143777,0.008176777509448159,0.00798368389148619
2021-11-08,0.006579828466013194,0.005251198764260416,0.006568816414807465
2021-11-09,0.014410692539865572,0.008140550174783608,0.00912320276679289
2021-11-10,0.006841592450200548,0.009080420880616356,0.00950508947819528
2021-11-11,-0.01143429968164215,-0.008734565153169609,-0.009247865887029394
2021-11-12,0.004526171519998632,0.013757712533110363,0.013251965641630323
2021-11-15,0.014924004858465512,0.009179008896050026,0.006426536582146484
2021-11-16,0.004112765289947476,-0.004846001686291059,-0.004972446365233196
2021-11-17,-0.0009750397227962894,-0.007940008263265368,-0.008546976183884362
2021-11-18,-0.019810931591071376,-0.0118416049973578,-0.01099680964681529
2021-11-22,-0.024987170805039288,-0.01665526339517853,-0.016308492760473744
2021-11-23,0.018735085182339854,0.018896003162141753,0.019810538509822673
2021-11-24,0.003744648547548027,0.005487509117589275,0.003773177160181726
2021-11-25,0.010188203355590005,0.006364464351872115,0.005083227099429828
2021-11-26,-0.019734635662208923,-0.02034028193122255,-0.022446114644015813
2021-11-29,0.00816356786938054,-0.004958080018182378,-0.005419333930088167
2021-11-30,0.006608560822386728,0.004729939399903642,0.003902294515678182
2021-12-01,0.0016649641634115938,0.0027112897971757633,0.005447381634392424
2021-12-02,0.013313296706862756,0.009985995220983345,0.010305966155716639
2021-12-03,-0.008171607574902552,-0.006989016332502483,-0.0073760928393953725
2021-12-06,-0.018884320330345285,-0.015251896130656317,-0.014533792491873754
2021-12-07,0.004020311069320739,0.0016741257952102007,0.004222481498010592
2021-12-08,0.01679069076925922,0.017620032157682212,0.016976753269345356
2021-12-09,0.00645736517880566,0.004355389221844392,0.003131998373016163
2021-12-10,-0.00018502069500223758,0.005813906306147388,0.006972066817479124
2021-12-13,0.00616699166340281,0.011956791457027252,0.010559143099446288
2021-12-14,-0.012741775042324068,-0.021082149704712685,-0.020592114616796938
2021-12-15,0.0019160119578713046,-0.003101654634672197,-0.005080502435659067
2021-12-16,-0.005762023913142738,0.0005347824738499042,-0.00041261947593037516
2021-12-17,-0.013168972729564942,-0.01354212619504826,-0.014818200595413446
2021-12-20,-0.027801781518806728,-0.015541466363556829,-0.016290928384342526
2021-12-21,0.018545244871345398,0.017324930525617496,0.016498672780021872
2021-12-22,0.01161241350335041,0.017896746361701927,0.018979743808062912
2021-12-23,0.007554757616468072,0.004025031509431247,0.003548170935037146
2021-12-24,-0.010493800376116448,-0.0028445434891052725,-0.004684264923475348
2021-12-27,0.008193101749518811,0.009600259641737316,0.008204784349510578
2021-12-28,0.008789684562116542,0.007170614214860053,0.00946458600927411
2021-12-29,0.008410291746917807,0.00872961859071059,0.007238397273201717
2021-12-30,0.01321727270515206,0.002283583760239585,0.0011188913998536221
2021-12-31,0.015177010774749295,0.01599833631769098,0.014741460186711809
2022-01-03,0.0018947781089973497,0.0005758454130617325,0.00180296621511916
2022-01-04,-0.005992957555389786,-0.0011244197765931784,0.0001033209038787456
2022-01-05,-0.014787823686275525,-0.015249925545576888,-0.01260435316123382
2022-01-06,-0.002260220280089193,0.005625295340911222,0.006149610205408183
2022-01-07,0.002075838998729605,-0.005560861987579424,-0.003993766098396785
2022-01-10,0.006402948169567775,0.011251666354154699,0.01233650550699849
2022-01-11,-0.004641510229511,0.00039592652428582396,0.0033678599461223944
2022-01-12,0.023125558676212108,0.026817544180761238,0.026096092931210846
2022-01-13,0.0025633522146792076,0.004511242231016791,0.004143641769453797
2022-01-14,-0.006686464236529665,-0.007072839138586843,-0.005017446156464452
2022-01-17,0.0014220303523724762,0.0013987274311232343,0.0028265370600959274
2022-01-18,-0.010820068985011581,-0.01598444382596227,-0.01675017892266059
2022-01-19,-0.0056831282456363125,-0.008247477918501724,-0.008371329067915736
2022-01-20,-0.003508548318738483,-0.003141046600025266,-0.003681551034822349
2022-01-21,-0.014416608395274857,-0.024672833751247784,-0.02459470409796855
2022-01-24,-0.027327817292919544,-0.025451685155171853,-0.02536573743086047
2022-01-25,0.0210119184929442,0.0213569220710775,0.023576937518364805
2022-01-27,-0.0256166333580246,-0.005487613220694774,-0.007496120831298043
2022-01-28,0.00424641275286429,0.00799625131744528,0.01066563349952194
2022-01-31,0.014538676030905058,0.007970846208731931,0.008773036341199938
2022-02-01,0.008139397945221845,0.015328987835964302,0.016618236784024333
2022-02-02,0.0018010355004112776,0.00048802869162864845,-1.4594071480954283e-06
2022-02-03,-0.0046014668850237255,-0.007001865964404119,-0.008307028879002915
2022-02-04,-0.00845535750376959,0.00020741106891826195,0.0012239218595170862
2022-02-07,-0.011292378290645489,-0.012157004152598561,-0.011109136593674638
2022-02-08,0.0007250212012488634,0.005133388682715803,0.0027962585880522747
2022-02-09,0.01194623042848709,0.009829204432116266,0.010472765696542187
2022-02-10,0.018269649466553826,0.031034821112982513,0.028294482139670937
2022-02-11,-0.015817029427219752,-0.012050843364432053,-0.008631832740113605
2022-02-14,-0.0289258754297211,-0.026157137067730426,-0.025259395762576662
2022-02-15,0.024337972861504804,0.022803367994481086,0.02115577135002821
2022-02-16,0.00945322376430738,0.01650311974120768,0.015952811095109244
2022-02-17,-0.001102627272398884,0.007975828898065801,0.009788178289326823
2022-02-18,-0.00610924205574445,-0.008774825140241981,-0.007785422224124376
2022-02-21,-0.014018003170072624,-0.02066585050909535,-0.02072201447722953
2022-02-22,-0.0008322812326913721,-0.0031457882314645273,-0.005207929617248034
2022-02-23,0.0029106801525745516,0.007912422467040506,0.009492473453102172
2022-02-24,-0.04515017565031682,-0.052974257520961195,-0.052269110287351345
2022-02-25,0.03335031508731287,0.04427947005134258,0.04323650521017053
2022-02-28,0.005828558509525159,0.008194122933942848,0.006289899050082522
2022-03-02,0.002529309540071374,-0.008220061258423322,-0.008191994500999156
2022-03-03,0.01074000314745892,-0.0057060837690398455,-0.005782139352028788
2022-03-04,-0.01876883880912493,-0.017459099792347492,-0.01560362880311084
2022-03-07,-0.008940197092157473,-0.010379090441168429,-0.008292287006452065
2022-03-08,0.007769606483302775,0.010518845030885623,0.01179821170769989
2022-03-09,0.017974863244055877,0.027393228893720076,0.028688041365336005
2022-03-10,0.00042144164397933415,0.005477937960636165,0.004990162930476821
2022-03-11,0.0079615663774751,0.004083579814082681,0.004730343155590378
2022-03-14,0.0035427244911595546,0.006080202240566692,0.008659871223265172
2022-03-15,-0.006597016283435858,-0.0007734656472863363,-9.821907319402165e-05
2022-03-16,0.014396129063878535,0.006994628940675394,0.005606865414154528
2022-03-17,-0.004898096315761039,0.005088393231584877,0.0076292010254547975
2022-03-21,0.0002677003128220831,0.0022548899448239464,0.002945224580115687
2022-03-22,0.002492119247515417,-0.0024310344647000192,-0.0006449567876194223
2022-03-23,0.006205908215620686,0.008083803129063255,0.009434444492882978
2022-03-24,0.013270597616124872,0.003065954964792097,0.004125280266506645
2022-03-25,0.0023767153597262585,0.01219136915140581,0.010987351591365475
2022-03-28,0.006800950723508007,0.02026393015396618,0.022264853624181204
2022-03-29,0.028316638159744487,0.040649539491808405,0.03948665205062746
2022-03-30,0.0036911776550841305,-0.0029938228569189023,-0.004537942207468295
2022-03-31,0.012537736114841198,0.00939632821610046,0.012662722186813103
2022-04-01,0.008227704242105423,0.021302480081048382,0.021974714716292174
2022-04-04,0.008317587443359876,0.014080266859709359,0.010954807616784436
2022-04-05,0.017692997302794274,0.027999467937843952,0.019810647773235712
2022-04-06,-0.00022486745281073513,0.0011439411417835594,-0.0028082253987301836
2022-04-07,-0.013849581971881074,-0.013766331232471072,-0.010138896168515056
2022-04-08,0.0016793603336915876,-0.004012501108045507,0.0009186217620117045
2022-04-11,0.0010006142178302442,0.011396155528890424,0.006920979398311204
2022-04-12,-0.010594080281914778,-0.010203173733559267,-0.01162339632518854
2022-04-13,-0.00391181329775749,-0.005954967194544429,-0.003439082818605645
2022-04-18,0.002594440126654601,0.00659889443162443,0.0016940827742621275
2022-04-19,-0.00663643731538716,-0.008173960414832275,-0.00820326254947161
2022-04-20,0.013440231250598941,0.030378344243630905,0.030825406938986503
2022-04-21,0.011286693536590347,0.01877154120255735,0.014266627329401392
2022-04-22,-0.005809414724752731,-0.001123977529990979,-0.006850876558394403
2022-04-25,-0.0019294886319930515,-0.0015283575380166448,-0.009194256938753668
2022-04-26,0.020092185397061646,0.02465652721981705,0.022339333368547893
2022-04-27,0.00400505731742177,0.008482412611707369,0.0037593607021451383
2022-04-28,-0.004167441478208388,-0.01695749392392475,-0.011737119231688114
2022-04-29,-0.0028924318012216407,0.0014619286226011247,0.0025299791180108584
2022-05-02,-0.017482308260328573,-0.01191248084643918,-0.011754280357781992
2022-05-04,-0.026063928705485497,-0.03491861877159054,-0.032198382247289714
2022-05-05,0.00969709392621884,0.006144323322587159,0.0014572726664357706
2022-05-06,-0.0012797352765062026,0.003107701244543266,-0.0026021122502783993
2022-05-09,-0.011879978616859807,-0.013465487838843266,-0.010717066246850128
2022-05-10,-0.02184735427433344,-0.020440508116649346,-0.01616570946918902
2022-05-11,-0.007493041637149621,-0.013204287527060378,-0.009055327035687184
2022-05-12,-0.0226218950559572,-0.02532041574447435,-0.022426824014826242
2022-05-13,0.016177001258030024,0.028036500239926737,0.02569230767853965
2022-05-16,0.012319312444108844,0.014549349998910045,0.009790199447525662
2022-05-17,0.030939102311424473,0.022614721903946134,0.01929854834067466
2022-05-18,0.007013781501657711,0.007249779122520093,0.0018877080596504696
2022-05-19,-0.011521133570864418,-0.006353551955942165,-0.009117437880469915
2022-05-20,0.021794375035007713,0.02949267250168306,0.026684850496619037
2022-05-23,0.0052303349121406335,0.011930050371002797,0.007192687460255772
2022-05-24,-0.014261014289556149,-0.019457234710827463,-0.014814401097872484
2022-05-25,-0.014425878774518962,-0.013224587221403662,-0.00899025838482087
2022-05-26,0.022172431977851556,0.02040609751474133,0.016053597765408715
2022-05-27,0.01026147390373362,0.013473489305535529,0.008137895873725551
2022-05-30,0.022941838277555714,0.017006821176585685,0.014061331690589091
2022-05-31,-0.005721662257504632,-0.018195725701891943,-0.013692688384223436
2022-06-01,-0.008081220333031897,-0.024949204935248562,-0.020512324222802775
2022-06-02,0.0017128351401080413,0.0007565677987893455,0.005319309973200728
2022-06-03,-0.014596442088159411,-0.02035901535486719,-0.01760730331479715
2022-06-06,0.015049906257090944,0.0077490142483651004,0.0026345432451010823
2022-06-07,0.0015728245851492182,-0.009344022575992327,-0.007303690031860847
2022-06-08,-0.013007079308114119,-0.01621507715432317,-0.014573166845694114
2022-06-09,0.018596060577745828,0.0105107021907384,0.01066271873515992
2022-06-10,-0.008582941315932536,-0.01242333754764887,-0.010879026774680133
2022-06-13,-0.026939523701550595,-0.02194306573778864,-0.018014327743562014
2022-06-14,-0.0061650079819883345,0.004374324017884076,0.004806928690175769
2022-06-15,0.006095956207467801,0.003093861894990269,0.0007232347505927518
2022-06-16,-0.024803462058304315,-0.026973278892787677,-0.024830826138050027
2022-06-17,-0.009788682760699611,-0.004924688184558284,-0.006590981988913486
2022-06-20,-0.022247869072105166,-0.011506394276042511,-0.007282869996528226
2022-06-21,0.021256325406831193,0.01567776576020158,0.014484339564893605
2022-06-22,-0.01271528119190557,-0.011739735512995089,-0.00993512022125448
2022-06-23,0.028614617515716683,0.018481955390900546,0.018733024814237907
2022-06-24,0.013919120132689033,0.019836270460015813,0.01632731790383231
2022-06-27,0.009196746758170027,0.01577461655394392,0.013900610375667873
2022-06-28,0.00991328225257075,-0.009112240362304506,-0.008652154616231278
2022-06-29,0.008267224605530005,0.0048602330127539345,0.006490058706670563
2022-06-30,-0.00759877696697314,-0.00994125155161296,-0.0076389855049972775
2022-07-01,-0.017627555136710094,-0.0056421519052824685,-0.006144985696071398
2022-07-04,-0.004151375496350723,0.008936078623289887,0.011786474035244828
2022-07-05,-0.00897293475979958,0.005516476246684915,0.006311059739896748
2022-07-06,0.004664812848701807,0.011270093256809855,0.01417822965281615
2022-07-07,0.01570070581541559,0.01736306490787311,0.013213629712646101
2022-07-08,0.0038817992790022024,-0.002066331587137343,8.05373801785717e-05
2022-07-11,0.003189019300569626,0.00420127536202771,-0.0049578710484628865
2022-07-12,0.002288257130851552,0.002806957175767178,-0.0025127322746256297
2022-07-13,-0.0030207311223941612,-0.009390853485648842,-0.007830569373955548
2022-07-14,-0.007842344398933223,0.003446562239453251,0.005574653746074451
2022-07-15,0.01358458059580988,0.01063566902510182,0.012681601978601124
2022-07-18,0.010842493798521886,0.01029335163251672,0.011836505875210335
2022-07-19,0.006973964911905383,0.006690068661508083,0.005029964165948131
2022-07-20,0.005894877576553776,-0.004206131053500982,-0.0023109946557083815
2022-07-21,0.014608936788500297,0.015018317231974238,0.017421957770517298
2022-07-22,-0.004879863238461436,-0.007988221527453815,-0.007116929424864488
2022-07-25,-0.006893306469250617,0.0003219559349461235,-0.0010871984548174003
2022-07-26,-0.009158709711162928,0.006517047395559455,0.0032052933400814644
2022-07-27,0.007971615844905832,0.015241580939530819,0.00886024736685106
2022-07-28,0.01598285575542151,0.011111990375463862,0.007785318202084021
2022-07-29,0.015722206501903584,0.01001427880279304,0.017140102060472492
2022-08-01,0.009218071822162152,0.007207977740035887,0.0038687052305787823
2022-08-02,-0.001998344419623893,-0.00022343640221110292,-0.004992065488461205
2022-08-03,0.00287666412806887,0.00730230809320334,0.0011529600173666027
2022-08-04,0.01260600362599056,0.013889732681109032,0.010932943172230637
2022-08-05,-0.0007608370505117357,-0.012611303540816684,-0.005518941453735071
2022-08-08,0.0031618840051072777,0.0017379168129209954,0.004153940540045758
2022-08-10,-0.00316911166042025,0.005902069412915433,0.0006159765045547651
2022-08-11,0.0067094675313319075,0.012130145905617916,0.014910698827207693
2022-08-12,0.002547680524650048,-0.001401280147461359,-0.0019149767585429046
2022-08-16,0.027601886958290845,0.0300505476366885,0.022159482835884044
2022-08-17,0.007037296870832629,0.014026224577375648,0.006897015826734969
2022-08-18,0.01092924310764625,0.015931400684018788,0.008326831524234659
2022-08-19,-0.002352412233224975,0.0008165792772516487,-0.006385980377565434
2022-08-22,-0.0035109875265535322,0.007652968577401311,-0.0032632914919408524
2022-08-23,-0.004430218768296711,-0.00992039022847684,2.5068442497219196e-05
2022-08-24,-0.004510083837513896,-0.018459139257681664,-0.01035708996294507
2022-08-25,-0.001521133363940896,0.0030644632352032587,0.0016809812130946296
2022-08-26,-0.008110354609206274,-0.014786038923124774,-0.00678040432585734
2022-08-29,0.0009523829401121652,0.00764186929114307,-0.0023040253631603914
2022-08-30,0.025055740357743484,0.02828041262973586,0.021724540774102807
2022-09-01,4.060409997524778e-05,-0.004706436363776271,-0.0007905466214756242
2022-09-02,-0.004752956857403211,-0.00903029983631112,-0.007420230362854109
2022-09-05,-0.0029752313675924145,-0.004287955729312353,0.002115738788651032
2022-09-06,0.013070537810602141,0.022460831797432707,0.01693279662024486
2022-09-07,-0.002591397725008381,-0.0011433147334981907,-0.0005435077844146068
2022-09-08,-0.0020476438322766253,-0.0006296666633508732,0.002530732144158883
2022-09-09,0.009588435746029184,0.005681549999862998,0.005800405576015872
2022-09-12,0.0038930925333905894,0.005865625055812091,0.006114976939503146
2022-09-13,-0.0008571507456660093,0.0038385465398052495,0.007630900796339626
2022-09-14,-0.00492445603599312,-0.009172482906502322,-0.006218142314683049
2022-09-15,0.007904989641348382,0.018221811320231315,0.01232592304746287
2022-09-16,-0.020396322130055697,-0.02145505586878663,-0.02086088484327225
2022-09-19,0.007078491304837936,0.0029597672299572354,0.0026638595840104114
2022-09-20,0.018008300810572187,0.020943406615067987,0.022232613084785354
2022-09-21,-0.006940628138017987,-0.005332326284885966,-0.0023662169547318205
2022-09-22,-0.010218561001331757,0.0034374860377986726,0.0021819687174309617
2022-09-23,-0.015784561623313143,-0.015582205682056115,-0.014162636587282259
2022-09-26,-0.020612940284376456,-0.028617071400588657,-0.024143946471816887
2022-09-27,0.004171200981494213,0.0017376964354246542,-0.0009029456923173141
2022-09-28,-0.010767344508492547,-0.005608887313298581,-0.0035178842123623068
2022-09-29,0.007113736642976739,0.00236300518489417,0.0023084016038289225
2022-09-30,0.015274678277635633,0.01969955525701141,0.02192872701510813
2022-10-03,-0.01254503200862563,-0.014708765883571038,-0.0081678483228699
2022-10-04,0.015680955551396952,0.0038989031845522077,0.007586031995780345
2022-10-06,0.02854060684052402,0.01776059092133491,0.009474415753466569
2022-10-07,-0.0014272816881899803,0.003855478131967858,0.0040741331279445184
2022-10-10,-0.006412458816745121,-0.012486294850605045,-0.010516306949691755
2022-10-11,-0.012296614203580124,-0.014154439457938588,-0.012703045470015701
2022-10-12,0.011114836074717341,0.005934991729557843,0.006674156611208953
2022-10-13,-0.006062453809128924,-0.007374068335038729,-0.004016243332808952
2022-10-14,-0.004844579117099196,-0.012382275786586364,-0.0050834677911853485
2022-10-17,-0.0009832545702262942,0.005253654019326615,0.0010850308404760714
2022-10-18,0.014203213449933711,0.00640770589689696,0.0068267040529829464
2022-10-19,0.0022276724303195343,-0.009636580486736256,-0.003622247434351759
2022-10-20,0.0032302083039856583,0.008582931870356789,0.0061836925160325485
2022-10-21,-0.006332579453852847,-0.005064697818070814,-0.0020422046559128736
2022-10-24,0.0032516381080842744,0.005003354231921641,0.0037756889051836955
2022-10-25,0.00408645493605089,0.0059422515638573445,0.008662454572063731
2022-10-27,0.0038738153927399322,0.012344173846394902,0.013078541571842909
2022-10-28,0.0018254755466471358,0.004017674841389967,0.0074542211244373125
2022-10-31,0.020222665285592717,0.02648685609552292,0.03006381435747691
2022-11-01,0.011266353634668628,0.01483833793569025,0.009347110359305237
2022-11-02,-0.0055275948258901,-0.006388457436889543,-0.005098997910724607
2022-11-03,0.0018146030145443789,-0.004862871437687978,-0.0018504088167160596
2022-11-04,-0.0028711220253397254,0.007156100902892071,0.0024691162094350504
2022-11-07,0.004503002496024607,-0.0017285986304669595,-0.0025331337296539123
2022-11-09,0.0064853582513564175,0.011959665593327593,0.004265512028911484
2022-11-10,-0.0034081939487629943,0.0025511604401016433,-0.0006868796748714178
2022-11-11,-0.0032456194714058813,-0.012021610792041997,-0.006285135966478489
2022-11-14,0.003848587767403908,-0.0025833078974443558,-0.0026029852593365244
2022-11-15,-0.0002692530509314295,0.0007996577222403189,0.00429365784346663
2022-11-16,-0.00728437270415834,-0.011684008971528437,-0.006382797545284508
2022-11-17,-0.008307121317976849,-0.00920654727746239,-0.004303532293187315
2022-11-18,-0.00573494807782033,-0.00291504340630201,-0.00545089959611305
2022-11-21,-0.009547683747714577,-0.002843431325383609,-0.001605743576847823
2022-11-22,-0.0007521138278244917,0.002380108374928902,0.004089877757225559
2022-11-23,-0.001230976822480764,-0.001276273510521878,0.0013810660388286324
2022-11-24,0.00889458176735543,0.007530933978837219,0.010120176121618673
2022-11-25,0.0004793498907986149,-0.003392846945984712,-0.002886811408375523
2022-11-28,0.010963424879987325,0.0060326621477188895,0.004055928780791184
2022-11-29,-0.004511115287053919,-0.0014642381705786663,-0.0004603390712833425
2022-11-30,0.0134959802178889,0.017301683334710567,0.01623722749822534
2022-12-01,0.005355705306291715,0.0020655371447290574,0.0043762125387536085
2022-12-02,-0.004608215586396876,-0.006615391252966897,-0.004168776639331732
2022-12-05,-0.009181656656550453,-0.00612360054419521,-0.0049151477017667184
2022-12-06,-0.00016969097882682234,-0.0008993954283448518,-0.0022142626469383946
2022-12-07,-0.004914977438100952,-0.0015096911585618024,-0.0013247073675952865
2022-12-08,-0.0024194848391715456,-0.0077258156647315186,-0.008124635683374543
2022-12-09,-0.0035673253569944233,0.003913214557823322,0.01091192619338791
2022-12-12,-0.0021608587247950945,-0.012376111720839413,-0.012317776366350256
2022-12-13,0.0091361558663151,0.013229678033421665,0.008629511610023354
2022-12-14,0.0020068308246024426,-0.0026222358610805143,-0.0010634243654230457
2022-12-15,-0.007369795797027386,-0.010197504975658057,-0.011169427937498175
2022-12-16,-0.01286248083293424,-0.01453479929699359,-0.012717870329549895
2022-12-19,0.005050354253848704,0.00646028090076235,0.010418477292940286
2022-12-20,0.00011330178547917648,0.00601622976450605,0.006507409627420525
2022-12-21,-0.014448754600758312,-0.017313685646053407,-0.012259029884408733
2022-12-22,-0.006283250510085085,-0.008018393906832948,-0.0013104735373781374
2022-12-23,-0.027081950867670318,-0.02855780610981258,-0.025285344563649226
2022-12-26,0.012704389020431129,0.015647606669144738,0.008455979019941853
2022-12-27,0.017608893456187494,0.008290079195327446,0.0015553096947506612
2022-12-28,0.00940048595858156,0.012671249779876593,0.006038806638676219
2022-12-29,0.0064911618814811976,0.012248895535813127,0.012694411111414176
2022-12-30,-0.007789056020352024,-0.013790571267814872,-0.012447097258621918
2023-01-02,0.005676013493369728,0.0032505027025815205,0.004036455467851994
2023-01-03,-0.005919812778299319,0.0019642924325527977,0.004481274679236643
2023-01-04,-0.011828248530828197,-0.010073613557913239,-0.007414959310187249
2023-01-05,0.005465868670509481,0.0018521587605103518,0.0015964030701963795
2023-01-06,-0.00937053469224303,-0.008990539279009413,-0.007044198254457095
2023-01-09,0.016388354557423893,0.018950220925956947,0.01862979382756674
2023-01-10,-0.007819370234893826,-0.01428471083426824,-0.012713117979715005
2023-01-11,-0.0045023647354908505,-0.00802765732342222,-0.007701239542217009
2023-01-12,0.0008477141552386013,0.0033288524953422453,0.005058227039132413
2023-01-13,0.00324943402333371,0.002893060100836497,0.00070531455958645
2023-01-16,-0.006334409888538477,-0.006765772374579238,-0.005066276001379796
2023-01-17,0.0073861978913471,0.012188673234593743,0.009629898200326878
2023-01-18,0.007739891221721993,0.0014578800302346385,0.003917843769888539
2023-01-19,0.005771653321406952,-0.008612369155395764,-0.009075680365499328
2023-01-20,-0.01145103286835502,-0.010436293502986525,-0.010177484991261074
2023-01-23,0.012395561989864105,0.002953655692429684,0.003848574378279113
2023-01-24,-0.003665948389321434,-0.005286874786717342,-0.006098158897041055
2023-01-25,-0.002372147089082183,-0.013501307776753367,-0.008841959109441057
2023-01-27,-0.0007821733982231269,-0.00489562848412405,-0.00033536767708126783
2023-01-30,-0.011141510770475187,-0.015022337031755657,-0.008720765008701073
2023-01-31,-0.0023947053864683773,-0.00462422758983478,0.0013767344129203
2023-02-01,-0.01293751284842287,-0.014370009525927234,-0.010201283033104377
2023-02-02,-0.0007412609494584549,-0.005776046085526412,1.9376003123041605e-05
2023-02-03,-0.0017248420683975336,-0.0004205826536524237,0.005956862920378335
2023-02-06,0.0014065563940933966,-0.008076830121390282,-0.004194801884098732
2023-02-07,-0.002139351110992622,-0.011959738758864283,-0.008385440776865677
2023-02-08,0.007348275454812973,0.01004385357627168,0.0066672295189455656
2023-02-09,-0.0005565705615038874,0.004782796745761693,0.011191422765497899
2023-02-10,0.002121192648038061,-0.0044963268294858465,0.00032406171656449757
2023-02-13,-0.009245899613812336,-0.00913667778750016,-0.0048803660656984525
2023-02-14,0.001953884652849229,-0.009459624877102158,-0.005119511704315554
2023-02-15,0.004694299853610952,-0.0012220533915328845,0.003279651885585916
2023-02-16,0.016552924818374427,0.010915297176466878,0.007434348312754399
2023-02-17,-0.004722470010632486,0.0004155076125615192,-0.004615254657317068
2023-02-20,0.01224909157432802,0.0034605082220778714,4.629617411048376e-05
2023-02-21,-0.0018999749696141904,0.0016334703698189337,-0.003639059963870897
2023-02-22,-0.009399663399466199,-0.011359678754978574,-0.007725641223348972
2023-02-23,-0.007552308750814872,-0.008976421092250388,-0.004874868337305955
2023-02-24,-0.010324466905728956,-0.01041184343066797,-0.0079039715843408
2023-02-27,-0.011200212302165294,-0.010070043504780232,-0.006665939438123645
2023-02-28,0.0002988851981147564,-3.3397059890673156e-05,-0.00386602017239109
2023-03-01,0.015046330307343906,0.01783330784910695,0.015060521424503997
2023-03-02,0.003193590856376158,0.0017239389084204193,-0.0023025328506169817
2023-03-03,0.006579422345543877,0.013288247144946088,0.010965869714557083
2023-03-06,0.01557030859785078,0.01497827850976432,0.011605244777046818
2023-03-08,0.009547588604306502,0.014866939546469414,0.011210468049742158
2023-03-09,0.003533375048384344,0.01708310906495358,0.012405245603039431
2023-03-10,-0.0020748556226080628,0.009444857282528826,0.005087739833840561
2023-03-13,-0.007196586352408431,0.0051831883976064625,-0.0004174812958976903
2023-03-14,-0.006733112545508589,-0.0018076827051362373,0.0034194850486019375
2023-03-15,0.0014465043778217495,-0.0033919944547230393,-0.0026124090658174643
2023-03-16,-0.006216466330895431,-0.008374328550674043,-0.007861908486765979
2023-03-17,0.005579641792103275,0.0036712453818504276,0.004328669345221518
2023-03-20,-0.010665050034577553,-0.008598158358187936,-0.005601355411262525
2023-03-21,0.001442433579764917,0.0052641110940578216,0.0009018857797796378
2023-03-22,0.001072263261976558,0.0037521153400481054,0.0014479774978811827
2023-03-23,0.0008910550534841038,0.0030887683241496377,0.005171376420885745
2023-03-24,-0.011808306553628604,-0.013275355903987962,-0.00956556760286264
2023-03-27,-0.003572322521968663,-0.012306035600468597,-0.008824858295737769
2023-03-28,-0.002673084257862833,-0.010884233166808047,-0.005850545091599307
2023-03-29,0.01913890858640382,0.013080842856880695,0.009783630013709074
2023-03-31,-0.0021692868836091688,0.0018007276094749584,-0.0018118299393503584
2023-04-03,0.001489641812756386,-0.004906294206929009,-0.004160162792097711
2023-04-05,-0.0017047277091582296,-0.006740383038811102,-0.005185402040982121
2023-04-06,0.0027225880956015295,0.011695231406240646,0.01117416449837416
2023-04-10,0.007973769919845723,0.007101915313949616,0.006205597832736275
2023-04-11,0.00198658711242195,0.005351197853471684,0.005061385154463926
2023-04-12,0.011988784318458654,0.008491726598159662,0.007177042918072223
2023-04-13,-0.004650287253115614,-0.010424570554519345,-0.009767966075859438
2023-04-17,-0.005752972299469781,-0.008620016257698296,-0.009073551701287767
2023-04-18,-0.0016419266230966933,-0.005064116953261136,-0.004227294100097866
2023-04-19,0.003629320692403904,0.002766372863127128,0.0027382419732373616
2023-04-20,-0.0042100051987721725,0.01436528813385971,0.012814625179524714
2023-04-21,-0.005978700098208134,-0.0059864614591474,-0.006531386520644194
2023-04-24,0.005288183205217253,0.00047377293564451517,-0.0002486507390350931
2023-04-25,0.005501126903852881,0.0012939468954568125,0.0013524973706228515
2023-04-26,0.005268576472575341,0.006556725389746709,0.005279462815094437
2023-04-27,0.008839468701197836,0.012790862785965815,0.01242592210156518
2023-04-28,0.015287708166619946,0.017427702130505436,0.015518095116310738
2023-05-02,0.012474161752182368,0.014744295168353704,0.010673685137915754
2023-05-03,-0.005187344174034865,-0.009153648793892119,-0.00908171949740882
2023-05-04,0.010966137302205189,0.0158953202263187,0.015304034355642052
2023-05-05,0.005594775667281605,0.002224049045061399,0.0018298282105370725
2023-05-08,0.007338398670960838,0.0005297325636537728,0.0012818614401871663
2023-05-09,-0.00020596012229155263,0.0017333957645862552,0.0010846935335269065
2023-05-10,0.0035690189279687914,0.00032500369063518,0.0009098539017992936
2023-05-11,0.0007276089091784089,0.003427535506635075,0.002066529508584325
2023-05-12,0.0025324134270090374,0.006448143429496814,0.006231648564854153
2023-05-15,0.006703994653669814,0.0061712078152410185,0.006486966237281565
2023-05-16,-0.0034718035866900957,-0.007775757431025676,-0.007992978412073746
2023-05-17,0.011159427816845018,0.0035777391340322045,0.0033370596178266447
2023-05-18,-0.0033572549563835935,-0.003011173394039023,-0.0013128313308526452
2023-05-19,0.010942474326349755,0.01283159976158365,0.01013473222495138
2023-05-22,0.010302238636119202,0.017004105240264595,0.014282073204838062
2023-05-23,0.010774502515976761,0.010310339964444363,0.0075048501960160476
2023-05-24,-0.0024851167349561865,-0.009064470505608256,-0.008023601155019652
2023-05-25,0.0024210264959954792,0.0048886504228401574,0.006303121587087395
2023-05-26,0.007421929172024236,0.01424525896823739,0.01485946798502139
2023-05-29,-0.003054671256306448,0.0008700674443092636,0.0016236643722705002
2023-05-30,-0.0034285212179339824,-0.005410680708102772,-0.004620997139992757
2023-05-31,0.017799368729628565,0.014231872686068004,0.01589481443824623
2023-06-01,-0.012943496489132997,-0.00669287747885755,-0.007714066802990178
2023-06-02,0.006605780907516587,0.004908523619420175,0.0054392698602142905
2023-06-05,-0.0009632134826982003,0.00176048791204482,0.0017114962640975347
2023-06-06,0.006341993619133557,0.008871830213876235,0.007928964134360896
2023-06-07,0.017135141911699327,0.02497471011994104,0.021862490490334455
2023-06-08,-0.00742473432713751,-0.007805205238017175,-0.0097486358878047
2023-06-09,0.004785051417876203,0.0033040321311179396,0.0032138924738942306
2023-06-12,0.0011450258094574627,-0.003269683996170491,-0.0020504117404040994
2023-06-13,0.007944440146614795,0.008836310703225853,0.00943426120778361
2023-06-14,0.0006776345160153221,0.00046603662513388153,0.00030882299152095875
2023-06-15,0.002426937538197282,0.001315731821044102,0.0006049606383041271
2023-06-16,0.006947923497392205,0.005883552670867346,0.006753038928987151
2023-06-19,-0.002444968346632057,0.0046407956251902,0.004609709580447268
2023-06-20,-0.0023538311259499274,-0.0057623861742748745,-0.0046821493823082155
2023-06-21,-0.0006950357976727377,-0.00558133241404081,-0.004840849167227466
2023-06-22,-0.008355630934007166,-0.0040644385877674095,-0.0033142275068445866
2023-06-23,-0.01112129362879865,-0.008235652090358557,-0.004959614368438455
2023-06-26,0.008394951102324704,0.017193960450857058,0.014579062946407784
2023-06-27,0.007955785439182347,0.009521048801578237,0.00959663330636379
2023-06-28,0.01007724713926243,0.008033788518636252,0.00900620558024518
2023-06-30,0.0027687584539218164,0.004769411280725684,0.006954427425671037
2023-07-03,-0.007046017941662779,-0.006990064042256238,-0.007455662652713798
2023-07-04,-0.007819210743183523,-0.00863704681760486,-0.007451771451349223
2023-07-05,0.0061921083338308675,0.004938659605586531,0.0043997692210336805
2023-07-06,0.00696602325992542,0.009176185701937957,0.008344567998722841
2023-07-07,-0.0008598435019112268,-0.004835293218275592,-0.004072161720154102
2023-07-10,-0.002003971329434224,0.00045294872786142716,0.0016796096955210313
2023-07-11,0.01218751007280699,0.009239158923857316,0.009738779594799235
2023-07-12,-0.0027594386427769986,-0.0017593951228495259,-0.00037353707641964975
2023-07-13,-0.0027430033813620864,-0.0036803025142237923,-0.003681541993203048
2023-07-14,0.005716822888144759,-0.0006359074019716275,-0.00011036796468593714
2023-07-17,0.0023663073040789363,0.0029432851065994002,0.0007075386316139039
2023-07-18,-0.0015860261147889055,-0.003694755542489681,-0.00377332256891892
2023-07-19,0.004621061895206169,0.00675844416319821,0.006740365107708753
2023-07-20,-0.0015280961002334676,-4.337213102508173e-05,0.0018682875990706338
2023-07-21,-0.00884323314732133,-0.008249844223941556,-0.007217818247127648
2023-07-24,-0.001424459005019589,0.0036907514940794557,0.004115064956135396
2023-07-25,0.02065638950210368,0.016888549803277943,0.011482558601687813
2023-07-26,-0.0015937712039972003,-0.0018492047420244728,0.0004559724392954245
2023-07-27,0.0007623814108480065,0.001200441399056746,0.003496837615510613
2023-07-28,0.004212337829993072,0.008681679062590635,0.007407573398993793
2023-07-31,0.011589558069946401,0.007661403277048758,0.005279130375931743
2023-08-01,-0.007006226170523801,-0.0119346578840791,-0.010117458281717636
2023-08-02,-0.0111971517643776,-0.011857896708972,-0.011776390607233341
2023-08-03,-0.004168594503086157,-0.005081427008047259,-0.005664997057469063
2023-08-04,0.0050628377887159725,-0.009682282165040508,-0.008433228601480401
2023-08-07,0.0016471379600704762,0.010161096360410805,0.008303122302277647
2023-08-08,-0.005601959233546723,-0.00811868345177014,-0.008576331378350285
2023-08-09,0.0023858747824052405,-0.0028249347182367915,-0.0011061308731225633
2023-08-10,-0.0032597262618417207,-0.0007905994317202441,-0.0012417744105356417
2023-08-11,-0.0030317816791657322,-0.004138647617526865,-0.006002490901623449
2023-08-14,-0.0054238001550222705,-0.004578479238027215,-0.0035249543471296365
2023-08-16,0.002008456589121096,-0.0030064724613875706,-0.0027439655478578313
2023-08-17,0.00344485566311956,0.01120012395471808,0.009018877863030053
2023-08-18,0.0024407254395117754,0.006370231384832615,0.002388121913654589
2023-08-21,0.01989479261140276,0.027230291557169977,0.022327699642569147
2023-08-22,0.014276809531961445,0.023228415128508487,0.017105072992513657
2023-08-23,-0.011477788740520765,-0.01777724579471149,-0.01469103807917813
2023-08-24,0.003782249193315217,-0.004407431942601242,-0.004590517330839761
2023-08-25,-0.008828400362540732,-0.007232153714241492,-0.005942570310487639
2023-08-28,-0.0023490217658927734,-0.0008238204572381381,4.9676016496719684e-05
2023-08-29,0.010957548807087734,0.008514800141597589,0.004492410411994779
2023-08-30,0.0069926698073946416,0.0029882231021783603,0.0031646706275003334
2023-08-31,-0.0028505402009247997,-0.002884713897760857,-0.0027706437733998187
2023-09-01,0.004377427652063397,0.0027839625870412785,0.0024783819772624498
2023-09-04,0.014792616510589666,0.009165857717076786,0.00672974330958706
2023-09-05,0.013060670784199455,0.010257044277394756,0.00964012108605282
2023-09-06,0.009915798368602038,0.009169125296460964,0.010125507479150786
2023-09-07,0.0032522140258192415,0.009647189065500139,0.00545615632048771
2023-09-08,0.005528968647296056,0.011327160181602102,0.009849955148295904
2023-09-11,0.01593729366445206,0.02857410359517508,0.021924378569051908
2023-09-12,-0.017229023601323997,-0.014460241153345973,-0.011940124982927578
2023-09-13,-0.010648353388371102,-0.010713162410193955,-0.0045084670930882415
2023-09-14,0.006283973877043112,0.0015857853094756512,0.0012933066182867427
2023-09-15,0.010107637946945434,0.004570437952306469,0.00657124685267032
2023-09-18,-0.0037770075997070334,-0.00627345932933954,-0.006471558645924421
2023-09-20,-0.008145268489750484,-0.012143632857482316,-0.009670445719931987
2023-09-21,0.0013806595677057758,0.011841872994645156,0.008989388090625336
2023-09-22,-0.004945797090510052,-0.008758626434405059,-0.009232690682232916
2023-09-25,0.005745489072828551,0.002463003097539955,0.0017187158472980106
2023-09-26,0.000903328483946585,0.00041826135669701,0.0005712233069726551
2023-09-27,0.006324948894505543,0.003508447687700464,0.0043715515702257264
2023-09-28,-0.0037646353056855976,-0.008616538654230104,-0.008863910482457972
2023-09-29,0.007588416845904175,0.006831312783459721,0.007923422855523398
2023-10-03,-0.004440187907152542,-0.0017540917565623463,-0.002331362395293553
2023-10-04,-0.00930112108576734,-0.005543592951662149,-0.006413446234451764
2023-10-05,-0.0031352058120009303,-0.006030733970258547,-0.0034647364214946672
2023-10-06,0.0031368989136980876,0.0025131157086394134,0.0038333946956107794
2023-10-09,-0.002395237662233813,-0.014222439537106881,-0.00771993586516832
2023-10-10,0.010219389826096336,0.0069175316537855944,0.00682667175759987
2023-10-11,0.0073325809262537135,0.012933132963182492,0.013602265347949102
2023-10-12,0.006397270716397276,-0.002527998226805745,-0.002905404963489264
2023-10-13,0.0009373617351290225,-0.0016611890462022055,0.00033787790383992753
2023-10-16,-0.0032898017531034925,-0.012394236911627853,-0.008628103366207576
2023-10-17,0.005654602451835005,0.004161940367748406,0.0027200262956766467
2023-10-18,-0.0033000114320371914,0.002372993227803767,0.003360367813873386
2023-10-19,0.0029875767432150668,0.0023730752169728534,-0.0026827703315862443
2023-10-20,-0.0037783973689448007,-0.0042491579699368565,-0.0026404722172832214
2023-10-23,-0.019483012011966058,-0.020551021555113826,-0.013802178595033347
2023-10-25,-0.002310423495033141,-0.009691272140402477,-0.008933156248805056
2023-10-26,-0.005167225627434914,-0.0065291438347581145,-0.012672451663858353
2023-10-27,0.02247750768915536,0.02821225174522374,0.018949339182238227
2023-10-30,0.007906251380935567,0.007654991870734545,0.006181347832336169
2023-10-31,-0.0029579610525078833,-0.0018714562452898508,-0.004963250973799394
2023-11-01,-0.00022895567582398378,0.005356362399135836,0.005330716805484966
2023-11-02,0.008225278397423267,0.015056472139507114,0.014415495121366213
2023-11-03,0.0134157410092159,0.010426152828333434,0.007804308686673834
2023-11-06,0.011064395769438323,0.015109257605273143,0.012477966684952714
2023-11-07,-0.0014802174070996988,-0.00592327115317535,-0.0029044679191267894
2023-11-08,0.012532774561152019,0.012564743346579898,0.011963040052399414
2023-11-09,0.002343742343505275,0.0026025586864022367,-0.0007138410188301974
2023-11-10,0.0017858475155249534,0.001159487441478433,0.0023943822694253896
2023-11-12,0.0045236680481814204,0.0031196230523546967,0.0033696829914223797
2023-11-13,-0.0006250902073201105,-0.00787688702021602,-0.005075299711548531
2023-11-15,0.005086286055079655,0.011129248892712336,0.013052092713879372
2023-11-16,0.008862386857201442,0.0073697604028893976,0.007790918692687893
2023-11-17,0.003774377437507023,-0.0052336724211576955,-0.0044291889419557015
2023-11-20,0.00605683878565334,0.01023000266525517,0.009906058274776006
2023-11-21,0.0011894134603116792,0.0018023499501281463,0.003462584166422175
2023-11-22,-8.284307404379195e-05,-0.0010918306568888855,-0.0006684498088984107
2023-11-23,-0.0009313366124815058,-0.0005012212641268922,0.002173624758509708
2023-11-24,0.006116729007908871,0.006779812158105647,0.0017028997135948888
2023-11-28,0.016758194731511755,0.02943114965459625,0.01555099630432229
2023-11-29,0.009670708818975256,-0.0017919942895874977,0.002535763991829084
2023-11-30,0.00946358856045005,0.016353321839350135,0.018782543236213062
2023-12-01,0.013000300532505192,0.011906822368181807,0.008969805820226046
2023-12-04,0.02161059793486033,0.03167293669340763,0.024793111073871808
2023-12-05,0.01737183839949771,0.04095139427912854,0.021259311592242074
2023-12-06,-0.0037011512499977987,0.003678058435663094,-0.0016706578719001112
2023-12-07,0.0036872508266696667,0.0012130004724796447,-0.0010881938681353202
2023-12-08,-0.007432996811739011,-0.012789721348490438,-0.0058212311042070385
2023-12-11,0.006917134531191767,0.0036508589936632696,0.006977648517671119
2023-12-12,-0.00711286579803162,-0.012279816766677247,-0.013535455289374148
2023-12-13,0.013588785235446429,0.006289383444456574,0.010311496349349207
2023-12-14,0.017266633390478677,0.007063742521971958,0.0013250759525521114
2023-12-15,0.0005555109016816931,-0.0020371339853697385,-0.005135124848196817
2023-12-18,-0.0007827378251929294,0.0032386419677395122,0.004837099361658113
2023-12-19,-0.001320289762083399,-0.006528769547982422,-0.004897002622275875
2023-12-20,-0.016040851934923363,-0.02925192026085264,-0.025121560815322463
2023-12-21,0.01193174609431706,0.005994961496406878,0.0065803307425314865
2023-12-22,0.010064470989713229,0.01062130882215842,0.013613389129947768
2023-12-26,0.012227147258790889,0.010400905057846434,0.010773634627768966
2023-12-27,0.006045512833765277,0.007189609757906538,0.0044845270377991305
2023-12-28,0.0026524228721113425,0.0021880626193477074,0.0017811804046457473
2023-12-29,0.0036611126714822745,0.002059677045579076,0.0017354701477720962
2024-01-01,0.0010354297646248132,-0.0041544365477499965,-0.004992765611206004
2024-01-02,-0.004261605657672736,0.00016098338160860164,0.004302726819394593
2024-01-03,0.013744218132664654,0.021014679851112637,0.013662026952753805
2024-01-04,0.01143582885601374,0.02602732952918301,0.02233318861147186
2024-01-05,-0.0048086479673272115,-0.011332682406815016,-0.008913374190916307
2024-01-08,-0.0027122302934250403,-0.006543414101727596,-0.002934265811772522
2024-01-09,0.002791114974057205,0.007868914030419318,0.010431314515086883
2024-01-10,0.0034331689412605833,0.007707083968546609,0.006746485515614912
2024-01-11,0.014432668224735037,-0.000561972580447688,-0.0008713773892431809
2024-01-12,0.002770626263343642,0.003574173638457238,0.005176444941101416
2024-01-15,-0.002042523567694214,0.0022835797827567123,0.004615955303958314
2024-01-16,-0.0063510361920055955,-0.010640807510943245,-0.009088384867132081
2024-01-17,-0.003685403442483825,-0.00585297194739142,-0.0046097245238285985
2024-01-18,0.0010801695868018705,-0.0016854256503061075,0.0005944188211127181
2024-01-19,0.016085852314351855,0.016923970362754354,0.02263824385180057
2024-01-20,0.007704407787997378,0.010577407621120501,0.0027042510112343663
2024-01-23,-0.0024652091019576865,0.0073301432212107874,0.016434656016919628
2024-01-24,0.008496925257484146,0.002987352473082949,0.007677236463250467
2024-01-25,-0.005336597500299186,0.004416510354327799,-0.004872362949390219
2024-01-29,0.015328227364655965,0.024212071327324693,0.02013984071042616
2024-01-30,-0.00390861439052395,-0.01014869098076851,-0.009118111333205023
2024-01-31,0.017343512459332005,0.023246566597332048,0.02410013310466854
2024-02-01,-0.0008303216684198738,-0.001329210578770895,-0.005069167632492268
2024-02-02,0.005876970502050818,-0.006805613124863407,-0.0028026171671335478
2024-02-05,0.00486272611038838,0.0006930337958892975,0.0038958358654555218
2024-02-06,0.018051713825940983,0.01777714456704838,0.018536437318337498
2024-02-07,0.011436911695378079,0.014372193096384628,0.009107616453315148
2024-02-08,0.007159100159357316,0.0192456407313652,0.024551297674093097
2024-02-09,0.0027925678016234375,0.007641498022079196,0.0060627094929184356
2024-02-12,-0.013733838391825954,-0.00640460215903372,-0.005280415847376491
2024-02-13,0.0037286686846981715,0.0042706425730643675,0.003144289513174557
2024-02-14,0.005000177570031989,-0.004060981679998351,-0.004376208599591863
2024-02-15,0.014223062841006036,0.000834987524452879,0.003493984096868706
2024-02-16,0.011177576565069984,0.0006553164960413387,-0.0001898642062057924
2024-02-19,0.00017433403013494868,0.0047630689909256806,0.007348454503495615
2024-02-20,0.0030289661033917575,-0.002718474976194366,-3.802490980368536e-05
2024-02-21,-0.011827467328348936,-0.011072983890370343,-0.0077078550531784204
2024-02-22,0.01847570175380502,0.02328494676409197,0.02063252315948549
2024-02-23,-0.00260345745815844,0.0006798467679429862,0.00249340193731182
2024-02-26,-0.007732125937022469,-0.007610931897931311,-0.01284818905371601
2024-02-27,0.0032708664670946233,0.008057135896241288,0.010904493773340853
2024-02-28,-0.012393691537367505,-0.012138465346290914,-0.00876764757828639
2024-02-29,-0.0040292518937688595,-0.011128600607456322,-0.008759265743541425
2024-03-01,0.009879752463299205,-0.011153890303601038,-0.01057326820912315
2024-03-02,0.007640894634554265,0.0089730033191354,0.007370104684041172
2024-03-04,0.0006628844087357449,-6.031163043333527e-05,0.0006351377953968622
2024-03-05,0.0049127817710433565,0.008295454144284235,0.00764382260164225
2024-03-06,0.009129406574063727,0.01542643563361855,0.01616057896013933
2024-03-07,-0.0033231789863219117,-0.005316403508915291,-0.0017398438186252935
2024-03-11,0.0013626276608944968,0.002472951338915647,0.0014133218232083534
2024-03-12,-0.007926480629491079,-0.007344813826762896,-0.005110206879760391
2024-03-13,-0.035556507895243755,-0.03328543168837533,-0.02948494638657169
2024-03-14,0.0098631087909861,0.010329268465971507,0.010962760588341119
2024-03-15,-0.015988913915118308,-0.004777667861739378,-0.002197881519099944
2024-03-18,-0.0058161191900261,0.002697754570515104,0.0038708364444115136
2024-03-19,-0.007675813286414624,-0.005785136042537526,-0.003293826555630472
2024-03-20,0.009711414241716084,0.010507868592479678,0.012335290517364095
2024-03-21,0.015404748155406897,0.011202552093138717,0.010920814480190392
2024-03-22,-0.0010138616959615996,0.010523189742445633,0.011976478772769483
2024-03-26,0.01293402873177004,0.0033301362746512952,0.003615690513302866
2024-03-27,0.006792094204348434,0.0066274500770800195,0.00798379196095654
2024-03-28,0.010886142158293737,0.017494376727650182,0.013558870839597621
2024-04-01,0.008091075179332193,0.009987651147770154,0.0023637914477351116
2024-04-02,0.013933050565427246,0.014581300543690948,0.00741855724290217
2024-04-03,0.001859926438859176,0.014396886707855971,0.008519815770384609
2024-04-04,-8.140140226491257e-05,0.008445902403211464,0.0020776343075975872
2024-04-05,-0.003658311841711967,-0.013075070097485791,-0.010631223092430656
2024-04-08,0.000782368088211377,-0.005878281765870896,-0.002362659112820407
2024-04-09,-0.0008818532315877742,-0.00017482135102656995,-0.0019801074028380702
2024-04-10,0.008611881052327715,0.016373057653614072,0.017129826630874905
2024-04-12,-0.011439381631460029,-0.011290152279371314,-0.008812190775961634
2024-04-15,-0.010473131920382706,-0.011555271537627221,-0.010126724471447366
2024-04-16,-0.0007759758268639412,0.005825185130803334,0.003581324095460314
2024-04-18,-0.011292645333717781,-0.00747946287537175,-0.00408281917937872
2024-04-19,-0.006427317085157178,-0.004897106651692454,-0.0023863446252738165
2024-04-22,-3.182840481271437e-06,0.007408153336759145,0.008705282724011778
2024-04-23,0.005963321709583487,0.006458436478826502,0.006566372095883908
2024-04-24,0.012186468615026784,0.013756185223191605,0.013870376220925035
2024-04-25,0.0020578458687496685,-0.0016966903633882614,0.00022304086273375936
2024-04-26,0.0019657337130736187,-0.0021869849694924445,-0.0029548194772210604
2024-04-29,0.006754228729677357,0.016357176589775427,0.015582676198473455
2024-04-30,0.002538817213166577,0.0025806707985202544,-0.002317574281218609
2024-05-02,0.002232201689739022,-0.005378663404228407,-0.003881099835165917
2024-05-03,0.0016682430775906707,0.001281810149661066,0.000422595048184255
2024-05-06,0.0036905731155036435,-0.003568378270725451,-0.0008236618146292559
2024-05-07,-0.017935929643770047,-0.012952027245341216,-0.01092399076709469
2024-05-08,0.007427295310993429,0.005286415855825696,0.005496497708300039
2024-05-09,-0.0015614308603248495,0.004425036681238153,-0.004555046967905395
2024-05-10,0.004939773152982012,0.0051070488215713946,0.009381157095486245
2024-05-13,0.002371038100634943,0.0006303318411776917,0.002442707725866766
2024-05-14,0.021029381397696733,0.022920972368093342,0.015880712600619153
2024-05-15,0.010146310784734514,0.01662728221621693,0.014941372197697004
2024-05-16,0.013446068361204423,0.013022050465114957,0.015444450173027263
2024-05-17,0.005812531994672932,0.0009964502620891276,0.002321879726518222
2024-05-18,0.004993849901010778,0.006249868067785601,0.006861371475559172
2024-05-21,0.006281916038442818,0.008349877249969231,-0.0011012214387005703
2024-05-22,-0.0006754370973448873,0.004444462412948956,0.0020402863627579947
2024-05-23,0.006632784482013336,0.0028125862867626446,0.0001970666372950587
2024-05-24,-0.00026527818227244993,-0.006974187484916069,-0.005736910876728906
2024-05-27,0.009143778292040213,0.005916661979897206,0.005659729953631707
2024-05-28,-0.0100488416747644,-0.012447320681672014,-0.007687773917273234
2024-05-29,-0.0023207375818648005,0.0009201377849471476,0.0014188319169412202
2024-05-30,-0.011309915773499388,-0.012567894752737755,-0.018471960453525088
2024-05-31,0.006381217376642837,0.01379656061096097,0.0019372709562425396
2024-06-03,0.0428582187287471,0.06290353438103306,0.040541152006815975
2024-06-04,-0.07089301771739287,-0.09477946068472212,-0.07589619184455912
2024-06-05,0.03249053376986966,0.032199476205895146,0.03680848518316334
2024-06-06,0.023420986036059934,0.0195591839401646,0.016684472922338947
2024-06-07,0.019700897749867136,0.023033062124820113,0.024847972940924064
2024-06-10,-0.0036114311760678153,-0.00536877317875178,-0.0057262007307261175
2024-06-11,0.00607309098198806,-0.004382221124638332,-0.003253792527095033
2024-06-12,0.013832575629049939,0.021674188215804982,0.022000021463422538
2024-06-13,0.00740284210645372,0.003419091373260054,0.005154838138588287
2024-06-14,0.01871944201914699,0.012871231745862358,0.014675112457326273
2024-06-18,-0.005694648718672568,-0.0029190245227411022,-0.0022987092926212375
2024-06-19,-0.009335262692507514,-0.012732914177973837,-0.014063072534028736
2024-06-20,0.003506532165928439,0.00843796945822948,0.005549526007274616
2024-06-21,0.0026624155360744266,0.0005109496166888201,0.00413672459233477
2024-06-24,0.002622489376932694,0.007643724384249053,0.008956764899942087
2024-06-25,-0.006684399816155854,-0.007858637552111893,-0.005424512967269158
2024-06-26,-0.0051033217078374675,0.0004055248206178428,0.004363562026292751
2024-06-27,0.006478217438480476,0.01419018044584266,0.015501393184694333
2024-06-28,0.00676057334656443,-0.006431627483437653,-0.009323118302007988
2024-07-01,0.005412986692697193,0.005005863382004653,0.00560938990088478
2024-07-02,-0.008194173217328763,-0.017602849677853912,-0.017124712520383126
2024-07-03,0.007564019661288821,0.005620056621890811,0.004673113505366647
2024-07-04,0.009693237493838686,0.006243052573988691,0.0075841180571620415
2024-07-05,0.00473626743397181,0.003093429434471502,0.003838533979762973
2024-07-08,-0.00904862851975654,-0.011622584736244208,-0.01036675113676373
2024-07-09,0.012085273376413162,0.01041448353416898,0.006876056779678741
2024-07-10,0.002246718338563072,0.004110062805378972,0.004861415767049829
2024-07-11,0.008927497905795433,-0.00846885960239326,-0.007757492584864673
2024-07-12,0.013274553887625527,-0.007273437043440674,-0.00560328612516289
2024-07-15,0.007807959294403777,0.0007483064738162107,0.0017253164492901747
2024-07-16,-0.0008786561172882273,0.002742618879688491,0.003162955384511585
2024-07-18,-0.01058435483738857,-0.0032788384899680102,0.0015961345746212906
2024-07-19,-0.02426111095037457,-0.02369248142759312,-0.02362938108656151
2024-07-22,0.008922819375568634,0.007472211037103432,0.0076091868178633565
2024-07-23,0.004282646160284608,0.002685393558749824,0.005119652781442046
2024-07-24,-0.0024611181835949942,-0.000597100463397947,0.00037188271551491417
2024-07-25,0.0037701159893802306,0.0022526243256474326,0.00346815979366124
2024-07-26,0.020742707788142713,0.029653880876506545,0.031406823167511255
2024-07-29,0.0014169249726115661,-0.0012180334843232999,-0.003781231689228107
2024-07-30,-0.0006549811378406788,0.0014237569909535154,-0.0022426307529786233
2024-07-31,0.007705741160326011,0.00884249082253324,0.009236489697361044
2024-08-01,0.008801286028142005,0.0004026953490663075,0.00026423555018488857
2024-08-02,-0.012803873287443297,-0.0242569151712687,-0.02001495035939232
2024-08-05,-0.030646813159553844,-0.028891592720706724,-0.0229967587136186
2024-08-06,-0.0032794608759908117,-0.0033181931958708114,-0.005261146403429348
2024-08-07,0.030039118842627676,0.015790731367471948,0.015503976380810358
2024-08-08,-0.002570300927620563,0.0031768438033359047,0.00319186739328669
2024-08-09,0.015410480677020699,0.0038526483215605405,0.003691897512794581
2024-08-12,0.00330937268447322,-0.0023422495914006427,-0.0018470048781583036
2024-08-13,0.009850952951357399,-0.0032223234264557744,-0.0016947886366016362
2024-08-14,-0.007869755606370257,-0.002586232161926252,0.0015981036172628732
2024-08-16,0.015019822723818028,0.016360337828843302,0.011723878097108575
2024-08-19,0.0004191884745883084,-0.003628668542197481,-0.003578297523317661
2024-08-20,0.0007235141951423993,0.0042610772509508645,0.004265844922545255
2024-08-21,-0.001507639933962447,0.0006781944798896648,0.0023258515482954887
2024-08-22,0.005923811254585587,-0.007477787535145264,-0.0021064909642307616
2024-08-23,0.004056701492504387,0.0017057874404445132,0.0033747736755683796
2024-08-26,0.0060951105363836015,-0.00010143504013655485,0.0035067250898142524
2024-08-27,-0.0030040416200766452,-0.008016987316981214,-0.004957012704031261
2024-08-28,0.006151923579421285,0.0004647781224679924,0.005572254894835976
2024-08-29,0.004281338152748682,0.0012454161356971775,0.0005436371570667816
2024-08-30,0.01001896855308342,-0.0003735477609025729,0.00473085242499902
2024-09-02,0.0027633830644970526,0.020364037991213606,0.010192995742614607
2024-09-03,-0.0006517179476144077,-0.005458482484469114,-0.0033080073200796884
2024-09-04,-0.01238527855420157,0.002492355031847119,0.004687289310571233
2024-09-05,-0.007516534959878859,-0.003937941135566557,-0.0021435482237984163
2024-09-06,-0.013232198625667217,-0.007081971782538599,-0.005687939531078004
2024-09-09,-0.0005414022829134516,-0.008509587459553974,-0.0075212370408106405
2024-09-10,0.0008630165615745404,0.009630935255696839,0.011312568381180502
2024-09-11,-0.0053137243022391666,-0.0001340968575287673,0.0020321247605226186
2024-09-12,0.018949963217968283,0.027438555719163676,0.025589376803577944
2024-09-13,-0.001611356437355194,-0.011969129848944104,-0.008824785214182644
2024-09-16,0.014590320708746793,0.018959315620296308,0.011241208459743567
2024-09-17,0.00787097532333393,0.011283451115188596,0.011747730770447027
2024-09-18,-0.019178575071762443,-0.013628903922202553,-0.011890388359779794
2024-09-19,-0.0039963975533858715,0.003429478719743046,0.004949736617488603
2024-09-20,0.022466743945273333,0.032726914789131346,0.029733063535019946
2024-09-23,0.00876230318541718,0.0070491927255356265,0.007424793424141511
2024-09-24,0.004100544518833592,-0.0033443576205757584,-0.0032199190130615097
2024-09-25,-0.011108176272181695,-0.0151559005695413,-0.012076216147352044
2024-09-26,0.002931797825701631,0.0058364849778727015,0.007752261283348505
2024-09-27,0.00752250286390219,-3.516742931906795e-05,0.002818992166017037
2024-09-30,-0.011565169923804044,-0.008287551607031679,-0.009971419244954649
2024-10-01,-0.0028654235925814732,-0.0020512185349393958,-0.0028116403300310015
2024-10-03,-0.029918922305757354,-0.02435396657290775,-0.024201206406534226
2024-10-04,-0.002647027335627757,-0.011156011960730416,-0.01149463895569349
2024-10-07,-0.013389942334879315,-0.009254811345565613,-0.00610941682180637
2024-10-08,0.02854149644739043,0.02014904379460226,0.016129729091921948
2024-10-09,0.010921473882798483,0.005474597142271769,0.007628630895788814
2024-10-10,-0.002704555801219834,-0.0003542247104097862,-0.003975961734517201
2024-10-11,0.0033566013563081257,-0.011547279498446942,-0.009782562396302638
2024-10-14,0.0061907905521583146,0.0035389537707709055,0.005524925309060609
2024-10-15,0.0006677917366308737,0.005412136081645483,0.005587375002390031
2024-10-16,-0.011526341178483264,0.005050881673404631,0.0067018289285083
2024-10-17,-0.02051072197496182,-0.022517911717633444,-0.02072473396029681
2024-10-18,0.007613172971958407,0.004091366365956476,0.004210272791882976
2024-10-21,-0.012481942276906782,-0.011330246316655045,-0.010930452426396843
2024-10-22,-0.019992684293066255,-0.014843035657985872,-0.012019617096468663
2024-10-23,-0.0043775657439611634,-0.014381991473641503,-0.01580423482198127
2024-10-24,-0.004668571618893768,0.0038729199141100887,0.0009781699704097583
2024-10-25,-0.006335528563147626,-0.0017180652984477175,-0.000412466779234703
2024-10-28,0.0022791892930916074,0.013699424343730605,0.012845018518253258
2024-10-29,-0.0023336186737437092,0.0012226987650065927,0.0002024854036574588
2024-10-30,-0.002975133718566173,0.00012091002959544645,-0.0003716169077337033
2024-10-31,0.0013154614174881287,0.0015211740954778293,-0.00012039708272398666
2024-11-01,0.003291204504005836,0.0012496378665178092,0.0011842445154575483
2024-11-04,-0.010048614387590152,-0.008063653639149985,-0.009030874023655863
2024-11-05,0.009608179658297298,0.007829621015571402,0.0037088703324921627
2024-11-06,0.027015286686458355,0.023156151239181657,0.021085011414385114
2024-11-07,-0.008231488035044535,-0.0157464822755984,-0.014903408603399086
2024-11-08,-0.005381499279110967,0.0035858207521919047,0.006327362972261527
2024-11-11,-0.00834898072295178,-0.01926174289528954,-0.017041242756771744
2024-11-12,-0.00970445780640595,-0.015055102409123193,-0.011075308206289105
2024-11-13,-0.021597490634932996,-0.022533861054166618,-0.020668724793622265
2024-11-14,0.0031197514508937837,0.0010469134355645588,0.000216872535693704
2024-11-18,-0.005128893697886007,-0.011660326797623386,-0.008071643212389883
2024-11-19,0.00479846747554279,-0.0033415041484512447,-0.0017809219433612639
2024-11-21,-0.008776880381392144,-0.022958171202488668,-0.013338473750250698
2024-11-22,0.013217255239457295,0.006003544525278072,0.012020898260436626
2024-11-25,0.015033255112612023,0.0047587101570972816,0.008221217509570037
2024-11-26,-0.011789917813254175,-0.008434007044076477,-0.00743399526982189
2024-11-27,0.016495007217232523,0.04106604414137597,0.021580766273622477
2024-11-28,-0.0015624828295711126,0.003947287954157337,-0.004844400767554955
2024-11-29,0.007893076380155368,0.009380884145511319,0.014341169041687644
2024-12-02,0.008112089741846325,0.0067801507017229935,0.009139147046407885
2024-12-03,0.01368401832787818,0.0035619162844702386,0.00334239316707238
2024-12-04,-0.0013648348905569271,0.002050100831753758,0.0020222358883667637
2024-12-05,-0.0014580990255684332,0.005994310371430855,0.007513653183727691
2024-12-06,0.003171926737548167,-0.0025276107347749262,-0.002849111006363288
2024-12-09,0.0014245693557647782,0.0075241383353581775,0.007280636454945695
2024-12-10,0.0026000431242084406,-0.004250795109161865,-0.002887239996626594
2024-12-11,0.004029344421679159,0.006128504516128851,0.007553928859566643
2024-12-12,0.007671845154195404,0.016807478366726646,0.012430103624964871
2024-12-13,0.0018133899015822697,0.008867956726198266,0.012067304854119226
2024-12-16,0.0021143847581801566,-0.00037099883556109356,-0.0006130933302233227
2024-12-17,-0.012583350090579822,-0.01247712036547353,-0.01398446602471532
2024-12-18,-0.0022088316305427813,-0.0058818513801253075,-0.005093150305689787
2024-12-19,-0.006344238008574415,-0.017182672967635457,-0.014044816942039247
2024-12-20,-0.023669220458451597,-0.013541307513524524,-0.01230434302186667
2024-12-23,0.00023486193475462857,0.0023941787830882395,0.002241199208642685
2024-12-24,0.0007100511345922329,-0.002852307543065014,-0.001507759739783721
2024-12-26,0.0062947736150480915,0.00998744464530723,0.008296849385601093
2024-12-27,-0.005548333783141344,-0.008754288967392146,-0.00750982099716509
2024-12-30,0.00987191741888247,0.014873906913724004,0.007632372752265664
2024-12-31,-0.0043943970000884305,-0.007104724693695644,-0.004651389824216713
2025-01-01,0.003928553229880521,-0.00048268668402990115,0.0001795991841633103
2025-01-02,0.01729298941264011,0.006529702493095413,0.008473652371233193
2025-01-03,0.0011271927714179102,-0.001551181248290444,-0.0026644046416400167
2025-01-06,-0.023479861453892865,-0.017445944586898455,-0.012971302139393178
2025-01-07,0.012007650362532466,0.013740251870535099,0.009613943591761155
2025-01-08,-0.0038848822936203586,-0.0014763018970052751,-0.0012424371856078326
2025-01-09,-0.013106642405271311,-0.005096871407806607,-0.004436997861340448
2025-01-10,-0.01812574736425814,-0.02778601814684815,-0.023848707209664536
2025-01-13,-0.038024320798290316,-0.04109672607185674,-0.03454689226195808
2025-01-14,0.024245431015992264,0.04388672186733942,0.028478857508220278
2025-01-15,0.0007796448234092799,-0.008096752390417863,-0.008213713378220838
2025-01-16,0.009452821331775788,0.013414771445204955,0.01170770232352706
2025-01-17,-0.0051209883697069655,-0.006955749115130474,-0.0028970709887492408
2025-01-20,0.008285009339031495,0.006341848352502904,0.005962531314683289
2025-01-21,-0.013559593143557347,-0.00924800562219362,-0.008814380772316688
2025-01-22,-0.013695976977289808,-0.0013898189481196487,0.0008856730487589364
2025-01-23,0.020837975429684536,0.005800162779402726,0.006828425027164583
2025-01-24,-0.016402958652573286,-0.013988278390964044,-0.011828173364097892
2025-01-27,-0.024189943093943594,-0.02354895801886274,-0.022374170547504763
2025-01-28,-0.0021576752799807807,-0.008200433205206336,-0.008830117900459934
2025-01-29,0.035862680652845244,0.0204708403403395,0.017203920428121397
2025-01-30,-0.001114284998210393,0.003145866932591408,0.005837447934528302
2025-01-31,0.000898228517548188,0.009878959261481756,0.0093191976878381
2025-02-01,-0.0007483984329535765,0.004298901503610775,0.001306329677528807
2025-02-03,0.004370742466011798,-0.0016698581287236704,-0.0008177750583522838
2025-02-04,0.011283815559876493,0.0215082156699885,0.02145315587825961
2025-02-05,0.012149341022806301,0.0007914774419398426,0.00017791709655415195
2025-02-06,-0.010018450511110805,-0.01307745026646382,-0.012365989745502098
2025-02-07,0.005640699517716657,0.0006998795705919346,0.002937886650350563
2025-02-10,-0.02536521507087434,-0.015240938512451799,-0.011681588969441138
2025-02-11,-0.017376533349309723,-0.014560858532500297,-0.014343418274383212
2025-02-12,-0.003371422347112789,-0.002160358626200805,-0.0016826985480077694
2025-02-13,-0.003600382141406781,0.0018650895036177366,0.0039592461547379755
2025-02-14,-0.019134124950503813,-0.011855084401318878,-0.011854144065213536
2025-02-17,-0.00026147887203301193,-0.0016264641952223032,-0.0035790779603520205
2025-02-18,0.0025421631504050934,0.00033580319749453654,-0.0007647580829438321
2025-02-19,0.0017391928741979494,-0.01150704374396013,-0.011422424653301259
2025-02-20,0.011292313749110999,0.011485021339704535,0.010868477341230642
2025-02-21,-0.019310151089481073,-0.008519371012591174,-0.007044667345628401
2025-02-24,-0.011620569855208566,-0.0137289226708028,-0.012229554103578084
2025-02-25,0.006322725288011902,0.019318964718994545,0.012597353250407117
2025-02-27,-0.00506156098402073,0.004713881269022207,0.007194475355744471
2025-02-28,-0.036476694470074816,-0.03817254780949772,-0.0387438213715419
2025-03-03,0.015337921180107628,0.011247701914548798,0.01221881441151861
2025-03-04,-0.0013717675156767533,0.001563799343716681,-0.0003910251142364631
2025-03-05,0.030363606278854857,0.026908233713443763,0.023182073124088782
2025-03-06,-0.0010306623212635222,0.003298717652209758,0.006913191875543596
2025-03-07,-0.0054814500628457335,-0.008328715821828234,-0.008595367165614052
2025-03-10,-0.015147035702899818,-0.007206341809203251,-0.006940860683947564
2025-03-11,0.011751593058647295,0.014991102761873832,0.01546239287491501
2025-03-12,-0.005467671146278577,-0.002597240990266209,-0.004086730074177392
2025-03-13,-0.0026792921793082915,0.00038832146857774015,0.00015542863677297212
2025-03-17,0.00451186731865335,0.005722231453756571,0.00645761531993291
2025-03-18,0.0190649302278803,0.014202142149203829,0.014270792392607999
2025-03-19,0.012087571175596234,0.021271398035718488,0.016641150852531015
2025-03-20,0.013377193026087851,0.018839432855009754,0.019890291266791992
2025-03-21,0.011473691709996939,0.00922679428928798,0.008051225411711355
2025-03-24,0.011634673782364765,0.001883405411036004,0.0024865913686044983
2025-03-25,-0.004421682027629109,-0.007747157580539172,-0.007337691474378372
2025-03-26,-0.008772006249177563,-0.010741597218553996,-0.005907026783496907
2025-03-27,0.013647035556682325,0.007016054024583709,0.002085869837556277
2025-03-28,-0.005948571280671171,-0.006824807029113861,-0.002875942508438318
2025-04-01,-0.012862911497470144,-0.012397466046934296,-0.013343220265851096
2025-04-02,0.010947103603225245,0.014466927518676127,0.01490645604329554
2025-04-03,-0.00838904093687477,0.013812244286432377,0.011479961803420417
2025-04-04,-0.01636829785757282,-0.012835297585594091,-0.018327760833685355
2025-04-07,-0.03439420577629165,-0.040961891174530314,-0.03832671407681164
2025-04-08,0.015108185675454132,0.010981373693408097,0.013528536344854483
2025-04-09,-0.0017954792681275638,0.0074867135121260385,0.005208854901723347
2025-04-11,0.011039501722515084,0.007882980600164378,0.011004632849517524
2025-04-15,0.02585712025281817,0.020967574899711926,0.02056851847869524
2025-04-16,0.0048732434101865325,0.0024548659828648256,0.0017045822359207925
2025-04-17,0.0188093883005162,0.015029773142253742,0.017328525309067297
2025-04-21,0.010499578763233122,0.006357948032655762,0.003997855529260376
2025-04-22,0.00876774642305348,0.007405794360962153,0.002965272792460958
2025-04-23,0.018687233753969867,0.013412718636846335,0.014915665513773945
2025-04-24,-0.009850576397740368,-0.009873645829932259,-0.00841782943297459
2025-04-25,-0.018134426590870584,-0.027233705343350345,-0.022659919181081706
2025-04-28,0.017243316074845107,0.01616117946110534,0.01604766383363925
2025-04-29,-0.005175879258158592,-0.004112500089857149,-0.005081375773472551
2025-04-30,-0.0022820899870503765,-0.0021110243826575996,0.0025907078854377173
2025-05-02,-0.0022447432432342314,-0.006782444435509858,-0.005972846736081861
2025-05-05,0.020350928989902452,0.026247778350075624,0.019618846790416592
2025-05-06,-0.007989868602817956,-0.010583928963090959,-0.00999371961945352
2025-05-07,0.004829873783662201,-0.001437447632296153,-0.0007549615423289441
2025-05-08,-0.02401168856362264,-0.020398172636944295,-0.0175794757693666
2025-05-09,-0.0047068777986698975,-0.0054633721284316665,-0.004850503859759785
2025-05-12,0.038127016451753815,0.027529720314000212,0.020390869585057137
2025-05-13,-0.01147599261226121,-0.003983435143608892,-0.0036137537335299355
2025-05-14,0.008636009572897885,0.003329363181908467,0.0036529730459391005
2025-05-15,0.01017664048735059,0.014694297616120363,0.0163690583951278
2025-05-16,0.0063313484291219226,0.0043014456761949465,0.0013572628967764538
2025-05-19,-0.0017239341604548828,0.0002095718068357201,-0.0008557889691655983
2025-05-20,-0.013344270410420845,-0.012744124304444503,-0.01227861158771426
2025-05-21,0.002226183453885292,-0.0007035414961118,0.0026140425813019545
2025-05-22,0.003973568319653226,0.0012169431273685158,-0.00028087756967862726
2025-05-23,0.0022384057716315405,0.0009108009822863998,-0.0014176732804959608
2025-05-26,0.0016201442167736297,0.003312780421913725,0.0030665371883573634
2025-05-27,-0.0011876641630705746,-0.0032068764429298104,-0.0012424289360150147
2025-05-28,-0.0019316749023752687,-0.0028044285097844936,-0.002486385323658577
2025-05-29,0.010064059087911435,0.013144448106740344,0.01642350630716526
2025-05-30,-0.00885466323953829,-0.0017617024532754605,-0.0002388812862500625
2025-06-02,0.0018361250718850616,0.011591342298758536,0.008345798655173133
2025-06-03,-0.005647203898869664,-0.00844352981574742,-0.006650727693619926
2025-06-04,0.0076604715748103775,0.006652916392338736,0.006361338132799462
2025-06-05,0.001188182777268771,0.0006964775930064956,0.0014950366731893438
2025-06-06,0.010036111344519287,0.010889857761627974,0.008994320219348716
2025-06-09,0.01053026466863743,0.01020401255226549,0.008139396880915759
2025-06-10,0.009638089982880859,0.007195574227162375,0.0020431787110669554
2025-06-11,0.004404336617600036,-0.0029762436561561675,-0.0017548534257505208
2025-06-12,-0.005705105947891792,-0.010593455337533714,-0.010029843004292634
2025-06-13,0.003287345001974659,0.005415927537718583,0.0027789428902557224
2025-06-16,0.010139018584237942,0.0017318690180671,0.0027561970167072417
2025-06-17,-0.00493591040571181,-0.008541279924361116,-0.00825294966942554
2025-06-18,-0.009263161320108494,-0.011643167975052281,-0.007751183959174091
2025-06-19,-0.010539059829994835,-0.010179478740819573,-0.0068996441823660154
2025-06-20,0.01457748730634794,0.01729987291764504,0.017655514708121732
2025-06-23,-0.0023573551154408836,-0.002342481212605799,-0.0026151340630843935
2025-06-24,0.003275199523686187,0.007933803036000284,0.006738179210632331
2025-06-25,0.014719692850143589,0.017198053058613372,0.015670299233302785
2025-06-26,0.010441916135122185,0.021128926572165585,0.018132398824663984
2025-06-27,0.002708585088272405,0.005254128319006294,0.004022106335744669
2025-06-30,0.002582356407460454,0.0010757948028602173,0.0010640220832057574
2025-07-01,-0.0035812007712617178,1.9958033689983303e-05,-0.0015497158650274031
2025-07-02,0.0010359173790254644,0.00214123284061772,0.00228447703575093
2025-07-03,0.0021439747318722606,-0.0003322294745414277,-0.0010933944450326146
2025-07-04,-0.0026808138733477095,-0.0015555711009558528,-0.0009001190858929157
2025-07-07,0.0018957092789284283,0.011770115752046922,0.010733823477186306
2025-07-08,-0.0052482585514310185,-0.0004951613984632664,-0.0024544337088080437
2025-07-09,-0.003338487073628232,-0.006093423000932697,-0.0037222519605302315
2025-07-10,-0.006491978467799527,-0.004461070010485748,-0.006356152536463611
2025-07-11,-0.014972379627033879,-0.009077418855976427,-0.007482973529296109
2025-07-14,0.0139520572665216,0.00718488300352788,0.005281907297651399
2025-07-15,0.010287890279526625,0.009328566660954555,0.011715421650113834
2025-07-16,0.0005527220790962121,-0.002300092744236953,-0.003200990253876322
2025-07-17,-0.002485383732557417,-0.0054252719188296935,-0.0029914555330022067
2025-07-18,-0.00679970075971591,-0.013166853116675379,-0.012539535476238725
2025-07-21,0.00883746658504782,0.0071104080423059065,0.007797098773104302
2025-07-22,-0.006222326823213681,-0.004703221363176513,-0.004405318058343113
2025-07-23,0.006786973232399661,0.011694423733595591,0.010822929241393924
2025-07-24,-0.009863519161994785,-0.0020875528975042076,-0.002282112286421548
2025-07-25,-0.004825466796261129,-0.004869583502820691,-0.003354042558868405
2025-07-28,-0.004908029224307008,-0.009569489532736454,-0.009522695395878534
2025-07-29,0.015415569197752273,0.014485486049819517,0.010693988006952536
2025-07-30,-0.0014184866074343566,0.0029554289297678516,0.0054358517523582905
2025-07-31,-0.0025481117987408786,-0.009707687085394729,-0.010392040814993113
2025-08-01,-0.007368123700469328,-0.015598645380443768,-0.016091639883517136
2025-08-04,0.009081271662622735,0.011610994632771649,0.009994142055399207
2025-08-05,0.006235554292155472,0.005796004772730472,0.005798112698136088
2025-08-06,-0.009648230584809863,-0.005123904653940908,-0.0043356927534205945
2025-08-07,0.013434171564123257,0.005203329301925575,0.004158052092727715
2025-08-08,-0.0070095708252649125,-0.00360336131499105,-0.001983373412169251
2025-08-11,0.008560860802774472,0.010203759975140407,0.00749464746107681
2025-08-12,0.00047163653038575533,-0.003047085296202606,-0.00227122130341386
2025-08-13,0.002683045423115794,0.003670916135607127,0.005396297127215635
2025-08-14,-0.006510524272141479,-0.00825245470646515,-0.0053336280375932315
2025-08-18,0.01573961839832185,0.005993213122245184,0.0046959210642388
2025-08-19,0.007806855194214521,0.005420708303229874,0.003122252892828338
2025-08-20,0.00375500583871122,0.0035804212813780973,0.006012426718123455
2025-08-21,0.004535826924245,0.007754185975401614,0.008136305288073393
2025-08-22,-0.0007863621797099649,-0.001172862472039214,0.0003587974728094908
2025-08-25,-0.0010012492856484808,0.0006377687192136171,6.128575825349664e-06
2025-08-26,-0.014736119440635688,-0.021241710983823263,-0.020696365738993725
2025-08-28,-0.008409704228162729,-0.006334380932032714,-0.006243116433437917
2025-08-29,0.001338185068137379,0.0016289385270955583,0.0012682504974162285
2025-09-01,0.016714382706974878,0.009331345710579893,0.006264482223104052
2025-09-02,-0.0014075518548906886,-0.007405329328508281,-0.0072477528707682645
2025-09-03,0.006436792367218508,0.005273491831954025,0.006776617062559557
2025-09-04,-0.001935925191557084,0.00251048070197865,0.0033290711927925305
2025-09-05,0.000922583719950875,0.004382447508597268,0.004255139332910845
2025-09-08,0.006272421700443919,0.004965610469871233,0.0018700737545174144
2025-09-09,0.005554908707317791,0.0078700934664565,0.00689440008459476
2025-09-10,0.0025488478543288814,0.0020702834735262018,0.0021753415839632973
2025-09-11,0.0013663940165286911,2.3093616502450145e-05,0.0023159282192836837
2025-09-12,0.0033167792405867477,0.008097467769146462,0.00421842173415704
2025-09-15,-0.0031480792333090546,-0.002999621701654624,-0.002583376701358024
2025-09-16,0.004011994205655496,0.0027427809850009027,0.006367415412209068
2025-09-17,0.0009970075265784849,-0.0019747553628615576,-0.00043767190935001715
2025-09-18,0.0053190406145683725,0.00415752278870837,0.003934755899269168
2025-09-19,0.010647051162682691,0.025726891741990686,0.014460558172008298
2025-09-22,0.01910091915302063,0.043779531843975754,0.02096574935844327
2025-09-23,-0.010361052448807608,-0.01696083600348692,-0.011682967975114478
2025-09-24,-0.02249347821816242,-0.035336493242228165,-0.022295229015529234
2025-09-25,-0.0029461856981183674,0.007564729149618459,0.0035235389361621
2025-09-26,-0.009486306514604937,-0.013846599633705624,-0.013863590302542061
2025-09-29,0.005797687030511981,0.001052597625713876,0.0023609864729986336
2025-09-30,-0.005095292312615491,-0.008917658011429854,-0.008523110886790962
2025-10-01,0.009309715348835311,0.011134354980391047,0.00639927176913114
2025-10-03,-0.004545588963471958,-0.009001471067665317,-0.0019874151544178012
2025-10-06,0.02489380465168068,0.023104966126264587,0.017967674194596005
2025-10-07,0.00174518212564768,0.0011987878106218593,0.002435565443804632
2025-10-08,-0.002801286668392995,-0.004007490575413279,-0.0012853182269795412
2025-10-09,0.005451218999962375,0.006198687201492128,0.006973165689800189
2025-10-10,0.0002846462807778408,0.002290429957754837,0.0018689657100547322
2025-10-13,0.0059779866687653515,0.0067393754283645545,0.003055458247265673
2025-10-14,-0.0006330164704800769,0.0015344132926676515,-0.0002051700722638568
2025-10-15,0.017224833824278935,0.006616920643700535,0.005256295470792535
2025-10-16,0.0032593201784625026,0.0029294931179589573,0.0034442838593965303
2025-10-17,0.012874535657742464,0.0262105068273156,0.02004427641161209
2025-10-20,0.00787882397317951,0.014561520438176889,0.012708849405310406
2025-10-21,-2.810286375737631e-05,-0.0010967402934403418,-0.0015865007722489575
2025-10-23,-0.00903259628434573,-0.006540624434822665,-0.0021248856827163617
2025-10-24,0.0010585182891668862,0.007575270146279597,0.006898274879872135
2025-10-27,0.006937860119159864,0.0038271499415252486,0.009408309458534256
2025-10-28,-0.00850635914260156,-0.0031827216436710174,-0.0028339987767483656
2025-10-29,0.0025431698989172623,0.007829713462512088,0.009694318575826743
2025-10-30,0.0007244624720941686,-0.0033652984210003583,-0.004705677506492989
2025-10-31,-0.010732622574247935,-0.01630714230736879,-0.01244857393632965
2025-11-03,0.0043797220622963165,0.002407188512952592,0.004505778563127461
2025-11-04,-0.0059640337731758615,0.0016753610850454978,0.0013388087347766052
2025-11-06,-0.008983112547275315,-0.013127409139744053,-0.009338254496401464
2025-11-07,-0.004631808402990826,-0.010406907156691686,-0.010984036912496112
2025-11-10,0.0037499009374210865,-0.002595788448233596,0.0009783433606012917
2025-11-11,0.005466916082765574,0.008091810799211861,0.008597127172454744
2025-11-12,0.0021522073658246416,0.005726270944527294,0.006388407422763215
2025-11-13,-0.0030251861504507274,-0.0008798116280114949,-0.00018438278318597923
2025-11-14,-0.003998956463465056,0.001739544060163116,0.0005660941152414555
2025-11-17,0.009276398333639094,0.008880889671085029,0.00995839098174835
2025-11-18,-0.0069953857943287606,-0.01045283411849293,-0.006561454693264091
2025-11-19,0.009095299243543268,0.01447343817766105,0.013027425068346237
2025-11-20,0.0042300891836812736,0.005768426860206747,0.005438869106555233
2025-11-21,-0.009514094322990585,-0.003688845489394569,-0.0019490792174440945
2025-11-24,-0.004923786690942765,-0.012908326627604072,-0.009461002055227905
2025-11-25,0.0028318375385978597,0.0039214942307830136,0.002569526214405027
2025-11-26,0.0106021540153969,0.007902770657925627,0.007239265771813645
2025-11-27,-0.003692156812566032,0.0007081379991487352,0.0013039231455185616
2025-11-28,-0.0025250771526811283,0.0008870687548596302,0.0021424881784452535
2025-12-01,0.00484544994122579,-0.005559344084452937,-0.0056967051281938096
2025-12-02,0.0006150086028239328,-0.0031397809577744782,-0.0025988537618484736
2025-12-03,-0.011298143016673898,-0.010048848866885207,-0.008365916115193092
2025-12-04,0.0018424399679140512,-0.004668373307131104,-0.0019230851084095302
2025-12-05,0.005119497630890248,0.004551605202237823,0.003054297870316341
2025-12-08,-0.01811112946638196,-0.01380908134767127,-0.010253305070084958
2025-12-09,0.001544501381235652,0.004300427487317704,0.0018837027955775785
2025-12-10,-0.006374590351472775,0.0009972734002989,0.0015052198363032
2025-12-11,0.006826624134336641,0.000527370767063286,0.0013053003803946367
2025-12-12,0.010240955477451949,0.011294464007868052,0.008361395284579345
2025-12-15,-0.0037112559071640887,-0.0038514547788417327,-0.004190488933822887
2025-12-16,-0.002122468813799497,-0.00048175164218524133,-0.0005360203148798994
2025-12-17,-0.0043379784723941205,-0.008839614541046,-0.005217846344357824
2025-12-18,-0.00607882233624516,-0.011034879060075626,-0.012266562917673375
2025-12-19,0.013204656120433938,0.0069951538575775615,0.005856585039287459
2025-12-22,0.014888403981753607,0.01438276026389666,0.014969703632705457
2025-12-23,-0.0036170459981322285,-0.002114551267072845,-0.0038663065720372304
2025-12-24,-0.005266125793982622,-0.006546247384686002,-0.006643351403477665
2025-12-26,-0.007929368317349927,-0.00850900159885159,-0.00785332941529367
2025-12-29,-0.009097675993708237,-0.003970270709764486,-0.002652372387292252
2025-12-30,0.005815562406100544,0.004240949534152327,0.001423666982803229
2025-12-31,0.010607148646106066,0.0016315285747764072,0.003902048726272948
2026-01-01,0.012322323536340626,0.012819619718068484,0.007536603914860923
2026-01-02,0.0066104559086535945,0.0022719324150923745,0.003063648172766424
2026-01-05,-0.007839311122417725,-0.014141376185348976,-0.01173163302389083
2026-01-06,0.0048291067593118926,-0.004682522738516064,-0.0035634751645395105
2026-01-07,0.0027725325722183,-0.002843958650254157,9.628255041612762e-05
2026-01-08,-0.01481840491795627,-0.0117227444805419,-0.010139659920141528
2026-01-09,-0.007775036731013143,-0.010600138692121315,-0.011867665955959058
2026-01-12,-0.003664609577075186,-0.004751088592242602,-0.004274386752028595
2026-01-13,0.0068546176166555785,0.0019852600831661506,0.0005058492537851068
2026-01-14,-0.0012989990297258042,0.00021580077751744408,-0.0010009501557885709
2026-01-16,-0.0018363163567467165,-0.0006878166701962588,-0.002423168434485228
2026-01-19,-0.0030440038632617754,-0.009915736473429708,-0.007974961914002382
2026-01-20,-0.020892347996332942,-0.015934420482312448,-0.016758380146062228
2026-01-21,-0.002130472867990891,0.0009114597031317694,0.0006320940151286928
2026-01-22,0.004713227530142335,0.010286478463844404,0.007946747825346615
2026-01-23,-0.016846583267663442,-0.024729181190971988,-0.01763233348225364
2026-01-27,0.005490146123278531,-0.0011289518250707344,-0.0024002322599467785
2026-01-28,0.019112524650021345,-0.0008061968376116628,-0.0029272242804772143
2026-01-29,-0.002104919715275323,-0.0020362778001013697,-0.002374274450486736
2026-01-30,0.00451014341531901,0.008050391502971118,0.006958116177768666
2026-02-01,-0.010001831743959463,-0.007446080498629555,-0.004800652040595566
2026-02-02,0.0020770557544287824,0.006559926489866573,0.005846483933283658
2026-02-03,0.02873291972794783,0.03832991476713169,0.0347104845768968
2026-02-04,0.01053321584957229,0.029532572288645233,0.020296045882413852
2026-02-05,-0.002442441117871801,0.0059425036401915335,0.0058733341674679414
2026-02-06,0.00031379642925742006,0.0017217373947528438,0.003175210679977341
2026-02-09,0.002129738793035958,-0.0020639447649906995,0.0005863918838834622
2026-02-10,-0.0002904841360303281,-0.004854992025227934,-0.0033261800752980805
2026-02-11,0.006513897836980442,0.005723119606909173,0.003994419481281386
2026-02-12,-0.0025646690644783613,0.003756504896044266,0.004897213266271687
2026-02-13,-0.014816235684874028,-0.021678775643847042,-0.015003012753728104
2026-02-16,0.01197305307236311,0.017193026122518773,0.014700226059739818
2026-02-17,0.0058696596494298885,0.007445572908029953,0.006970972642326332
2026-02-18,-0.0005397200199232441,0.009304476276626146,0.00912109218421213
2026-02-19,-0.010842326413368476,-0.015937120290195426,-0.01380134566217963
2026-02-20,0.0020090630536020683,0.009470249913789752,0.007828050174349236
2026-02-23,0.003556326831413417,0.012266448492670497,0.011738138526894754
2026-02-24,-0.00588268042536407,-0.002306367634663232,-0.0031850852953604135
2026-02-25,0.006007323790799736,-0.005399877034996768,-0.0010224171317061938
2026-02-26,0.009389231062845855,0.010099852819907426,0.010376270760141908
2026-02-27,-0.013652762836807325,-0.015985354133627103,-0.017618578128978192
2026-03-02,-0.007853387201040176,-0.009495321379037252,-0.00728810647408714
2026-03-04,-0.011154585131973278,-0.01575345667316899,-0.014858044153441654
2026-03-05,0.008317711084447362,0.018964219654226767,0.01842173153013956
2026-03-06,-0.005237008929302425,-0.006937105585176453,-0.006085471163898945
2026-03-09,-0.013388334355304806,-0.0067838713534111575,-0.0070073555266374835
2026-03-10,0.011757731886836391,0.0011464594129389012,0.0017660881543091595
2026-03-11,-0.014106264158087018,-0.011088121729618603,-0.011472952373161507
