Date,equal_weight,quantum,quantum_rebalanced
2021-04-07,0.009996588457905648,0.01231584584132207,0.01231584584132207
2021-04-08,0.00959312068658671,0.012669767501470803,0.012669767501470803
2021-04-09,-1.6277086568105366e-05,-0.01109976571030476,-0.01109976571030476
2021-04-12,-0.043198707211111464,-0.040907728437076366,-0.040907728437076366
2021-04-13,0.011057722543002357,-0.0006489922688441858,-0.0006489922688441858
2021-04-15,0.003984691616628898,0.01091273158174954,0.01091273158174954
2021-04-16,0.008566998636803996,0.0011637289526894462,0.0011637289526894462
2021-04-19,-0.018999391861796527,-0.019171960184911272,-0.019171960184911272
2021-04-20,0.001309880822911875,0.006829584722981832,0.006829584722981832
2021-04-22,0.001920901363966986,0.012928532326761782,0.012928532326761782
2021-04-23,-0.0031562562929178706,0.000251179035004557,0.000251179035004557
2021-04-26,0.009627622497928345,0.0070770930375422935,0.0070770930375422935
2021-04-27,0.010957469000859135,0.026964087768521036,0.026964087768521036
2021-04-28,0.008127215013639603,0.013258591526178377,0.013258591526178377
2021-04-29,0.003241096498652106,0.03355888759635985,0.03355888759635985
2021-04-30,-0.003927151755194275,-0.007310681227069202,-0.007310681227069202
2021-05-03,0.0062470712157179495,0.02491409073704621,0.02491409073704621
2021-05-04,-0.007063693129007062,-0.004022485628909923,-0.004022485628909923
2021-05-05,0.012369018350844604,0.009828080026440766,0.009828080026440766
2021-05-06,0.009263033714806329,0.01290917192590663,0.01290917192590663
2021-05-07,0.006251381707110415,0.04253847483707335,0.04253847483707335
2021-05-10,0.013268585280179393,0.019194660104073346,0.019194660104073346
2021-05-11,0.003213421448799786,0.009822496573969396,0.009822496573969396
2021-05-12,-0.009025661280216027,-0.029677373015275336,-0.029677373015275336
2021-05-14,-0.009222317445940332,-0.02574315259823049,-0.02574315259823049
2021-05-17,0.013216152323945692,0.011711838743749814,0.011711838743749814
2021-05-18,0.015376316125752366,0.027438729209471192,0.027438729209471192
2021-05-19,0.0016981368285989837,-0.0038579622842610816,-0.0038579622842610816
2021-05-20,-0.006317332964802268,-0.032186320989945505,-0.032186320989945505
2021-05-21,0.006761083375283892,0.011120860669258477,0.011120860669258477
2021-05-24,0.0034429166398682516,-0.009647455916763924,-0.009647455916763924
2021-05-25,0.004097342769920212,0.004018729827942209,0.004018729827942209
2021-05-26,0.0006023261280950755,-0.01223515589420189,-0.01223515589420189
2021-05-27,0.004286272465399,-0.005605292807581665,-0.005605292807581665
2021-05-28,-0.0011724537334786432,-0.006657398848931625,-0.006657398848931625
2021-05-31,0.00804827529791812,0.010704066349859619,0.010704066349859619
2021-06-01,-0.0006400777068027817,9.997112524332729e-05,9.997112524332729e-05
2021-06-02,0.008685049224443221,0.011944391299264412,0.011944391299264412
2021-06-03,0.00975988833305415,0.012491688649450593,0.012491688649450593
2021-06-04,0.003180594057882276,0.012008717391082467,0.012008717391082467
2021-06-07,0.006681811988434069,0.07262734092067546,0.07262734092067546
2021-06-08,0.004537692084624319,0.062231222906786995,0.062231222906786995
2021-06-09,-0.006486446831757978,-0.004160887504659423,-0.004160887504659423
2021-06-10,0.010337571072343033,0.011903204550981365,0.011903204550981365
2021-06-11,0.002335782146109988,-0.0012226458932453077,-0.0012226458932453077
2021-06-14,-0.0035870161628735607,-0.01585953425612146,-0.01585953425612146
2021-06-15,0.0035745506197872594,-0.015441477504777444,-0.015441477504777444
2021-06-16,-0.0082026885345278,-0.025719685200743962,-0.025719685200743962
2021-06-17,-0.008669461619172649,-0.03308946070760403,-0.03308946070760403
2021-06-18,-0.006118594065234241,-0.024801235272513475,-0.024801235272513475
2021-06-21,0.0055003268047759245,0.02299346928210418,0.02299346928210418
2021-06-22,0.0026454713297505428,0.016834108121888833,0.016834108121888833
2021-06-23,-0.00337404444143537,-0.006285417822912017,-0.006285417822912017
2021-06-24,0.00014078120892150247,-0.011114305093782667,-0.011114305093782667
2021-06-25,0.00737995337063669,0.014831090562944585,0.014831090562944585
2021-06-28,0.00369493291729096,0.00981509920273397,0.00981509920273397
2021-06-29,-0.003594350298126656,-0.008095032882779988,-0.008095032882779988
2021-06-30,0.0001450174933271667,-0.00829791590614286,-0.00829791590614286
2021-07-01,0.0004938436530700078,-0.015612511347144984,-0.01581717965908033
2021-07-02,0.0010578839021314964,-0.004881505262997899,-0.0032053868051164806
2021-07-05,0.0060524280079164725,-0.0005651707753942445,-0.002232401073770704
2021-07-06,-0.0016056901805511167,0.016497615696137013,0.0172403901394206
2021-07-07,0.005412166410833801,0.014344690760255886,0.011715370511820063
2021-07-08,-0.006089641523133247,-0.016183207501758286,-0.015393327156361672
2021-07-09,0.002513237694971999,0.020242527601611538,0.018248156113489327
2021-07-12,0.0024348469316685935,-0.008770296279389323,-0.008605772837956034
2021-07-13,0.0022103062035367187,-0.004401151636233372,-0.004867577053979644
2021-07-14,0.0026019285246404343,0.002960154890998948,0.0017760722386793411
2021-07-15,0.005520510608375828,0.0013445961686925968,0.000638017255374709
2021-07-16,0.0014335636163355717,0.012402812922062825,0.011933429525467654
2021-07-19,-0.00574822406448403,-0.013018063993202506,-0.013372073885295101
2021-07-20,-0.009826162219747492,-0.026776766411666677,-0.026795680146223855
2021-07-22,0.0154695293727202,0.031386685847666664,0.03129529066814802
2021-07-23,0.0022844980826357813,0.0019101898407610336,0.0014190588589056623
2021-07-26,0.0021771480427822797,0.0013114149894374396,4.339169014741832e-06
2021-07-27,-0.005754490958398188,0.00801979830946228,0.0061090979699055655
2021-07-28,-0.0013327138130467412,0.015395386211273395,0.014357677654989624
2021-07-29,0.0077490827094703054,0.031147114412335475,0.027100364660863376
2021-07-30,0.004681926419183879,-0.010022331985311274,-0.009350098192785298
2021-08-02,0.010926559692725423,-0.016559914410395574,-0.016513703150032605
2021-08-03,0.00731567145471805,0.0012718791610151947,0.001762408892365762
2021-08-04,-0.007292953396443371,-0.00555579963355101,-0.006747464588894317
2021-08-05,-0.00043224185074446065,0.004287693066652996,0.002581865763999154
2021-08-06,-0.00044561519173085256,0.005051594939627301,0.006838857022367565
2021-08-09,-0.00487762895451475,-0.014525468413623436,-0.01456481869929108
2021-08-10,-0.005908506917683277,-0.02926738561441039,-0.02928173922336065
2021-08-11,0.0010199973033205455,0.014627061891303868,0.01189197985795654
2021-08-12,0.005880050992388602,0.010311592830254013,0.01055602618095444
2021-08-13,0.0007731113748075652,0.008147032008584106,0.007202447173242051
2021-08-16,0.00061685466125046,0.02652535254369053,0.02446004471361343
2021-08-17,0.004632790277748218,-0.008036948988864989,-0.007761430193550427
2021-08-18,0.000897701257252787,-0.005994569653396482,-0.0064659699121941035
2021-08-20,-0.017038275134674062,-0.036375455795267755,-0.030958114459534062
2021-08-23,-0.004186293921880015,-0.013874206125705064,-0.013924346499070182
2021-08-24,0.011219381482823112,0.027035306669680167,0.026182386702368804
2021-08-25,0.0023580152339545643,0.0062182435649042935,0.008069245718984238
2021-08-26,6.926818043467529e-05,0.005473657642291698,0.007371794186751907
2021-08-27,0.011355012534712987,0.02289527470872078,0.02414014778336025
2021-08-30,0.01568148926871103,0.026462814222559528,0.025111023961919332
2021-08-31,0.013175384655040605,0.01658537529997266,0.017422197344427737
2021-09-01,0.003549866703326166,-0.0013918435198003714,0.0015609555945783533
2021-09-02,0.009463805158639548,0.01690943391605757,0.01793752542085164
2021-09-03,0.006587398246008139,-0.0024651667363226213,-0.004253482212250139
2021-09-06,0.0037302099826210886,-0.01769336576133697,-0.018964497890961492
2021-09-07,-0.004790810877605899,-0.018812307298232103,-0.019907100054437868
2021-09-08,0.0003469070014165722,0.012549557360500004,0.013437231774504902
2021-09-09,0.0027356108353099105,0.020345449364135026,0.021529324547567133
2021-09-13,0.0032326419852166228,-0.001801253181424134,-0.0030455520427318363
2021-09-14,0.004844296692113741,-0.005909507186482947,-0.005939556150360563
2021-09-15,0.007567349807440612,-0.0005001830099785912,-0.0006974189101028961
2021-09-16,0.0013589403838606233,-0.009975045503528452,-0.009690723122693244
2021-09-17,-0.006767080799655947,-0.01411823022050024,-0.011720639864764562
2021-09-20,-0.01867676138798818,-0.0634056439127876,-0.059781754380409904
2021-09-21,0.01104420452503342,0.014365125350776282,0.012481183254214849
2021-09-22,0.00797152861987214,0.007245911869231687,0.006809879357997175
2021-09-23,0.014137112017996447,0.00971062028893361,0.00953773052054032
2021-09-24,-0.005975371207196316,-0.02007091123907698,-0.01854036620977432
2021-09-27,-0.0012286069081097707,-0.0009056502772879546,-0.0008303883087251503
2021-09-28,-0.0051968402661669395,-0.001075022282068966,-0.001949285670455248
2021-09-29,0.007344009685695511,0.011532457358493177,0.011534251471764508
2021-09-30,-0.0007767559914846114,-0.006106289522425342,-0.006243106778100347
2021-10-01,-0.0031058362634198765,0.005079339320848492,0.004689767454273613
2021-10-04,0.010889984696407274,0.029719655492066344,0.031590123178389176
2021-10-05,0.004386187047408209,0.00751024727326592,0.0112592518287204
2021-10-06,-0.012556760412179147,-0.02655984934275607,-0.027793433501564515
2021-10-07,0.015380649533120865,0.001962489839328699,0.0016777742773784478
2021-10-08,0.0006060156313908117,0.0012423131323947062,7.785805997609249e-05
2021-10-11,0.006082412917214308,0.0039786334972040024,0.003432212219356952
2021-10-12,0.006379973516600735,0.005301379745417469,0.00443876766810646
2021-10-13,0.011220641123714422,0.02551527069776193,0.027467217932180887
2021-10-14,0.009957998506391185,0.023566459849695916,0.025946643402585907
2021-10-18,0.006969742766658845,0.03681940858226586,0.04218200842796247
2021-10-19,-0.014357353909547252,-0.014380826580425691,-0.010802929995301374
2021-10-20,-0.014119175766438686,-0.01877596434208732,-0.019693465251579726
2021-10-21,-0.00902729079895485,0.0006221056943228923,0.0038498752979713472
2021-10-22,-0.010504240255881866,-0.027887995597537206,-0.030697771160122598
2021-10-25,-0.008708115699096242,-0.021345586988682122,-0.025078229909732675
2021-10-26,0.014562842541077274,0.02792236986006233,0.02557010194717054
2021-10-27,0.00012544925021001387,-0.01834297612321198,-0.019701563210950773
2021-10-28,-0.01740569964403546,-0.026024945704859238,-0.027981356338176208
2021-10-29,0.0008636196338048162,-0.0043557926287838234,-0.007580019276509193
2021-11-01,0.01789305193746659,0.023129194842270807,0.021602759533239157
2021-11-02,-0.0007451777605070846,-0.013325373555820946,-0.009287326758379011
2021-11-03,0.0016096453480585065,0.003975257724688992,0.0026242376824624166
2021-11-04,0.006699449844674684,0.007287488012949346,0.008980497508931613
2021-11-08,0.010957875195976706,0.0038069147694493616,0.0020951354900881
2021-11-09,0.004670913016332944,0.019224288424999333,0.023384809995297535
2021-11-10,-0.0027192980981482567,-0.013486927744052786,-0.010786475925480921
2021-11-11,-0.008193740354958514,-0.011268968576711003,-0.012909201810634333
2021-11-12,0.010027152030139656,-0.00011496150236364505,0.0011778411176190397
2021-11-15,0.004338997156941002,-0.007295637477501271,-0.005312100333494512
2021-11-16,-0.001619817473542656,-0.0031839296345530827,-0.002455099599957527
2021-11-17,-0.0025769946970854675,-0.009644485657779074,-0.010765689513339794
2021-11-18,-0.015546238937028016,-0.01787286014566689,-0.01653500321024741
2021-11-22,-0.02384864472983426,-0.02442807269647857,-0.024528750397883492
2021-11-23,0.013442920847470443,0.03162294453021171,0.033428119323248975
2021-11-24,-0.0037746863437364566,-0.0020344056911778064,-0.0011687763658052644
2021-11-25,0.004826255200881347,-0.0022042161544513056,-0.002528405799931968
2021-11-26,-0.03100545879117518,-0.03602184290546401,-0.03439455109424251
2021-11-29,-0.005210308072111313,-0.006098635346279819,-0.008340751388863067
2021-11-30,-0.00020938153383524166,-0.01789130683532077,-0.014120816831748182
2021-12-01,0.006622521364168312,0.015286515783862564,0.015974259939003654
2021-12-02,0.012555991794936681,0.015318829959668294,0.013502994314864595
2021-12-03,-0.005380941014776919,-0.003789237056980856,-0.004963621071590911
2021-12-06,-0.01711262100400282,-0.016539696105830424,-0.016880946829903883
2021-12-07,0.013909644657093219,0.02146780769552756,0.019244632935532417
2021-12-08,0.015127060015093502,0.020540430371257322,0.021633345087887765
2021-12-09,0.004915755345356565,0.0009405654664078325,0.0002089246292470235
2021-12-10,0.003191052843093832,0.004610714817084708,0.0047413562700101795
2021-12-13,-0.0022742648622730375,-0.006757342181619846,-0.006068694132601601
2021-12-14,-0.00204778352618205,0.0006375056787387401,0.0002953084454518581
2021-12-15,-0.00714128799934837,-0.004778200865673805,-0.004616074272096203
2021-12-16,-0.0016638763237223876,-0.0025227104915147556,-0.003143397079856327
2021-12-17,-0.01896108600895034,-0.019769730946404617,-0.019243794418035098
2021-12-20,-0.027440254679978376,-0.03744442955406769,-0.03548093426680734
2021-12-21,0.014500716377136628,0.025903274519205256,0.024935379335180405
2021-12-22,0.013016542503883781,0.012224905005502721,0.011198547280625236
2021-12-23,0.009132175093647292,-0.002150402658984402,-0.0023978709074849902
2021-12-24,-0.007544607243937359,-0.0080467954677882,-0.007535110013750012
2021-12-27,0.004387980284426723,0.008321408230288891,0.008421621461973821
2021-12-28,0.009481834226663164,0.008683189041801855,0.009395961590449689
2021-12-29,-3.592202363782826e-05,-0.004371654444306017,-0.00445209987565538
2021-12-30,-0.0004290237527650356,-0.005546538170557758,-0.004655114870818847
2021-12-31,0.013085949153111726,0.009809582801027623,0.009344020854943224
2022-01-03,0.009301528213540923,0.02260082227650294,0.021227976978354855
2022-01-04,0.0031146180683299315,-0.0010489117764704919,-0.0011572199137263664
2022-01-05,0.0032289003123471675,0.003766991845595515,0.0033253948431053205
2022-01-06,-0.0035724661036299933,-0.009907483478748286,-0.009151877766753158
2022-01-07,0.005581087162674896,0.001170528172917545,0.001733599361796818
2022-01-10,0.005517648562244933,0.027668136157295933,0.031588841983276945
2022-01-11,-0.00015600966735014447,-0.016586519024703247,-0.015189831626087467
2022-01-12,0.009251253711555253,0.04104655005244982,0.04537723648802362
2022-01-13,0.004002666251253383,0.016083600391608797,0.012696521605247387
2022-01-14,-0.0009391700805899163,-0.003115946720522918,-0.002512459537269188
2022-01-17,0.004014743056680461,0.003417218701649005,0.0020775823881042177
2022-01-18,-0.017135676738378285,-0.029031035769737677,-0.03086928624941644
2022-01-19,-0.003946723903086617,0.01324317733019137,0.014943513057208306
2022-01-20,-0.0030924370125858277,-0.005977652799848784,-0.005576783049834008
2022-01-21,-0.015468438732085121,-0.024510401254526318,-0.024741422295243915
2022-01-24,-0.03273960289446553,-0.05326364144355373,-0.05385809940603166
2022-01-25,0.010114721514417382,0.02032396094072954,0.021966604989367023
2022-01-27,-0.015015581781316081,-0.019226509807293225,-0.018711508053924585
2022-01-28,0.007076924773707508,-0.00017328865209361406,-0.00026452952913376366
2022-01-31,0.013336127252770794,0.005391646325872459,0.005231887838350057
2022-02-01,0.01302711846594992,0.04116191628585553,0.03883658613768709
2022-02-02,0.008558532663213448,0.0007804567398387178,0.0006766745351760616
2022-02-03,-0.007887559856044103,-0.008284211345156004,-0.007953946359268226
2022-02-04,-0.003298328674375434,0.00494949415147271,0.005435704088000554
2022-02-07,-0.010616262377387607,0.0095203601444244,0.010956978783174257
2022-02-08,-0.003012796914916786,0.0026078083901574225,-9.299337773544844e-05
2022-02-09,0.012411237351639718,-0.0018160975592383809,-0.0020937330988887626
2022-02-10,0.006671182567830648,0.05432435100933826,0.060888571077553015
2022-02-11,-0.015084543076484276,0.005017147465289293,0.005977857479496654
2022-02-14,-0.03317284136982522,-0.05604829260519823,-0.05918304381802769
2022-02-15,0.02702181812659371,0.02786270012981497,0.02905308431074216
2022-02-16,0.001209620540148159,0.0187093248242888,0.023318480679519006
2022-02-17,-0.0011232611475117085,0.011331906985005339,0.014007914460021635
2022-02-18,-0.006532921681429142,-0.0028809229967445655,-0.0029729400617192116
2022-02-21,-0.009605387398202336,-0.03492798239290134,-0.039131690796955436
2022-02-22,-0.005296270162211914,-0.018714179382483407,-0.01656103772363915
2022-02-23,0.003688553417184008,0.011150527252550167,0.013763461860856661
2022-02-24,-0.05051072814571031,-0.07084825852555622,-0.07404588467724182
2022-02-25,0.03398878839695671,0.07086821978289681,0.07389095464563401
2022-02-28,0.011568706076634922,0.028942605196239736,0.02578034180525197
2022-03-02,-0.0025094587535571494,0.02476018129490765,0.02204760470828199
2022-03-03,-0.003990731309586193,0.011600302743914664,0.009361188985345511
2022-03-04,-0.01874934232592718,-0.019019915075010465,-0.0193130498601236
2022-03-07,-0.019038172123469248,-0.006909054356968791,-0.008373628706263146
2022-03-08,0.010628793451438268,-0.0011486994679439876,0.00038191047905007365
2022-03-09,0.014370158338684892,0.0033846706220494473,0.004586067892501653
2022-03-10,0.015202902679170627,0.023423865932522055,0.022733607086497274
2022-03-11,0.005674928887437562,-0.005319557364013802,-0.005671459861004563
2022-03-14,0.0008096211797286208,-0.002226603599596735,-0.0014931719798768998
2022-03-15,-0.010254734278429175,-0.024727096291378776,-0.022245949738096196
2022-03-16,0.020734886079929866,0.016469864835662158,0.01571055456092485
2022-03-17,0.01184892535037554,0.022014325307761186,0.021740815681537837
2022-03-21,-0.008022800862156771,-0.0019321544671195593,-0.00253881119744995
2022-03-22,0.004496199088273602,-0.003241851544623497,-0.003916377847042932
2022-03-23,0.0023291799609320334,0.029177310704398763,0.03079471608624405
2022-03-24,0.00337125430664712,0.018088223541132865,0.017387482708337232
2022-03-25,-0.0012437474855522361,0.020313127684853577,0.02565888431589887
2022-03-28,0.00023245874812055753,0.01844038523846074,0.02237851637528074
2022-03-29,0.007180086214567135,0.050179147516141456,0.05855236584542683
2022-03-30,0.00519924044102129,-0.0071979959560990675,-0.007639180516956537
2022-03-31,0.0033495918538214067,0.03538592881253381,0.03945376391787601
2022-04-01,0.012013255070214446,0.042557693989801346,0.04819279214901461
2022-04-04,0.013279988793304333,0.023443649920945258,0.01996194819603379
2022-04-05,0.010038276499243473,0.04543511550362309,0.03663035925147205
2022-04-06,0.0015967348439128004,0.0316504779655166,0.027928817158982225
2022-04-07,-0.009328738049349418,-0.03134065589868085,-0.027512265493852568
2022-04-08,0.009873663721903384,-0.01595303584326872,-0.01004397210781187
2022-04-11,0.0030111809032771506,0.019312090345626032,0.014852497975476813
2022-04-12,-0.013209712858013273,-0.011557665146164691,-0.011975570693751311
2022-04-13,-0.0005385158833758246,-0.017411535634036104,-0.014849965075356247
2022-04-18,-0.005434702028689177,0.029747935830709768,0.025867445805075877
2022-04-19,-0.012612382238707164,-0.010389028183839806,-0.011474381938881098
2022-04-20,0.007830291573306964,0.003195084380460556,0.0028168357971303233
2022-04-21,0.013185085262487352,0.02278656122094605,0.018128798157813764
2022-04-22,-0.009088786871658077,0.01601034025593714,0.010217172651375707
2022-04-25,-0.018454022559015622,0.008831725531976942,0.002181675839149665
2022-04-26,0.01779405547543046,0.03261716914496784,0.029010031188477357
2022-04-27,-0.008681972274896413,0.026501185412546403,0.02133543562980006
2022-04-28,0.008731195463559556,-0.024263779506758808,-0.01878411724580635
2022-04-29,-0.009578610563943813,-0.005679905663775832,-0.004375345124785414
2022-05-02,-0.005578324384723825,0.005387739672307937,0.005961666148369969
2022-05-04,-0.023777647170891904,-0.037111860916347446,-0.03421083307461229
2022-05-05,0.0024686050974007897,0.024924942972980636,0.01924498774994726
2022-05-06,-0.018808352062170398,0.022285373866211232,0.015604094488910548
2022-05-09,-0.012461721629953048,-0.03059435341174725,-0.029558112102377368
2022-05-10,-0.016812806789579134,-0.04947812563629739,-0.047107118247315595
2022-05-11,-0.0033373148726737823,-0.024614468645319396,-0.020151368929399584
2022-05-12,-0.022358505240631522,-0.041985804745100865,-0.03950269611571616
2022-05-13,-7.732825678252968e-05,0.02040969503446283,0.01517581907972132
2022-05-16,0.009023116912095466,0.0273093510307459,0.022106564264214312
2022-05-17,0.02741181582044215,0.05266076817688958,0.05076119852930349
2022-05-18,0.0008228096785680972,0.024735556691972468,0.019557743874556777
2022-05-19,-0.02558812853660646,-0.012231118969549514,-0.015960097387973524
2022-05-20,0.022060424569801968,0.045697609972152206,0.044844496896523874
2022-05-23,-0.006583496242197877,-0.006822344267325572,-0.015542707081441261
2022-05-24,-0.010052153472219506,-0.03215831219448655,-0.026859115006600674
2022-05-25,-0.01497359514498502,-0.025971111623369455,-0.022294423343157697
2022-05-26,0.01141047902902458,0.04334049131368417,0.04047970520127003
2022-05-27,0.010611349315407838,0.022379680902496323,0.01731827616226303
2022-05-30,0.02116042114893911,0.026895799876277486,0.024397303222563324
2022-05-31,0.0006153058034449654,-0.030530759662739465,-0.025925653557727787
2022-06-01,-0.007123069034686854,-0.02778921899162032,-0.023087056882805983
2022-06-02,0.0032224189142640715,-0.017725002077372338,-0.01311493105598363
2022-06-03,-0.01360807791914813,-0.026521674041237807,-0.023768576668589454
2022-06-06,-0.00022183553694213608,0.03088775773800405,0.02582458772184098
2022-06-07,-0.007459605750766066,-0.016842766118309645,-0.015633574973744114
2022-06-08,-0.0034316323456287977,-0.009310351637932385,-0.006494678207236771
2022-06-09,0.007308431782152026,-0.0026440861261376293,-0.004399639061908042
2022-06-10,-0.008851238549696331,-0.021296328764430408,-0.01928703401522549
2022-06-13,-0.025674380575526817,-0.03883327236852655,-0.035390260123332115
2022-06-14,-0.002248540411638948,0.00029010802116507926,-0.0002743913553462633
2022-06-15,0.0025721339061322824,0.0016523713657843225,-0.0013175106413485817
2022-06-16,-0.024792923052738395,-0.04481953729757034,-0.04221092819083625
2022-06-17,-0.011960718039092402,0.004569913474345917,0.0031760846050469167
2022-06-20,-0.008859394200639036,-0.040533266426358426,-0.035994965716603676
2022-06-21,0.023238460422853494,0.0235773288907804,0.022820877910623524
2022-06-22,-0.017421374736152406,-0.03189901503062131,-0.0317307126805389
2022-06-23,0.015915309036734576,0.01691458782973938,0.01619973911379858
2022-06-24,0.010281451437766377,0.031691259044663904,0.027835018729445625
2022-06-27,0.009320873035298811,0.021457715390598212,0.018359530776371705
2022-06-28,0.0035028476450584055,-0.002546251294417438,-0.0010109064958020032
2022-06-29,-0.0025330613845300884,0.001843218118850977,0.002648559392177227
2022-06-30,-0.009294615637834276,-0.01740030197803348,-0.014459770058439125
2022-07-01,0.004539594966519772,0.0027616148476673347,0.002737866281521987
2022-07-04,0.006782103103499299,-0.005556335628052391,-0.005869649654862094
2022-07-05,-0.0009619919951273583,0.0030862937556035927,0.002806184342797941
2022-07-06,0.015468951924301325,0.0006323606305633606,0.0009924964385795863
2022-07-07,0.012219619920857641,0.04493672785696839,0.04293862739979949
2022-07-08,0.003123249355855119,-0.012099761723065587,-0.01086467307068747
2022-07-11,0.007597970255780721,0.03528428919355173,0.02783014659522278
2022-07-12,-0.007096793832536892,0.01299570040359753,0.0049167631629129255
2022-07-13,0.0016436537236817084,-0.010760376769634058,-0.005236333907180871
2022-07-14,-0.0018697980534347234,-0.0024369274404398805,0.001841516121232626
2022-07-15,0.007350256308236117,0.0022322035563397385,-0.002679521222862225
2022-07-18,0.012015594163323215,0.01349470469195089,0.015180763668252934
2022-07-19,0.005042967981196778,0.00959937991423439,0.008421328719338756
2022-07-20,0.004578508600080073,-0.004175465186945022,-0.00016189355620698604
2022-07-21,0.012288225272825738,0.015270092126316385,0.015715776261295115
2022-07-22,-0.0003704304226572261,-0.004148095757417026,-0.0013068966801482377
2022-07-25,-0.003646071641514168,0.005700315766059233,0.00818312551908935
2022-07-26,-0.011220841075728644,0.004864366438260228,-0.0034583771336860335
2022-07-27,0.00959367518011944,0.031358627036605045,0.02140091653766896
2022-07-28,0.012869425212993191,0.03484013212196593,0.037445243041604744
2022-07-29,0.016206632511074834,0.004646967088988585,0.021903321027891914
2022-08-01,0.012112542019156201,0.013729300187791973,0.00800942551604631
2022-08-02,-0.00017949187541631788,0.00837213902724054,0.0014704906098983292
2022-08-03,-0.003581280913358448,0.018069860615205255,0.009557894657897588
2022-08-04,0.0033890445029727445,0.017896012751941713,0.015002982637901912
2022-08-05,0.0011415664604159344,-0.02784762757650601,-0.018489170035526453
2022-08-08,0.0033367150817330666,-0.006068901807332606,-0.003684889198419824
2022-08-10,-5.699621911177803e-05,0.024652527403454156,0.019496571597588865
2022-08-11,0.006310141024342853,0.0053112034606173425,0.0036272662248364573
2022-08-12,0.003827798639451274,0.015691935496623146,0.02004809038381485
2022-08-16,0.016522234077963927,0.033534861574647135,0.024408327629914777
2022-08-17,0.006875990033527707,0.02953837215356834,0.017445341926974407
2022-08-18,0.004418426881385091,0.029315046435146958,0.017109127675507138
2022-08-19,-0.010151624954538394,0.01579865923749017,0.0059180103732629896
2022-08-22,-0.01701774619459778,0.020250432478678276,0.0013904585039288381
2022-08-23,0.005642505406288176,-0.026401090488080765,-0.010862154291851925
2022-08-24,0.002146200666508366,-0.03474214991553143,-0.025127046648887763
2022-08-25,0.00029027724466198606,0.0039050025735201505,0.0015307055774568272
2022-08-26,0.004334670444364504,-0.026666721357568673,-0.01469174215060883
2022-08-29,-0.006782335643042931,0.025240154657261905,0.010205615711696694
2022-08-30,0.0229044386727736,0.04093731775223322,0.03536596677136815
2022-09-01,-0.0022076955408433614,-0.013001322915402827,-0.012952398732638886
2022-09-02,-0.003766570300260007,-0.014325824368810467,-0.012158740503871134
2022-09-05,0.0015060838590630842,-0.01745099269678127,-0.010143095982658432
2022-09-06,0.0038833768063584596,0.03185804048641456,0.023118632078540036
2022-09-07,0.0028914169109884405,-0.0032959723964784875,-0.003195935693120774
2022-09-08,0.0028897565549467923,-0.010746048650900331,-0.01102969088855254
2022-09-09,0.0012018820821887396,-0.008603443139024914,-0.006169369525697182
2022-09-12,0.009370697830541595,0.0060612231599280865,0.00913279172437035
2022-09-13,0.004335121774548833,-0.006069809191426584,-0.0035742347278401765
2022-09-14,-9.679819895903221e-05,-0.0067510716026958125,0.002939430974749358
2022-09-15,-0.001018196167986475,0.018300122369649688,0.006057086210807949
2022-09-16,-0.024987148094666532,-0.02539854285286139,-0.02312109417884734
2022-09-19,0.003845640220731373,0.008911642798484219,0.007189033440266369
2022-09-20,0.014760401435557341,0.013895870642901416,0.012614354952704642
2022-09-21,-0.009631525831078633,-0.015931227413849287,-0.013752605048393915
2022-09-22,0.0010111615736585037,-0.005708390284861299,-0.017243651480396045
2022-09-23,-0.018466214462461373,-0.017213388042296322,-0.010703678323154176
2022-09-26,-0.02322959697779426,-0.04220131197142784,-0.03795794521058253
2022-09-27,0.0010025031837179333,0.006274576907766335,-0.00023112896628434197
2022-09-28,-0.005885909317438017,-0.013172357920452694,-0.013635926050617947
2022-09-29,0.002394895687627028,0.008332325663305811,0.010636928770534565
2022-09-30,0.014456481324501908,0.013772489888881422,0.01575801988006287
2022-10-03,-0.016686417387058082,-0.03516985549172076,-0.025911210547328468
2022-10-04,0.021207341241535397,0.005594351724562459,0.014251330600394518
2022-10-06,0.009596425112694915,0.039301189601838885,0.03172185829931158
2022-10-07,-0.0008332374997593643,0.0032853678958026456,0.0003483263121358795
2022-10-10,-0.0068015552438924825,-0.014534281459929127,-0.010393885796499329
2022-10-11,-0.01784665549789206,-0.02487812187363776,-0.026122861618666584
2022-10-12,0.007798396188738274,0.0027296608485327333,0.0046617122815835734
2022-10-13,-0.006786895852495516,-0.017242143937539183,-0.009545044700903782
2022-10-14,-0.0006574355178021524,-0.026194344457981345,-0.013086721985673766
2022-10-17,0.0037514499755665694,0.015105707368897933,0.0058366765180844025
2022-10-18,0.010626836358199304,0.013097412251692218,0.012625680623384435
2022-10-19,-0.0006551285243330568,-0.021112402227921673,-0.011493104652798153
2022-10-20,0.004051363107201382,0.011932151322700939,0.009958911809732974
2022-10-21,-0.0057879539929874555,-0.011111046254698288,-0.006079634800459026
2022-10-24,0.005492495967151069,0.009901793408143048,0.01019184954353192
2022-10-25,0.0009384168272044345,-0.010233237681117939,-0.01052977725779598
2022-10-27,0.01401555251798959,0.018241326726703155,0.01977022913323382
2022-10-28,-0.0015158520455009806,-0.011484237066291512,-0.010927037475249722
2022-10-31,0.012444218661217761,0.00324333195002853,0.001904804198343479
2022-11-01,0.011104897740205734,0.02486216729275214,0.013392337061088389
2022-11-02,-0.001385902179679048,-0.009719850408236516,-0.00511887721521997
2022-11-03,-0.0013305658968188034,-0.008494276070537574,-0.0013373561430582953
2022-11-04,0.00424239406594778,0.023810829282036733,0.019944117413971018
2022-11-07,0.004565780812553835,0.009252984828208485,0.01207167934045407
2022-11-09,-0.0035570150394592243,0.02564459537225937,0.009531408386845297
2022-11-10,-0.0077459725618957065,0.005347520122470094,-0.00201089151447962
2022-11-11,0.004703854945379309,-0.010953196552722099,0.0030074028692706222
2022-11-14,0.0027085839530843012,0.007254830393482537,0.012668483721829962
2022-11-15,0.0015454533482866155,-0.005624900524973268,-0.004185710360846636
2022-11-16,-0.00688654114540889,-0.0261796502321638,-0.021442472260263884
2022-11-17,-0.005162671700069734,-0.02050389516105048,-0.016068606159817773
2022-11-18,-0.0029539043449495848,-8.877510907500123e-05,-0.001178946852496903
2022-11-21,-0.003916836371729147,-0.013476912864812993,-0.012064833164181948
2022-11-22,0.0037444840287314527,-0.004086966347434775,-0.0011910149280051567
2022-11-23,0.0016391547699437616,-0.005209285820742614,-0.003516364125187934
2022-11-24,0.006728301173461939,0.0014738865105562292,0.0042899902293713835
2022-11-25,0.004984643975063677,4.1283962141631264e-05,0.0019819758224560837
2022-11-28,0.0029867003991491947,0.007160357603384364,0.003153628498849284
2022-11-29,0.0006565453355963594,-0.00166213554293499,0.004322662480816112
2022-11-30,0.011783425748745297,0.016853341009372424,0.011993206202865097
2022-12-01,0.006681698225669409,0.0031007411355910637,0.009632622520340264
2022-12-02,-0.0006057042439318486,-0.008064078196799723,-0.0029670722102412973
2022-12-05,0.0002379880513723846,0.0048189772688178945,0.012460780752815091
2022-12-06,-0.0025068328004393806,-0.002023968519543234,-0.0068402394725544345
2022-12-07,-0.004285442150731389,-0.005965825357258047,-0.009191665893020505
2022-12-08,0.0018451062826367025,-0.0015231139449490825,-0.0009025019667736649
2022-12-09,-0.006033313751461372,-0.014372501989693302,-0.0083116328274041
2022-12-12,0.0011144238015591379,-0.005669357812766485,0.0022296183532401646
2022-12-13,0.0018098957123019784,0.021014625732110118,0.00865604079946312
2022-12-14,0.005489943198376714,-0.003046155161020394,0.002348447536051779
2022-12-15,-0.00983668946273575,-0.014000709446965322,-0.01544935358972464
2022-12-16,-0.012849072689880779,-0.015313959762377644,-0.009813916036031389
2022-12-19,0.009853066237408436,-0.00032045811804643507,0.00405257958765649
2022-12-20,-0.002736415450959641,-0.0013127209388352668,-0.0021819211849033594
2022-12-21,-0.012745873082365133,-0.029615084576814284,-0.01730374633583214
2022-12-22,-0.007071723251307898,-0.033643582273685066,-0.02388628062767673
2022-12-23,-0.02883795269525679,-0.04432143677797073,-0.041140689217120774
2022-12-26,0.01603619412407706,0.03415762210169583,0.02527929668738423
2022-12-27,0.011347612925093802,0.04493059699705748,0.04199919489069812
2022-12-28,0.0012062988384793165,0.02461537644661943,0.00950534743899132
2022-12-29,0.0015018629452028913,0.005585619731521453,0.007082054935649561
2022-12-30,-0.00026993693587972986,-0.005652782890231734,0.0007451801909888224
2023-01-02,0.0053935516633629105,0.012425725551676018,0.022470341612749904
2023-01-03,0.0020460285969715244,-0.007136728936220117,-0.004842505080909182
2023-01-04,-0.011043912208930556,-0.022661636219235254,-0.02009950499314129
2023-01-05,0.004713134172496505,0.008532878072696344,0.008941298512009366
2023-01-06,-0.006967390029621275,-0.012315434875402495,-0.009542977954253164
2023-01-09,0.010066226579010053,0.014397660891664821,0.014025169213352081
2023-01-10,-0.006726127215978096,-0.012393388278808115,-0.005263337748483307
2023-01-11,-0.0015448767554603173,-0.008340416259237671,-0.007581643340754262
2023-01-12,1.7969793744003613e-05,-0.006362833598700236,-0.005023711381864286
2023-01-13,0.002852864047061193,0.016749326822593658,0.015685963470364255
2023-01-16,-0.005423266759192588,-0.01389905375498471,-0.011075632457022451
2023-01-17,0.0036916092100680014,0.016727718733922876,0.010297771838299049
2023-01-18,0.005740822907241311,0.001374822674980209,0.006245947182004438
2023-01-19,-0.001811591039783926,0.00047293190653292403,0.002245294788702974
2023-01-20,-0.007277514341022464,-0.008623343084990267,-0.008801578667811734
2023-01-23,0.0027510004076795086,-0.005300182745530444,-0.004577002720767369
2023-01-24,-0.002705077613130212,-0.002049533168952637,-0.004981567150114647
2023-01-25,-0.012904813374236204,-0.026133008615816546,-0.016357360229004202
2023-01-27,-0.017948143688252597,-0.0253657617216904,-0.015517582974402417
2023-01-30,-0.00324564327457884,-0.03136340243370436,-0.02375611184681758
2023-01-31,0.008063926999984676,-0.020785579156972742,-0.010095584545793167
2023-02-01,-0.01536040788646448,-0.01760242684921112,-0.006528564730222101
2023-02-02,-0.003949893040299774,-0.02962998478003611,-0.02219990078564151
2023-02-03,0.0018873166532072465,-0.021041532347568146,-0.011508487185671854
2023-02-06,0.0002442849806839206,-0.030809936469598523,-0.02386059778517554
2023-02-07,-0.0011933948248960846,-0.03947180226301909,-0.03534850981134182
2023-02-08,0.01093967303297441,0.022180843109712033,0.013414870371326196
2023-02-09,-0.0005128227708180763,-0.024001378138269844,-0.015341832297772902
2023-02-10,-0.0007201284939802443,-0.025846910739591677,-0.018091137979030454
2023-02-13,-0.008784880777929016,-0.025403626240654884,-0.017961817045749656
2023-02-14,0.0008984198173550449,-0.021089622865211495,-0.012839180708398214
2023-02-15,0.006895433603095911,-0.012821828933350168,-0.0022479258150706056
2023-02-16,0.008675224070975731,0.027361540178616174,0.02146893875119475
2023-02-17,-0.005465528050353272,0.015730595474548473,0.005432393815934819
2023-02-20,-0.0012221421939042601,0.02313365159598262,0.015289156780887088
2023-02-21,-0.0021953365133778615,0.023435400846170525,0.01574518138656246
2023-02-22,-0.013787944476554018,-0.030658309115072276,-0.024689327857400876
2023-02-23,-0.00406316782644943,-0.018212967222286484,-0.008738971184232813
2023-02-24,-0.005068358088176404,-0.027528459535895493,-0.021063542561326285
2023-02-27,-0.010053300566794777,-0.03521148771884274,-0.030177294315683435
2023-02-28,0.0017709498715663048,0.012217040867543608,0.002399291503664425
2023-03-01,0.012500859773534882,0.02648307957350232,0.01971914125800455
2023-03-02,-0.0018778222089968037,0.01797910548981895,0.00832934348417698
2023-03-03,0.010501048514097833,0.029607505077663368,0.023010468739558684
2023-03-06,0.006776717383046999,0.018912072659285482,0.009480433044432244
2023-03-08,0.005720115353259295,0.02015744853451411,0.010505643846467879
2023-03-09,-0.005807924893952076,0.029475792116201917,0.0219343419889167
2023-03-10,-0.004254628388134582,0.01908827282988318,0.009735673298017198
2023-03-13,-0.013141643608132197,0.016751305134335384,0.005298539126265555
2023-03-14,-0.006890960935535619,-0.027726757049154623,-0.019378004455298473
2023-03-15,0.0018801216674091674,0.002094892827598147,0.006624776116935117
2023-03-16,0.0013369698232003104,-0.016891805678003396,-0.01650088993488295
2023-03-17,0.006961776593117552,0.010119090135521794,0.011529691236611597
2023-03-20,-0.00890988221745381,-0.031060707362929294,-0.024225371692434387
2023-03-21,0.002776625864634095,0.020682206660954047,0.010448541616846435
2023-03-22,0.002958288541895764,0.009418842134100965,0.0050203912092783454
2023-03-23,-0.0019376479495942628,-0.00554015638311187,-0.0028780636898267336
2023-03-24,-0.01136645206967982,-0.0285338924436158,-0.022214630351908245
2023-03-27,-0.0030722673004655314,-0.022434901469668863,-0.012979354791187584
2023-03-28,-0.005862744018991879,-0.020109521266078973,-0.009673586223322594
2023-03-29,0.01156244158129358,0.027635317908116276,0.020081182151202834
2023-03-31,0.009597781951354745,0.02740709175617298,0.020512935344488066
2023-04-03,0.003387133073304458,-0.002502524181492664,-0.0017676480397100056
2023-04-05,0.004096806309797058,-0.0011436348060031923,-0.0007573809565054651
2023-04-06,0.002953056211872453,0.0020512090869632352,1.6610767618440727e-05
2023-04-10,0.005905460197355838,0.006336965051083731,0.005670108532482777
2023-04-11,0.0030286001425876515,0.009717994910754896,0.01173775646325574
2023-04-12,0.00515545413705758,-0.0013576825440487022,-0.00015047179970154533
2023-04-13,-2.6389839463009116e-05,-0.007767741755683511,-0.0058674663111335885
2023-04-17,0.0008843054629836949,0.0032848798649777276,0.003887131950668026
2023-04-18,0.002271760492383749,0.00047825662565965346,0.0020204368027217645
2023-04-19,-0.0030818655968218715,7.932518620682076e-05,0.0011303875528526548
2023-04-20,0.0006229565862411318,0.01826931460678275,0.012774181550190541
2023-04-21,-0.003323182505969311,0.002372783517765965,-0.0008112242926366536
2023-04-24,0.005167190095446076,0.007328887824383548,0.006522885719907877
2023-04-25,0.003825379827624369,0.010855965109184254,0.008663007740483909
2023-04-26,0.003943622962299967,0.011417353784688701,0.00824644530885696
2023-04-27,0.00550520426175945,0.00874890083189396,0.007580455977680306
2023-04-28,0.010712615981953806,0.0290005761700452,0.0246563494551183
2023-05-02,0.008362819540425271,0.031045620046078318,0.026673914489861596
2023-05-03,-0.0012658062233745092,-0.009054535670304247,-0.00695754277949793
2023-05-04,0.007882303040972599,0.017040669419671757,0.014438478374849073
2023-05-05,-0.0027487513308899775,-0.0012820684649568921,-0.002942751090557823
2023-05-08,0.010667635662560652,0.0009156135316218902,0.002067405449039082
2023-05-09,-0.0010512592376881933,0.0038707268944473713,0.003286806901955627
2023-05-10,0.003844193056664838,-0.005046827202599458,-0.004247259680608686
2023-05-11,0.0026084064474014837,0.007097638787135571,0.004363251374495144
2023-05-12,-0.0008962882095545852,-0.009391326028287385,-0.009689892672283132
2023-05-15,0.004969409731248258,-0.0057302303685127206,-0.002241050394231177
2023-05-16,-0.0008880468395114704,-4.4084850946980794e-05,-0.0005366877004584854
2023-05-17,-0.003034890650724859,-0.005851440212590845,-0.005280724434935628
2023-05-18,-0.007609572391076836,-0.02154351605571006,-0.01738388770458082
2023-05-19,0.0029742955845710453,0.021703504669218224,0.015560894064359905
2023-05-22,0.008734080987193723,0.026702935530302063,0.020966036825030118
2023-05-23,0.005789788356897254,0.027826340897389643,0.02256154667354495
2023-05-24,-0.0022905996434657867,-0.01020021351472012,-0.008668798693495917
2023-05-25,0.00460047672283021,0.005564107292073882,0.0038516814791607597
2023-05-26,0.007060202362576461,0.002491230207285272,0.004285024014932493
2023-05-29,0.0039726372507292605,0.0006067800005930421,0.0022310708144569957
2023-05-30,-0.000119150115565778,-0.015192839977721494,-0.013681264487420006
2023-05-31,0.0019245919426862793,-0.00784238642474763,-0.008434120174422147
2023-06-01,0.0006479705694939182,0.01206921705838679,0.01063036261856512
2023-06-02,0.004977272302268053,0.008421913526776086,0.009053081770658439
2023-06-05,0.0031825064278137596,0.009772085166289362,0.008522063048597558
2023-06-06,0.002549397922476998,0.00794760992277394,0.006511725449972165
2023-06-07,0.010229327115043037,0.03192744614559286,0.02888665619960466
2023-06-08,-0.006686354578004019,0.007244658940131588,0.004909534530686065
2023-06-09,-0.0021780794424747837,-0.010642492510609678,-0.01061341313113139
2023-06-12,0.004157197240322767,-0.006746703759757382,-0.004067544306711161
2023-06-13,0.009152679730389779,-0.0008616497177740158,0.002353585688792824
2023-06-14,0.004607262739591201,0.0049879618102987855,0.008459896619973536
2023-06-15,-0.00022635230706918023,0.01286562296274377,0.012279910412501798
2023-06-16,0.0063248704183087355,-0.0034676920448254048,-0.0014264963072049635
2023-06-19,-0.002778661807333635,-0.00652705154481594,-0.006069572548300297
2023-06-20,0.0034712803747231663,-0.004109763141222999,-0.003220694600428997
2023-06-21,-0.000596854282772477,-0.0008806669321311106,-0.00023812621310517946
2023-06-22,-0.00884009235982889,-0.017051888552645753,-0.01724717552311406
2023-06-23,-0.00992393120473817,-0.03302313350987569,-0.02784258867655139
2023-06-26,0.006473311687887796,0.016651783593800772,0.012912035940160205
2023-06-27,0.005190686164181898,0.007858952995027544,0.0073324983880167114
2023-06-28,0.007534842162240395,0.006429306287506219,0.006312076544659486
2023-06-30,0.007464712227985329,-0.0045337507226387635,-0.001027863781158342
2023-07-03,0.0016150931234954734,-0.0011261435077207544,-0.0004372656799415072
2023-07-04,-0.0009335265492393341,-0.004568636601543163,-0.004220968786060327
2023-07-05,0.008603318621467994,0.0005550609972499608,0.0022614985721753768
2023-07-06,0.007165608991190698,0.0038149526293704567,0.0037963808249639264
2023-07-07,-0.008993239148418314,-0.007776729146139966,-0.007014985323326712
2023-07-10,-0.0028317735654220235,0.003889455450094225,0.007574159670754878
2023-07-11,0.0072870701017385365,0.0085927092790362,0.008051327829651863
2023-07-12,0.00044260978472607476,-0.007511126250403174,-0.005520691620086485
2023-07-13,-0.004171682745141043,-0.00792285829246002,-0.0059859879695898476
2023-07-14,0.00766566322456837,0.01588566232108236,0.015052069761969331
2023-07-17,0.003775064550563061,0.00977075094223578,0.008061466188322495
2023-07-18,-0.0021328943986790388,-0.003161673029798067,-0.004942841422094017
2023-07-19,0.004812137254636661,-0.0004859542034702409,0.0001770806433084278
2023-07-20,0.0012989227126708374,5.910507714206503e-05,0.001668708844320781
2023-07-21,-0.006582938285388375,-0.005848646822201428,-0.004623369847687072
2023-07-24,0.0008354645299318658,-0.010693846538069613,-0.00945007072803266
2023-07-25,0.0058462509003412415,0.05566389490242825,0.04506096480582086
2023-07-26,0.003536788932863107,-0.008395014549504348,-0.005257864504415844
2023-07-27,-0.00038231134990095584,-0.00690521238147745,-0.0061216435092295955
2023-07-28,0.007860393505901158,0.012732649974613349,0.010219358006370045
2023-07-31,0.007125097339609855,0.03831254022642596,0.032589308837369844
2023-08-01,-0.002311868141754386,0.00026144561879495946,0.000349591653342783
2023-08-02,-0.01233226328783981,-0.022811582723283437,-0.023587670487773015
2023-08-03,-0.005104527974812913,0.008805678111841953,0.0035047646682980845
2023-08-04,0.004413870990619621,0.010769262950863083,0.009734539136557755
2023-08-07,0.0037432327110068285,-0.014727473974579271,-0.012953492752779374
2023-08-08,-0.00029203106892209985,0.010853552695690057,0.006126787090611552
2023-08-09,0.004572697776962071,0.000338658730441745,0.0039220246482363046
2023-08-10,-0.00299341573843902,0.005974417061083986,0.002593453872799311
2023-08-11,-0.0043057370761285215,0.009220939026853269,0.00560525703078593
2023-08-14,-0.005616472074547116,-0.00993122165723524,-0.010919321569114723
2023-08-16,0.00040577113471823475,-0.014267978712160661,-0.012466041281259046
2023-08-17,0.00020831650606024303,0.010659953326555161,0.0066760904196628505
2023-08-18,-0.0023213519460292724,0.032469874485599196,0.022620925969134776
2023-08-21,0.010626217315647099,0.04124544237195101,0.032584703832825
2023-08-22,0.0069560539847656755,0.04168704497913934,0.031656170113243245
2023-08-23,-0.0011915560666561093,-0.03791252221908346,-0.02559916301585853
2023-08-24,0.0019104191361805972,0.010336115092027226,0.007268005196515547
2023-08-25,-0.008991338708899572,-0.00798168299849911,-0.007061290199131179
2023-08-28,0.0035053843739460177,-0.004901221585473455,-0.003038530538971006
2023-08-29,0.0071417151919610945,0.02409644691473005,0.020684116978656682
2023-08-30,0.0064622568276929745,-0.001696337440963626,0.00247239208910214
2023-08-31,-0.003441587414039355,-0.011159443464851253,-0.0073361972771299536
2023-09-01,0.011432684054395617,0.02216394609848133,0.020713047634177088
2023-09-04,0.00734616503005415,0.030689728304763284,0.02938758474099741
2023-09-05,0.006466688930123691,0.0029774415295631736,0.0031326270144365793
2023-09-06,0.002577528784441987,0.003646740296762769,-0.00026986468381745376
2023-09-07,0.004826551860451794,0.01913601411685744,0.014492148788178769
2023-09-08,0.006313538274382792,0.015900237641970072,0.010999025100010506
2023-09-11,0.009674117985282879,0.0498207153694051,0.03923322056349945
2023-09-12,-0.017470150707547517,-0.023195648823836377,-0.020308802448
2023-09-13,0.001671682968840011,-0.015162803111406744,-0.011648207222033954
2023-09-14,0.007420039395646735,0.006982153170855034,0.009329704228403941
2023-09-15,0.002984914068102155,0.0037971279345202164,0.00309455371551622
2023-09-18,-0.0022840415446177278,-0.010546917518567747,-0.01000210985907189
2023-09-20,-0.008101929359543777,-0.011664578945681849,-0.010081691461994596
2023-09-21,-0.005772120836846667,0.020066384648987825,0.013532035384453009
2023-09-22,-0.0040401970302213885,-0.001316325528184239,-0.0031703403148013536
2023-09-25,0.004466664852700892,-0.0022559375219034653,-0.00039954295823257935
2023-09-26,-0.00019569375730548784,-0.000530191658454545,0.0029434362956320148
2023-09-27,0.00279593909628814,-0.003830894919363268,-0.00327800814974603
2023-09-28,-0.012668109668518886,-0.00293950650186358,-0.00442489341906259
2023-09-29,0.009759316944773418,0.006354559633706257,0.006973904093062576
2023-10-03,-0.0022116580000738984,-0.01883073228474323,-0.015641973057634775
2023-10-04,-0.008987270133299377,0.0037935409467833455,-0.00111425986022123
2023-10-05,0.00230528103924729,-0.012216772316508315,-0.009568734943041394
2023-10-06,0.006938773586206252,-0.001059855745233464,0.0005290485013718383
2023-10-09,-0.007470145841151859,-0.038420690160797764,-0.02651552198928487
2023-10-10,0.013285455981082744,0.016870982109894343,0.013845696058686248
2023-10-11,0.005162153154454485,0.00019058262344653486,0.00043328351004469617
2023-10-12,0.002769811610276447,-0.0017242002548123192,0.000867717660356719
2023-10-13,-0.0011008941326537101,-0.007952928607222338,-0.004051408643879064
2023-10-16,0.0015867839769739454,-0.017463716711053727,-0.00855297792877273
2023-10-17,0.0026558648402182842,0.011157427977691392,0.008209647684319418
2023-10-18,-0.008436761975780067,-0.0037942479578491734,-0.003437215876284921
2023-10-19,0.0002508052288918505,0.017167249823665246,0.010793768498064498
2023-10-20,-0.010640474218700896,-0.016187025764972197,-0.014951670575847138
2023-10-23,-0.01833826342755017,-0.044550179642531586,-0.03433920902165482
2023-10-25,-0.0046791682345355785,-0.00194364864383862,0.0027378267755923205
2023-10-26,-0.009292625120837191,0.016206215381130984,0.001625294022219611
2023-10-27,0.010927853411557548,0.04870153689792233,0.03194515438905622
2023-10-30,0.003792181344971241,0.005327720209307388,0.0026092182131000697
2023-10-31,0.0008212326964543814,0.00621547422640623,0.0022916976626380647
2023-11-01,-0.00437721106523112,-0.0009929898587014646,-0.0051268315688562625
2023-11-02,0.011729786777648021,0.01707965617229645,0.014839497050991452
2023-11-03,0.0076285879367816115,0.01739690734188617,0.009542232707257977
2023-11-06,0.009946003388245426,0.019297959902781436,0.016770604607432234
2023-11-07,0.0027836810750845663,-0.013572253033578717,-0.006675712105846305
2023-11-08,0.006899071603697273,0.014062706585512027,0.00771225332035519
2023-11-09,0.0007383329710097582,0.012833063065002523,0.009234696966960589
2023-11-10,0.0033014597122075625,0.002824522163424107,0.005945707448664446
2023-11-12,0.004544481116535313,0.0021572971149435407,0.003104999996427841
2023-11-13,-0.0020578315590459436,-0.011280479863271745,-0.005099572623804461
2023-11-15,0.010233210316014572,0.0045681328450948525,0.006603279533584826
2023-11-16,0.007647214250657465,-0.00040160472552191307,0.001300573742980475
2023-11-17,0.0027632264501855873,-0.0030033257975185996,-0.0011732791562470255
2023-11-20,-3.955600735950051e-06,0.003314160318739734,0.0011345577511573488
2023-11-21,0.003596645259630154,0.010866228697623062,0.01291544638787641
2023-11-22,2.638456149478667e-06,-0.009910397738825126,-0.007855367672328493
2023-11-23,0.0012380256993280857,-0.0069141093865246065,-0.0029995306499315654
2023-11-24,0.0007935220596000405,0.02123083422827406,0.010811642046187831
2023-11-28,0.012851835311362926,0.0755719583352633,0.04937729245036707
2023-11-29,0.006695318447412276,-0.01583978426101413,-0.007991756720342946
2023-11-30,0.009361215051050274,0.0008170486377855868,0.003113547212975724
2023-12-01,0.0071811223029521675,0.016092945042663315,0.0134591314737938
2023-12-04,0.018336324004224056,0.035884384963060005,0.02487573596379757
2023-12-05,0.011983530430471593,0.09835496860205935,0.06336180715348953
2023-12-06,0.0036114587639858313,0.027512450212531566,0.018908298614971317
2023-12-07,0.005208630989842095,-0.0006159447167856422,-0.003289737064844658
2023-12-08,-0.0034900501570235653,-0.035932497267555395,-0.025932082652055485
2023-12-11,0.0043556740218148125,-0.006175189213021511,-0.001115063651573767
2023-12-12,-0.005615571534517845,-0.01145930856953442,-0.007634279514962502
2023-12-13,0.009275817626155295,-0.010473576939854299,-0.0034994891954358027
2023-12-14,0.011388140514314426,0.030524323631296636,0.020732547679632247
2023-12-15,0.00568319614852281,0.01743543018594569,0.016523634623119034
2023-12-18,0.0015722303855218013,0.00040977126932703384,0.00011805356518769172
2023-12-19,-0.0007950049119459233,-0.0018856863506703792,0.0017427594087161538
2023-12-20,-0.024192927195016287,-0.04345414727738971,-0.039249044453603735
2023-12-21,0.00986813388284506,0.007196279317969171,0.007823031088257203
2023-12-22,0.008064550347393692,0.004220654032565714,0.0061705251097380715
2023-12-26,0.00859463856598139,0.0034760859600672916,0.006438532849480582
2023-12-27,0.006547630342356786,0.01772525711430854,0.015651591896111434
2023-12-28,0.00912017946978836,0.005177311311240755,0.0073031709271349065
2023-12-29,0.0030205020121049377,0.008211674539398467,0.010976768015094385
2024-01-01,0.0008241288227060189,0.004333969124690614,0.008957601651913349
2024-01-02,-0.0003389200363700497,-0.0072378318231736795,-0.005732030146524137
2024-01-03,0.0019030464790997998,0.021252570237726687,7.328948075319272e-05
2024-01-04,0.012247851905495604,0.015802068731196158,0.008272853376373207
2024-01-05,-0.0015172350319214625,-0.009519862422408442,-0.007042090490421258
2024-01-08,-0.009351176545946641,-0.015518060666486458,-0.014591263574780884
2024-01-09,0.005429444717071948,-0.001040231172723418,0.001324825898491761
2024-01-10,0.001924295589532117,0.0029180927948822153,0.0017482346481420942
2024-01-11,0.005730350999555261,6.10668431831106e-05,0.002479453257351502
2024-01-12,0.00511296583718199,-0.0007085446260700409,-0.0019293181777067527
2024-01-15,0.004366999597829441,-0.002142465414782996,-0.0034010708627167092
2024-01-16,-0.002869870892972555,-0.006413990667833865,0.0015119607261062109
2024-01-17,-0.010112337034558501,-0.021237547418771582,-0.022887419892177924
2024-01-18,-0.0030053569765787413,0.0008342095601516948,-0.0017837993594859163
2024-01-19,0.011625173298941825,-0.0019122822093464598,0.006682945659474862
2024-01-20,-0.0011181707813610663,0.021402897922186297,0.00915606836588389
2024-01-23,-0.02182484137524384,-0.028856018171414373,-0.024524682269524894
2024-01-24,0.014948208195392323,0.015006403839611684,0.02286920214302301
2024-01-25,0.00055627067342286,0.024735422763553,0.009731467622080743
2024-01-29,0.01638578547665004,0.03311546030931796,0.02068681838169565
2024-01-30,-0.005224684934789462,-0.01537875437196907,-0.010390887155298087
2024-01-31,0.010744789333511657,0.00991528007586365,0.010844792289011718
2024-02-01,-0.0016635946705138044,-0.0019814731095979675,-0.005554717038313016
2024-02-02,0.009830413403458802,0.0014377842754610065,0.009565425452470362
2024-02-05,-0.00010148275702148905,-0.010115313573486847,0.0003255925256517282
2024-02-06,0.012493766817054842,0.013095493614346755,0.01723442345685975
2024-02-07,0.008686735257612507,0.022586501401246715,0.012702105418208032
2024-02-08,-0.00018140718652702627,-0.011913294386256568,-0.012599662371795415
2024-02-09,-0.0021764621584158075,0.0023945526741426925,-0.003443126422141847
2024-02-12,-0.014092744943696802,-0.015075813562908987,-0.01651130011671006
2024-02-13,0.003712423308212419,0.001688309767422454,0.0024858813797778165
2024-02-14,0.009415562572763448,0.006144447615829728,0.009272854797034566
2024-02-15,0.010150016350794142,-0.0018437791411241473,-0.000731878693862723
2024-02-16,0.008512354024005703,0.005000439230085601,0.006276216421244891
2024-02-19,0.0019889429428365827,0.0044185590734533205,0.002450536752976048
2024-02-20,0.0010856283181982312,-0.014472128398530376,-0.0073001033344512
2024-02-21,-0.007389883707861567,-0.009883636584498425,0.000610805149777213
2024-02-22,0.011738767724444484,0.028587323043984904,0.02063441042520134
2024-02-23,-0.0006742810560494117,-0.005580962512886873,-0.004970227738322576
2024-02-26,-0.004528563659512455,0.007128497655947904,-0.0027987628796279666
2024-02-27,0.0015731856145721232,-0.0017040684769528249,0.0023301593581100156
2024-02-28,-0.014666166652476005,-0.026706024531350375,-0.02393852333163883
2024-02-29,0.001715093230749957,-0.0014173699542041648,-0.002276804561002866
2024-03-01,0.012058732195897714,0.01735704658078073,0.026391766306238844
2024-03-02,0.006198555234371002,0.010202345856457516,0.01625352645122719
2024-03-04,0.005016232930169387,-0.0020414622703770883,-0.00843936606023238
2024-03-05,-0.0001946065207505157,0.01191828220368791,0.0022805485611229305
2024-03-06,-0.0011377587711919558,0.002376209348225087,0.0002783287955321221
2024-03-07,0.0031316114221173223,0.0012228069053013503,0.01528894627206867
2024-03-11,-0.0037669206706832953,-0.0011320842973030312,-0.0035406620018786352
2024-03-12,-0.01137063074260808,-0.014790519488397026,-0.01129861297002637
2024-03-13,-0.032863684155423574,-0.04951441252468987,-0.048876307572842476
2024-03-14,0.014492110794071112,0.013639171251530762,0.00927702147501747
2024-03-15,-0.008270722414030226,-0.012674948401155977,-0.011357284625955387
2024-03-18,0.0018046334860237765,0.013513974155918167,0.02519106236634659
2024-03-19,-0.01474816389992696,-0.016973233260352143,-0.014114153239593802
2024-03-20,0.005689731622866121,-0.007703479148459443,-0.008645628152926726
2024-03-21,0.018467377427729692,0.018898654137699613,0.019705351696781333
2024-03-22,0.004486750302922844,0.011759663458278427,0.011016910886911828
2024-03-26,0.0059155148334978066,-0.007895901139440076,-0.0016233495098850563
2024-03-27,0.0037525435109543597,-0.006009669642337497,-0.0029261331228999316
2024-03-28,0.010726640552457225,0.028153830009389057,0.02454678659048518
2024-04-01,0.013237133413989582,0.04271830221392553,0.03758180615845648
2024-04-02,0.008996334497912041,0.03358203464145705,0.022142532022700216
2024-04-03,0.0009600387890481946,0.027354734328760632,0.010530160522852886
2024-04-04,-0.00020248920443114254,0.024969556339085184,0.014018315706395749
2024-04-05,0.0012439376797653285,-0.013660807969823571,-0.006160599568237777
2024-04-08,0.005319054842242738,-0.01492319075333615,-0.007482916965108135
2024-04-09,-0.00041647153787632905,0.007153472436383725,0.005997405328044817
2024-04-10,0.008171735653891917,0.00022089759940402702,-0.001106361272192759
2024-04-12,-0.007907483832030328,-0.02558569337770065,-0.01715285067818451
2024-04-15,-0.011747762585829827,-0.006754405033064021,-0.006574227664960974
2024-04-16,-0.00142167082311832,0.010596372988730667,0.005442980599719552
2024-04-18,-0.008445300898412018,-0.006511818497032194,-0.0076128633408528
2024-04-19,-1.5387755239008336e-05,-0.0024751192788495134,-0.00013155305808833099
2024-04-22,0.00897866131239852,0.004897440913861829,0.005330777080898269
2024-04-23,0.002974254600590101,0.006580000821076602,0.004916706566169251
2024-04-24,0.00890841564174444,0.0006913000607413997,0.008281971150999675
2024-04-25,0.006915538543622556,-0.001011350948301916,0.004012076144651145
2024-04-26,0.004198256148795689,-0.005495411164799137,-0.009095748413386107
2024-04-29,0.002670521730327106,0.0075397241329921835,0.007634653113084531
2024-04-30,0.003085551388913849,0.013059846545358713,0.0025700640528959744
2024-05-02,0.010156521023112057,-0.0009724872887155526,0.0036764821713790603
2024-05-03,-0.0007197271198787,-0.003645281844385528,-0.0030889612436805075
2024-05-06,-0.001591329540621137,-0.013085249178633258,-0.0037672295609848063
2024-05-07,-0.012938782722056102,-0.014031493174942572,-0.012921668028640884
2024-05-08,0.008732949547087202,0.005300466498246729,0.008744371137533341
2024-05-09,-0.019293013331888063,0.025555728159558623,0.004640417946701928
2024-05-10,0.009712603745410987,-0.011138112311113392,-0.007129516812678791
2024-05-13,0.009143832710717328,-0.005652254539231773,-0.00031590430483910165
2024-05-14,0.01271178250146527,0.035489135039138364,0.020463504797190377
2024-05-15,0.005504821629616898,0.012152097368584386,0.0069520382716307
2024-05-16,0.009213566578108148,0.0019047003305028578,0.0026576478283946714
2024-05-17,0.007601024005937588,-0.0025064373185210106,0.0003611649569577075
2024-05-18,0.005955332901633594,0.0011388166268620462,0.003914715545446572
2024-05-21,0.009381852396040112,0.054972663960584714,0.04160948097762019
2024-05-22,-0.0004375370495673265,0.011104531419703342,0.006522537207626519
2024-05-23,0.008890913381959796,0.021391504136553618,0.01568172367675581
2024-05-24,-0.0028161714355700294,-0.006000227612848594,-0.005883696069975063
2024-05-27,0.0002871394684863597,-0.002604971847501889,-0.0020820953032096253
2024-05-28,-0.006999702658188489,-0.023328894445894467,-0.013041167847687662
2024-05-29,-0.005140628438139468,-0.0003546465557569713,-0.0006525777735184068
2024-05-30,-0.013037378041196816,0.003049301872603892,-0.016565874433658364
2024-05-31,0.005709956518732703,0.06038935937195531,0.04182174125750406
2024-06-03,0.03695150095365348,0.11253019845408177,0.07486143629197638
2024-06-04,-0.07550639315039843,-0.14035416180891583,-0.10882726530541875
2024-06-05,0.041250052378167625,0.018677582316419587,0.03008521515364144
2024-06-06,0.016808007564645892,0.02398712178822436,0.01769246656830764
2024-06-07,0.016889157466633862,0.02793149437070985,0.03092174602335328
2024-06-10,0.002218795272610142,0.004139733065804451,0.004976523040043144
2024-06-11,0.004419571174541347,-0.0037074777542825473,0.0004818735524709753
2024-06-12,0.0068913495307608656,0.0003316297644023613,0.0010878012514815663
2024-06-13,0.007298601959277133,-0.0044548008031742616,0.0008080478304453029
2024-06-14,0.009522204224390558,-0.0026199123067084163,0.0022696365116072325
2024-06-18,0.0020123183245793165,-0.002293221463100714,-0.005392654470881114
2024-06-19,-0.011591575441131643,-0.010765540311927033,-0.009257499562971169
2024-06-20,0.004526393503567506,0.006690013311338357,0.0072033179464300184
2024-06-21,-0.002652429246757668,-0.011836041476211909,-0.01129494840745345
2024-06-24,0.0036712734101522608,0.0019056772456243513,-0.0013354288349023235
2024-06-25,-0.004132437058283077,-0.01488927493226951,-0.012421653413559554
2024-06-26,-0.0029476446107256156,-0.008784269372368626,-0.009645106661323089
2024-06-27,0.004736860046032836,-0.002432302621114085,0.0003419221773243155
2024-06-28,0.003321598213063695,0.0022089107960794594,0.0011128575202155966
2024-07-01,0.004420819975329585,-0.0011439742322069224,-0.0009123820759814955
2024-07-02,-0.0038629027919829563,-0.008282671060855687,-0.006797889517881822
2024-07-03,0.007297966267675716,0.008612509535556418,0.009966131211285912
2024-07-04,0.0032884933538790094,-0.0029446886263280988,-0.0018629571188884717
2024-07-05,0.006030336001694153,-0.005845544814540008,-0.006277115883382893
2024-07-08,-0.00449225542227442,-0.013562192588082712,-0.011042147312999186
2024-07-09,0.006440410703376593,0.025233645400052487,0.013232169076934598
2024-07-10,-0.0019497935538798912,-0.00030389562967486747,-0.0042631030093092225
2024-07-11,0.0017972460754941372,-0.005451363770152137,-0.002148900397697579
2024-07-12,0.0024144496885535474,-0.008217876995263157,-0.002044324560645882
2024-07-15,0.007444198393706216,-0.0029230332472853183,-0.0037747079651300765
2024-07-16,0.0007381792632539785,0.00461605544377477,0.0035547472534178427
2024-07-18,-0.006428448876239743,-0.01265785082245397,-0.007123182393109205
2024-07-19,-0.02195687418193439,-0.01720651022490601,-0.025949013945654232
2024-07-22,0.007998444400393037,0.006732132569382384,0.009944472957380457
2024-07-23,-0.0004009365190589222,-0.0003304148888677069,-0.002145985705066762
2024-07-24,0.0028830261116333,-0.003757091032826361,-0.003926693096253142
2024-07-25,0.001875965046576669,-0.001025898409276426,-0.0038896310771339483
2024-07-26,0.017852627118452525,0.024288755154572603,0.022804214666635274
2024-07-29,0.0064344703082907205,0.001574589988094858,-0.0015430023349139697
2024-07-30,0.0013450508943660922,0.014022235201084083,0.010009018081780025
2024-07-31,0.00644435136728127,0.006287401524354815,0.005324874845352546
2024-08-01,-0.001821798174397854,0.0014692144449379363,-0.0013223188112018894
2024-08-02,-0.016963473584751403,-0.01626062006691659,-0.016143834379610818
2024-08-05,-0.029699659753110424,-0.04355703665246692,-0.03748916853558289
2024-08-06,-0.0036548620263838925,-0.0014640849682457972,-0.001019890211964265
2024-08-07,0.022652145196545403,0.00546756654472233,0.007513266338836713
2024-08-08,-0.007763890254390634,-0.005286401707347333,-0.009856390528228726
2024-08-09,0.011562084349566225,0.006280634047738679,0.006801634179451374
2024-08-12,0.001785711503001459,-0.0025125621388023415,-0.00016022728075310694
2024-08-13,-0.0059972742664292445,-0.0027622806734128955,-0.002897319900059051
2024-08-14,-0.004107290102820228,-0.017842044054391503,-0.013525252970991965
2024-08-16,0.017765779710164728,0.030495460098395072,0.026345809887285417
2024-08-19,0.0032067155543170503,0.0031129471473622375,0.006505008206428057
2024-08-20,0.005275635305824938,-0.0002086613345152302,0.0016109087097969498
2024-08-21,0.003663899050334596,-0.002530309223351473,-0.003943184846899736
2024-08-22,0.004169789645544812,-0.01693897240445704,-0.004060892719470787
2024-08-23,-0.0029171507739006583,0.005067550232636568,0.006006139581958212
2024-08-26,0.008888599154826492,-0.013640276395040953,-0.0064334570293124935
2024-08-27,-0.0010279837015335063,-0.009010694106085798,-0.007030538498652491
2024-08-28,0.0032421658196934073,-0.013138323170960382,-0.008290095932113477
2024-08-29,0.0002479264496207563,0.0006992450396338167,-0.0020124470582133644
2024-08-30,0.0067348620694644215,-0.010315107026683803,-0.003044556390237663
2024-09-02,-4.080036485570561e-06,0.04089154782718304,0.02339480159744066
2024-09-03,-0.000578602839549876,-0.011190867347366944,-0.005856341166483437
2024-09-04,-0.0029406750510161117,-0.012792088478409618,-0.012216886174648073
2024-09-05,-0.0017922180161109187,-0.0037587685033658833,0.0015024438551152852
2024-09-06,-0.010935681833834678,-0.012258776966105963,-0.010201601802544114
2024-09-09,-0.0008448341909035452,-0.0016697611174271312,-0.0035315718050792167
2024-09-10,0.004806088081095213,0.004777070723040086,0.006273716995490819
2024-09-11,-0.006742293217689526,-0.01062974659564346,-0.006719735339522243
2024-09-12,0.017911831810246123,0.03076574176778746,0.023954498909148542
2024-09-13,0.0021048728393763625,-0.013498828720147443,-0.001956015559585578
2024-09-16,0.0034487239982004926,0.03622006544536307,0.02287771929250413
2024-09-17,0.0036463869263300337,-0.00040883931110974065,-0.001289641183410943
2024-09-18,-0.009078662096078712,-0.017760908185297172,-0.013074937505295195
2024-09-19,-0.0020420375910851552,-0.0032700720872233424,-0.0025031961166454607
2024-09-20,0.0133551795547543,0.02293735007944171,0.02184075461615836
2024-09-23,0.010635415582117605,0.008355123010064832,0.00717952558339933
2024-09-24,0.005173156394764068,0.010304608718746274,0.01450086927642498
2024-09-25,-0.001076873210618909,-0.006071686106584575,-0.00105783397665543
2024-09-26,0.00642914669521979,0.006821198184632351,0.01528954482204605
2024-09-27,0.005541080377868767,-0.011699930595248193,-0.007290361667782728
2024-09-30,-0.008108706195312404,0.006496864926905854,0.008021557883083553
2024-10-01,0.0005363826524550153,-0.004327481350964471,-0.004045637101311861
2024-10-03,-0.02313539704629524,-0.01200999651292034,-0.010034081522132891
2024-10-04,-0.009978923969326743,-0.00730871864797065,-0.009092189832596307
2024-10-07,-0.01527368586998138,-0.019978691402025253,-0.01607699015705527
2024-10-08,0.017553888982174887,0.011709496371722071,0.00032384086879303354
2024-10-09,0.008771101632693115,-0.006344432195446769,-0.005409871617348202
2024-10-10,-0.002527653056441969,0.013178029275554821,0.009150897337396095
2024-10-11,0.0032618651573157902,-0.004419013274286213,-0.002592050328661653
2024-10-14,0.0035375509576408446,-0.011352439799882423,-0.011038285942594222
2024-10-15,-0.0002234614120997803,-0.0005557965026106388,-0.0029222950097464125
2024-10-16,-0.005947946373000407,-0.011111955211366148,-0.009029200045124938
2024-10-17,-0.019424873343750385,-0.02340278462059627,-0.021786921887108953
2024-10-18,0.005425047263404776,0.007166901130473937,0.009121033577610235
2024-10-21,-0.01320619872715948,-0.008795181244815199,-0.005465049295130901
2024-10-22,-0.019819855990991453,-0.024922944939051332,-0.02420025018093973
2024-10-23,-0.003397684170209018,-0.003354003964068545,-0.0057694067246788295
2024-10-24,-0.003181637735083258,0.015275599959657998,0.004950761917775544
2024-10-25,-0.015282432494117806,-0.017905322278220823,-0.01604242803773164
2024-10-28,0.004849375875531652,0.015844939069759263,0.018938094326267238
2024-10-29,0.0034354679526370944,-0.006286616805553388,-0.002979431212998171
2024-10-30,-0.002219499896569472,0.000983526078462717,0.0007080760780117254
2024-10-31,-0.0027279320509253817,0.0019007723368057042,0.0011822765476785747
2024-11-01,0.004945015553599218,0.008835361834276632,0.009275759155770159
2024-11-04,-0.013331931693935296,-0.017532812098129406,-0.01625731975135243
2024-11-05,0.008057195852396165,0.023604780471563794,0.020785221514619354
2024-11-06,0.018600620274086828,0.016754109420141643,0.013184119077727954
2024-11-07,-0.012992153858399238,-0.02047637447009641,-0.016454722778128813
2024-11-08,-0.006979440460721398,-0.015602229271258709,-0.01387706836213944
2024-11-11,-0.004241656228962235,-0.013964160132039733,-0.012685517830529326
2024-11-12,-0.01441427412316085,-0.02056573113236002,-0.011118214620871127
2024-11-13,-0.018220097176775425,-0.024299302531068344,-0.0268173878819202
2024-11-14,-0.00013582221396069447,0.0029426708581210418,-0.00025345423287894244
2024-11-18,-0.004546502421849106,-0.017460039553417555,-0.0005241447319901424
2024-11-19,0.004146423315504745,-0.0038862766315918024,-0.004179175786027669
2024-11-21,-0.01000329026632198,-0.04882804657390906,-0.021505277345900776
2024-11-22,0.017365603802595976,-0.012787768645891292,0.0008245001863064786
2024-11-25,0.017170153089934165,-0.012432364739166953,-0.002408944633994071
2024-11-26,-0.0038221034153304756,-0.016858455612433636,-0.011485761490073177
2024-11-27,0.008511374243253935,0.10297256337999984,0.04979845479155546
2024-11-28,-0.005926848150108229,0.04146623304766531,0.018908411676929242
2024-11-29,0.006851416280156649,-0.0034203027223967952,0.0015482922282188812
2024-12-02,0.007628062105149756,0.00030587734628313826,0.006914129281026126
2024-12-03,0.00890955651642094,-0.00023803843712950752,0.003721093028103367
2024-12-04,0.0017788676561759703,-0.0064140314902381675,-0.0034348746242072177
2024-12-05,0.002178910382985478,-0.0013455357083037812,-0.00041209704078513655
2024-12-06,0.0038553133565839325,0.004187758982656571,0.007447045769219292
2024-12-09,-0.001290408457378543,0.0024719670609261637,0.003514299241790732
2024-12-10,0.001721121800135793,-0.010964552810550202,-0.006347881620096729
2024-12-11,0.004066027380853246,-0.007290180938523191,-0.0022763914040055105
2024-12-12,-0.002888581353122938,0.024266872972139687,0.013467772090286543
2024-12-13,0.0019989570906297437,-0.007340003096112532,-0.007445544347965374
2024-12-16,0.0014216842942969192,-0.01217183678668336,-0.011334672666081428
2024-12-17,-0.012146553433388092,-0.012031081650068177,-0.013211050975152452
2024-12-18,-0.00456606481372189,-0.006705053777124474,-0.007136679592107554
2024-12-19,-0.0057640513353890595,-0.01819085056045968,-0.013832185693959881
2024-12-20,-0.023121582988429725,-0.015731114544138825,-0.013311885314817773
2024-12-23,0.003734480158854546,0.008568882108432534,0.0062436998435847005
2024-12-24,-0.0005992275768719408,-0.010183278602212237,-0.006850468689811228
2024-12-26,0.0034681459741001887,0.010542495941296118,0.0032777852210827746
2024-12-27,-0.002327196031704617,-0.0003999182336982281,-0.001033956044706946
2024-12-30,-0.003020440863999033,0.04382615372752354,0.025321032577416042
2024-12-31,0.001985025307413502,-0.010337257534478735,-0.0037371287167266764
2025-01-01,0.0013951465361258907,-0.007360990893595588,-0.00835505122626836
2025-01-02,0.017333931123832462,-0.0008582445212591857,0.004515529543352078
2025-01-03,-0.0008729089586087015,0.002522605747788287,0.004259911076198464
2025-01-06,-0.02332002426078539,-0.03832309358543912,-0.037386564946276034
2025-01-07,0.005855246293567347,0.019501248361465516,0.016053274254032333
2025-01-08,-0.00506088024519753,-0.00875745999860978,-0.007012053343675039
2025-01-09,-0.009659027981043086,-0.01369046152581142,-0.012620331381140461
2025-01-10,-0.014693243025769381,-0.02822595710263114,-0.023630738256829497
2025-01-13,-0.03409059529849349,-0.05206651113379905,-0.04155811470657436
2025-01-14,0.015194290075997086,0.11805754415340927,0.07417678940815023
2025-01-15,0.0032581316503465197,0.010742301240877002,0.0036073801512218747
2025-01-16,0.007592875941333837,0.018965178577960196,0.013310387619662755
2025-01-17,0.003025739253927895,-0.012010926238311508,-0.001149530954002831
2025-01-20,0.004368324483494884,-0.004641052834441724,0.0006849511006305183
2025-01-21,-0.01751679547759013,-0.02309341804638532,-0.01922446400246748
2025-01-22,-0.006749959484403465,-0.0068398665561149015,-0.005850808908337189
2025-01-23,0.012875004563611967,-0.0010216271521821195,0.0025732745031973236
2025-01-24,-0.014803971303828933,-0.013064689370228493,-0.009905956327480401
2025-01-27,-0.02056619582245303,-0.03225541493277233,-0.02905860652357931
2025-01-28,-0.0016019446241897022,0.0011656675812256353,0.00394213686349795
2025-01-29,0.01954938600171253,0.04564188909870258,0.03558194469694925
2025-01-30,-0.0009392387721818816,-0.010947871056473006,-0.0024986161726720073
2025-01-31,0.012588073012205457,0.011665401891218558,0.01796664013825445
2025-02-01,0.001652239103077309,-0.005420285988370245,-0.006566299952734302
2025-02-03,-0.007508322126994371,-0.015823636545529575,-0.012613320314642752
2025-02-04,0.011811657270588964,0.008633894526936298,0.008100232428248413
2025-02-05,0.005017222444467492,0.007954755210594978,0.007283449351208931
2025-02-06,-0.009886965934754972,-0.009390896819424026,-0.011033570561014543
2025-02-07,0.001461357734268812,-0.002668022929384175,0.010062785783388858
2025-02-10,-0.017590264679926207,-0.014741938472137613,-0.01914485846091258
2025-02-11,-0.02020553214650359,-0.001342812994949134,-0.011254443372972281
2025-02-12,-0.004215445793807777,0.0074868429408080145,0.00881626017725296
2025-02-13,-0.00036703351077227,0.0011688777588797917,0.008264514620676266
2025-02-14,-0.016482736258245343,-0.015444524783760032,-0.012252630542566369
2025-02-17,0.003154109659611843,0.004140967599465685,0.0036182628192197638
2025-02-18,-0.0011727611096351742,-0.008143947904835164,-0.004467111075463604
2025-02-19,0.005086287678870749,-0.0013908481628537035,0.000990338957553678
2025-02-20,0.010696576790639203,0.007391016640724196,0.009656192298537807
2025-02-21,-0.010894121171367347,-4.417136100078387e-06,0.006915697907259781
2025-02-24,-0.010450684204073251,-0.02000042554178354,-0.01897106167976405
2025-02-25,-0.003107000736916857,0.03632186662222179,0.02093435728738091
2025-02-27,-0.008460250930710084,0.004282465015409756,0.007669689790819664
2025-02-28,-0.02533913842245421,-0.02697138635703298,-0.022461083306825863
2025-03-03,0.00934484591958897,0.010898814392309617,0.010065820554181776
2025-03-04,0.0012210383378547726,0.0023890162484947733,0.0019171362445966084
2025-03-05,0.024245528931834497,0.04385028257327392,0.04281960712583623
2025-03-06,0.008746343497340039,0.0015671097295127312,0.009018040947899587
2025-03-07,-0.004612143152558288,0.0021683317529271984,0.0037384678779391178
2025-03-10,-0.012685052145276123,-0.0036599783628791026,-0.0031942651740012144
2025-03-11,0.005055483708741295,0.006704105436633748,0.003577067324076885
2025-03-12,-0.002851399449102936,-0.0019567155393252073,-0.005174136783755884
2025-03-13,-0.004598460488367871,-0.0015519121190788248,-0.0005575114941084807
2025-03-17,0.007428104567687418,-0.0013292522152058158,-0.0001251881379928728
2025-03-18,0.019431813238513566,0.014300539304959272,0.01611435192865575
2025-03-19,0.011766488850593913,0.00988311939966889,0.012198265739238956
2025-03-20,0.0075108445812655696,0.0036658156667496483,0.005696059493313891
2025-03-21,0.008019816185381199,0.0011903001174686108,-0.000743118132512351
2025-03-24,0.01056363436308533,0.008803430357000356,0.008589462376958616
2025-03-25,-0.005061090398262096,-0.021862591850743025,-0.016108358053483998
2025-03-26,-0.0047752696639595275,-0.01342075231805438,-0.009808134706757543
2025-03-27,0.009429948564136502,0.03032012294122577,0.017561636202229714
2025-03-28,-0.004985046479607492,-0.008278971705224583,-0.0047102439763610235
2025-04-01,-0.009984520189268214,-0.009104305938676862,-0.008749680755101194
2025-04-02,0.009854367404824696,0.006497184466383812,0.003690717578133566
2025-04-03,-0.0018393780978906572,0.01585861186443603,0.008888442295464233
2025-04-04,-0.026603689045671272,-0.017141397916302693,-0.032651454408845516
2025-04-07,-0.04194409668851204,-0.045515875708230694,-0.04855310331065393
2025-04-08,0.017988039723266142,0.009353035354001726,0.00958357778179156
2025-04-09,-0.003962290689021033,-0.007926129437046237,-0.00698348905298926
2025-04-11,0.017656030425589254,0.020896034149660642,0.02458713259946776
2025-04-15,0.025342130285194085,0.036685539449464385,0.029463151444551153
2025-04-16,0.005830787615079855,0.0009899154652387595,0.0008122012585166973
2025-04-17,0.010592970716906331,0.008700590910787993,0.008125856099093401
2025-04-21,0.016392464814418115,0.022306070336531973,0.01587523727014656
2025-04-22,0.0038254583577773823,0.004906923206414341,0.002225465933787869
2025-04-23,0.010486531261961213,0.013977838938142228,0.015668570317437087
2025-04-24,-0.00261592678311318,-0.005041142813886064,-0.003107823568805276
2025-04-25,-0.019293044814613962,-0.03519277608490787,-0.0279477041211867
2025-04-28,0.013121806371189662,0.012520214357001992,0.014359592319040406
2025-04-29,-0.0016508232788654505,-0.007195938615004645,-0.0067011892090058246
2025-04-30,-0.004879758685456644,-0.01693078087493606,-0.011421689850601673
2025-05-02,-0.0036411932108563216,-0.008510162007665474,-0.005929146700169955
2025-05-05,0.015470372467454004,0.03693789736564832,0.02373131376172918
2025-05-06,-0.013941311017384222,-0.017113283664361042,-0.004928723245709771
2025-05-07,0.005731329907618824,-0.0033566078479369543,-0.00043267673039314647
2025-05-08,-0.01732093696994753,-0.02044914099197258,-0.017667713169648862
2025-05-09,-0.005090718927165374,-0.010701868343622325,-0.0085086710980429
2025-05-12,0.0412118359892507,0.05707901002440336,0.053190803217015574
2025-05-13,-0.006741163533553606,-0.01395122880492932,-0.013360472018440941
2025-05-14,0.008697577280502727,0.014803669108068034,0.02064379994252869
2025-05-15,0.013381281022935048,0.008588055359702631,0.010155521053334251
2025-05-16,0.004840641964974827,0.024876254736753714,0.015712644786070772
2025-05-19,0.0005304213585728605,-0.00606324406029364,-0.004636913873455307
2025-05-20,-0.01282875575022871,-0.007128834370283837,-0.004915431559366936
2025-05-21,0.007164628931322221,-0.0016918984855876459,0.004634892022321763
2025-05-22,-0.005675946976197539,0.011286982399453166,0.008490406534841686
2025-05-23,0.0074374425017983675,0.0021353918140089414,0.005723311728264295
2025-05-26,0.005540188588963905,0.003729253027498808,0.0023197360993792845
2025-05-27,-0.0028869900731799403,-0.007933688404985062,-0.006053311646938753
2025-05-28,-0.0043070894401811876,-0.002319364297499987,-0.0033168452813782225
2025-05-29,0.006484562876233341,0.005421645829157535,0.007270203048242085
2025-05-30,-0.008683629386677787,-0.014391283912223534,-0.014124181113376603
2025-06-02,0.0016900750636426021,0.012475909311645522,0.0057585508500859455
2025-06-03,-0.0054199767705391,-0.012430632975746207,-0.010279740762185722
2025-06-04,0.0018645618838652722,0.0038797277368139743,0.004548517754403758
2025-06-05,0.004575435581494794,0.005457836738967282,0.004160132100632007
2025-06-06,0.014003663228378567,0.009232644616491217,0.005984550930898063
2025-06-09,0.010701289480336556,0.008574535945660709,0.005077641633839773
2025-06-10,0.0020596965778518356,0.034564613352264614,0.019704835315958017
2025-06-11,0.0006213785016666566,-0.010949888561854824,-0.007009483390123803
2025-06-12,-0.012986138312048527,-0.026356282173493104,-0.02319464431893773
2025-06-13,-0.004371904529464965,0.0015421076553561823,-0.0010358505674917732
2025-06-16,0.009632937034464755,-0.003191188898734703,0.0025812075178148763
2025-06-17,-0.006615382702919717,-0.00839647922514661,-0.008931551250997823
2025-06-18,-0.0027820014113072297,-0.009554875752976803,-0.0076117905848230305
2025-06-19,-0.008199486031504489,-0.019318003538663104,-0.015148169701775937
2025-06-20,0.011269021918439818,-0.003032073038027542,0.001969299773665132
2025-06-23,0.0010207495784105146,0.008965081612711026,0.0060516293395648305
2025-06-24,0.006095519753087678,0.015068823180963515,0.0139598200216838
2025-06-25,0.008047048455701547,0.01677488376651407,0.015225117251268364
2025-06-26,0.008639489271618216,0.03065754893426417,0.02692010881427299
2025-06-27,0.0022474305329431244,0.00670394858287646,0.006082209038798641
2025-06-30,0.0013698007297489345,0.0012554825777907285,-0.0009189733239477311
2025-07-01,-0.0017379649722482344,0.0014675474163280081,-0.002128259946292345
2025-07-02,-0.00042767567522370245,0.010540663280641056,0.01644147940800216
2025-07-03,-0.0008431624316490536,-0.0031670162308708202,-0.0016397824498288272
2025-07-04,-0.0018836624596244756,-0.004709691300507614,-0.00656945259118098
2025-07-07,2.6632683429688152e-06,0.012149067288648178,0.006978936573358251
2025-07-08,0.0001996770946772889,-0.0006647023484256141,-0.0023159106909716055
2025-07-09,-0.0025142867497419284,-0.0025246803772079386,-0.006521026281769083
2025-07-10,-0.002975004403256482,0.0031344740604205513,0.0028432125854289
2025-07-11,-0.007882092865360995,-0.004343664630993408,-0.004427663564602001
2025-07-14,0.003270618230698697,0.009186400880091865,0.0071144961010381645
2025-07-15,0.007044448410807926,9.394154856527388e-05,-0.0003237523075676062
2025-07-16,0.000123250871078451,-0.005209984453852459,-0.004419683591026028
2025-07-17,0.0008593549464731955,-0.00010171313108235186,0.004946846600459239
2025-07-18,-0.004285540126344513,-0.0022779806893240833,0.003019994120645155
2025-07-21,0.005156945461902652,0.0032735876959293086,0.0032484904321078223
2025-07-22,-0.004666620539174201,-0.005317019006261329,-0.0036886366079188155
2025-07-23,0.0024145138891171584,0.0009222590565120054,0.0013995456264716969
2025-07-24,-0.00892635896906223,-0.0010020569437388977,-0.002962164878790188
2025-07-25,-0.011962378850420457,-0.019588434427682013,-0.016646166284378944
2025-07-28,-0.006135690432992567,-0.0024703439102411865,-0.006220008389500643
2025-07-29,0.008902740843455355,0.025539728256410085,0.018209115956258206
2025-07-30,0.0008511504537169726,-0.004394486766323978,-0.0033194005369685175
2025-07-31,-0.006128575249149927,-0.0033462878451620175,-0.006166147057911312
2025-08-01,-0.012187881066550416,-0.02666442497174108,-0.022659983094555924
2025-08-04,0.010643701763030426,0.026978102968083166,0.0273475843627262
2025-08-05,1.8181541689968672e-05,-0.003570242199363294,-0.0019480385229828589
2025-08-06,-0.007846236742310334,-0.01580982361946283,-0.012764962820570106
2025-08-07,0.002684321754078283,0.017839147314678398,0.013828953660148828
2025-08-08,-0.010819946979440057,-0.002815780049512104,-0.005335396452491063
2025-08-11,0.008430572402959635,0.022390375290319117,0.01617657394786376
2025-08-12,-0.00010077598297078304,0.0010431150995301361,0.003048334437616325
2025-08-13,0.005056915965985545,-0.0031487485993735046,-0.0003767379422693251
2025-08-14,-0.005390150988152661,-0.010646204117671969,-0.01597168462263925
2025-08-18,0.015668852488703755,0.021661661812246623,0.021981182382590586
2025-08-19,0.006363874406682358,0.011290254868989975,0.010768882333498013
2025-08-20,0.004427256913805464,0.0014554883764098078,0.008589708613856196
2025-08-21,-6.406756296012271e-05,-0.007395388218846514,-0.006859407710240002
2025-08-22,-0.005363501088438593,-0.008731238591351354,-0.012125401278980423
2025-08-25,0.003202177135440956,0.008895978572235575,0.00490108230187192
2025-08-26,-0.013330867454965468,-0.018770781599084886,-0.017861448543827815
2025-08-28,-0.009229112259906903,0.00031265522645020256,-0.0025157188592113706
2025-08-29,-0.0015928722564586752,0.006559709763755055,0.004787000666585838
2025-09-01,0.015327865275947518,0.011166015606899666,0.011727071013942008
2025-09-02,0.0022713420632845456,0.006315076913307456,0.00984675389986709
2025-09-03,0.007007983097798881,0.017530582611182458,0.027314036138144603
2025-09-04,-0.00242323318751175,-0.0022218062162831734,-0.0020661711011181073
2025-09-05,-0.0008497463325400716,0.0015596313993976865,0.0018801111101903333
2025-09-08,0.0034892864957646393,0.02253252886466956,0.012904394679978351
2025-09-09,0.002000179567900941,0.011364689501885876,0.008626737018336187
2025-09-10,0.003941060736038292,-0.0046753849127049675,-2.951930319407465e-05
2025-09-11,0.0021617044132504503,-0.009076013347525788,-0.005114077100090451
2025-09-12,0.0026913557332104987,0.023088661767906467,0.013916114316470402
2025-09-15,0.0002669776199896566,-0.003490526706850958,-0.0027935932079183215
2025-09-16,0.006931101223540484,-0.005089840368485636,0.00016692887951621463
2025-09-17,0.0018153562586618454,-0.0076547110882773505,-0.005717811779464616
2025-09-18,0.0031816081703885885,0.0026640425002655258,0.003326761578179967
2025-09-19,0.0020764102780174475,0.06847362671174637,0.03660921907194052
2025-09-22,0.0016403584557370162,0.12378948692837821,0.07371709707768005
2025-09-23,-0.003589176998342016,-0.028811166393852883,-0.016437273785442286
2025-09-24,-0.010811777997019307,-0.07186478744030496,-0.044775288036885096
2025-09-25,-0.007442920225766773,0.01625399707237631,0.007960364890133048
2025-09-26,-0.013715046702135195,-0.0192546789668575,-0.020563524726621457
2025-09-29,0.004814049531303971,0.008926526411698011,0.009408206047392518
2025-09-30,-0.00022927086320778268,-0.008831946657850137,-0.005666681774253777
2025-10-01,0.007899613672962874,0.03563632669299991,0.021395726917376495
2025-10-03,0.0028741637164295107,-0.01610074933596265,0.0012695327497154842
2025-10-06,0.007523336533655892,0.027182170576901962,0.013903869312402192
2025-10-07,-0.0002035259741797549,-0.0025142524366941837,-2.095797194478393e-05
2025-10-08,-0.006396269424235876,-0.008382460439141839,-0.0025691937217491513
2025-10-09,0.007657298237243268,0.007720421344723056,0.013418695729352125
2025-10-10,0.002583153353676297,-0.00040850187191207414,-0.004119030201352002
2025-10-13,-0.0009541085194806561,0.0231455902279892,0.011783761249378733
2025-10-14,-0.005053423375696548,-0.0032072553644586933,-0.007902167030829655
2025-10-15,0.013218051718159223,0.015869151061417657,0.017695002396877373
2025-10-16,0.007991732973011893,0.003186120751864688,0.00813518348736102
2025-10-17,0.0015529287612708377,0.031026719183338915,0.0142754189874683
2025-10-20,0.004544342538403482,0.01720128373840969,0.009054409368526571
2025-10-21,0.0008850821039266252,0.003353980374963485,0.0036376915320316854
2025-10-23,-0.0024653823972847428,-0.026209916138718876,-0.01583531028247438
2025-10-24,-0.0014627273599206684,0.008383831752873149,0.005206538003820055
2025-10-27,0.00725660239000487,-0.013781238183077357,-0.0029909055454790706
2025-10-28,-0.003562355357022479,0.0031089615189475563,0.009554371741979631
2025-10-29,0.008289376293542618,0.0024517711885289036,0.007027562545368933
2025-10-30,-0.001125802618516721,-0.000317004551760618,-0.0015338036083202816
2025-10-31,-0.00648351603881573,-0.022931589220140786,-0.01658769715949393
2025-11-03,0.005119282575354061,-0.003679366086183897,-0.0022702644518420327
2025-11-04,-0.005663660537162809,0.0012959239727014886,-0.005739204159681099
2025-11-06,-0.009539461003603186,-0.023985392541372656,-0.01668662634419838
2025-11-07,2.8817832171423187e-05,-0.0010602492492160789,0.00673703841507697
2025-11-10,0.0012633973058522045,-0.0095563865218799,-0.006268890261785789
2025-11-11,0.004879257041434288,0.0033913280062795948,0.001172471083267312
2025-11-12,0.003458839512931056,-0.0015371314879899694,-0.005042748476251382
2025-11-13,0.0008171937748251123,-0.005155818772137523,-0.007242462582852486
2025-11-14,-0.0019175704091509444,0.003463753319586451,-0.0034434361177212735
2025-11-17,0.0054316993960150306,-0.002879120693416884,-0.003219148824853506
2025-11-18,-0.007375067315814034,-0.01858896761192552,-0.012518070870976903
2025-11-19,0.003696479443435011,0.009170259934961778,0.007175512379622257
2025-11-20,0.0015504573899445104,0.0003984766599840689,-0.00042324174667879576
2025-11-21,-0.008203882137341275,-0.016679472454577234,-0.017404201263127757
2025-11-24,-0.006824078841017657,-0.01867874715418929,-0.01567245904934475
2025-11-25,0.0015226761678644592,0.006618037122817381,0.004647270512860408
2025-11-26,0.013423563673796022,0.013771342774117751,0.015323804736445117
2025-11-27,-0.0006984703700462266,-0.00577572352544747,-0.00733981630291295
2025-11-28,-0.0012449567295805427,-0.003537522550183756,-0.002831662725565783
2025-12-01,-0.0007408688450562753,-0.002045770703145225,-0.000706482193690426
2025-12-02,-0.001917838866708185,-0.001841819214274426,-0.0020712520246642155
2025-12-03,-0.006876548006691114,-0.011865403102875954,-0.010368035720941323
2025-12-04,0.0019446334534537733,-0.011289142037607907,-0.006768468127731571
2025-12-05,0.00441143660520466,0.00513668098496241,0.0037568526869108353
2025-12-08,-0.017317850203320644,-0.03022934375626,-0.02717679352400567
2025-12-09,0.00045069553538926003,0.009509219470676126,7.48897721915856e-06
2025-12-10,-0.003338981812913739,-0.0028607497449852953,0.0001837141346085799
2025-12-11,0.006909683612880844,0.0029394320414996124,0.01009321526006117
2025-12-12,0.009798883267730832,0.027579029050664654,0.028045010179067825
2025-12-15,-0.00011991186779778289,0.00019425727249103904,0.002118556200648629
2025-12-16,-0.005416564999257163,0.001279883459094514,-0.004812935439444854
2025-12-17,-0.004521400263107332,-0.010274781504606577,-0.005282006101316205
2025-12-18,-0.0017069191110689736,-0.010721439829380366,-0.010073249730515235
2025-12-19,0.006641571607345717,0.006939976559326974,0.007092553358070327
2025-12-22,0.008502918482880888,0.01120738253385054,0.009343047406763979
2025-12-23,0.001386592783918084,0.004514505192558689,0.0046829273245922835
2025-12-24,-0.0030578830396536406,-0.005564292664380051,-0.004090280984158563
2025-12-26,-0.0028608255550707684,-0.0048583792895652775,-0.003136625064126214
2025-12-29,-0.004442839138512864,-0.006504273803154433,0.0020234284814739582
2025-12-30,0.0013348582263714292,0.02148312245902427,0.01676416978256687
2025-12-31,0.011117573881509888,-0.0009034492330701837,0.008713575121292193
2026-01-01,0.005514416455395362,0.02954833491845603,0.019924330657068827
2026-01-02,0.009741093699400682,0.00020932875563695833,0.0014258592527558198
2026-01-05,-0.0003595159479940333,-0.0036906507735877557,0.005218843256211875
2026-01-06,-9.26451510947334e-05,0.010747708291539912,0.008961816895445266
2026-01-07,0.0006569655510286936,-0.008310354196983817,-0.008952532892867219
2026-01-08,-0.019459097369105907,-0.022390951528634035,-0.020218424248342953
2026-01-09,-0.006988109655427149,-0.009516873118574496,-0.009510975407607538
2026-01-12,0.0006449613097904588,0.00825676686545964,0.01277097593209505
2026-01-13,-0.000482718110094401,0.005278083382945177,0.003267187672770989
2026-01-14,0.000775454981986739,0.004867678851452124,0.012542126202492595
2026-01-16,-0.0007204739905444216,-0.003478206605142482,-0.0037215938030466314
2026-01-19,-0.003289088739892334,-0.00937304740105315,-0.0052877390335396
2026-01-20,-0.023104793578647163,-0.024700442917542597,-0.024704684450124054
2026-01-21,-0.0020028783441966183,-0.0007330285709551047,-0.0008392152124915868
2026-01-22,0.006968544617246688,0.020366016302086978,0.020280910297603344
2026-01-23,-0.015545329344119296,-0.03599004300457345,-0.022571162047485896
2026-01-27,0.008095479998076487,0.011918679282664012,0.014371872198693476
2026-01-28,0.013443724254676702,0.004075437511561206,0.004540372256768991
2026-01-29,0.0031371002466433376,0.005027762916314535,0.015472527531779457
2026-01-30,-0.0037474918997457544,-0.0010922066453767328,-0.011057667793536306
2026-02-01,-0.017642929327365588,-0.02489663534777579,-0.030753697829320005
2026-02-02,0.01058724974932209,0.013408687384690336,0.014758919363056506
2026-02-03,0.027884042558511842,0.04909032524989182,0.03499425916532545
2026-02-04,0.009574104612964249,0.05134058138753238,0.031004211646678218
2026-02-05,-0.0007314350589731924,-0.005216380626819399,0.0005843471424007071
2026-02-06,-0.0003270101792929653,-0.0038403992674875863,-0.0032772874428963843
2026-02-09,0.008532483277735243,0.004671984228611523,0.011782617286333525
2026-02-10,0.0027734778383122246,-0.002343770623849182,0.008809771377659852
2026-02-11,0.0030387308759331788,0.010828351440815884,0.006614857648525922
2026-02-12,-0.004842319238449752,-0.0025315222059898793,2.0929003547601092e-05
2026-02-13,-0.01688418856266211,-0.047360744734696855,-0.035204628649827194
2026-02-16,0.008386300365598438,0.015133344145972605,0.012573782967688402
2026-02-17,0.0018773627140671017,0.0020912845325808337,-0.003924272074331643
2026-02-18,0.002749727516573458,0.008855787616640137,0.015507343961740309
2026-02-19,-0.01579050219453825,-0.022519527689510863,-0.019608878691386073
2026-02-20,0.00581739838135055,0.015434468255566706,0.014787558155595633
2026-02-23,0.003411967385025169,0.005887086393167085,0.00429268756395874
2026-02-24,-0.003502672119928803,0.0023030982100537673,0.0030698196406244204
2026-02-25,0.0076596083198315615,-0.007647133425812265,0.005164999433918302
2026-02-26,0.004023786323700435,0.008916823352122993,0.007630447842330846
2026-02-27,-0.010917393020700224,-0.012494381600607389,-0.014497926371494293
2026-03-02,-0.013572696899904337,-0.012244065068185235,-0.009948671036921505
2026-03-04,-0.024135825506346402,-0.021098869813652166,-0.036717490863948474
2026-03-05,0.013434599889626553,0.0159438929044259,0.01565781677976759
2026-03-06,-0.007343465829207034,-0.011311188606377101,-0.01102706108407822
2026-03-09,-0.019124756691781777,-0.010730658662081345,-0.019630270088706187
2026-03-10,0.013334769948364267,0.00458050894870016,0.009509187507540434
2026-03-11,-0.011443861912357833,-0.00095960466045574,-0.0010451695090990434
